doc_id,rank,keyword,tfidf_score
15_9_19_A_1997_07_25.pdf,1,whipstock,0.49411
15_9_19_A_1997_07_25.pdf,2,associated,0.483041
15_9_19_A_1997_07_25.pdf,3,bha tih,0.456644
15_9_19_A_1997_07_25.pdf,4,baker,0.38859
15_9_19_A_1997_07_25.pdf,5,tih,0.373477
15_9_19_A_1997_07_25.pdf,6,bha,0.153349
15_9_19_A_1997_07_26.pdf,1,whipstock,0.314846
15_9_19_A_1997_07_26.pdf,2,window,0.228455
15_9_19_A_1997_07_26.pdf,3,milling,0.222807
15_9_19_A_1997_07_26.pdf,4,through window,0.204346
15_9_19_A_1997_07_26.pdf,5,pumped vis,0.17083
15_9_19_A_1997_07_26.pdf,6,vis pill,0.170019
15_9_19_A_1997_07_26.pdf,7,tih,0.167129
15_9_19_A_1997_07_26.pdf,8,associated,0.153371
15_9_19_A_1997_07_26.pdf,9,baker,0.152929
15_9_19_A_1997_07_26.pdf,10,vis,0.150331
15_9_19_A_1997_07_26.pdf,11,rotate string,0.150271
15_9_19_A_1997_07_26.pdf,12,now,0.150271
15_9_19_A_1997_07_26.pdf,13,milled,0.150271
15_9_19_A_1997_07_26.pdf,14,weight reamed,0.147498
15_9_19_A_1997_07_26.pdf,15,without,0.146726
15_9_19_A_1997_07_27.pdf,1,yellow pod,0.175146
15_9_19_A_1997_07_27.pdf,2,yellow,0.175146
15_9_19_A_1997_07_27.pdf,3,through window,0.173273
15_9_19_A_1997_07_27.pdf,4,freed,0.17132
15_9_19_A_1997_07_27.pdf,5,pod,0.166583
15_9_19_A_1997_07_27.pdf,6,milling,0.150942
15_9_19_A_1997_07_27.pdf,7,window,0.148502
15_9_19_A_1997_07_27.pdf,8,pooh milling,0.144584
15_9_19_A_1997_07_27.pdf,9,while pulling,0.141624
15_9_19_A_1997_07_27.pdf,10,checked pumped,0.138034
15_9_19_A_1997_07_27.pdf,11,past,0.134867
15_9_19_A_1997_07_27.pdf,12,tih,0.132461
15_9_19_A_1997_07_27.pdf,13,tested bops,0.130253
15_9_19_A_1997_07_27.pdf,14,pilot,0.124981
15_9_19_A_1997_07_27.pdf,15,damaged,0.113399
15_9_19_A_1997_07_28.pdf,1,milling,0.253033
15_9_19_A_1997_07_28.pdf,2,milling bha,0.24049
15_9_19_A_1997_07_28.pdf,3,bha tih,0.24049
15_9_19_A_1997_07_28.pdf,4,whipstock,0.237969
15_9_19_A_1997_07_28.pdf,5,flowchecked pumped,0.22373
15_9_19_A_1997_07_28.pdf,6,bridge plug,0.218991
15_9_19_A_1997_07_28.pdf,7,pooh milling,0.214692
15_9_19_A_1997_07_28.pdf,8,bridge,0.20465
15_9_19_A_1997_07_28.pdf,9,tih,0.196691
15_9_19_A_1997_07_28.pdf,10,through window,0.193411
15_9_19_A_1997_07_28.pdf,11,plug set,0.178128
15_9_19_A_1997_07_28.pdf,12,plug pumped,0.165064
15_9_19_A_1997_07_28.pdf,13,decrease,0.165064
15_9_19_A_1997_07_28.pdf,14,window,0.164581
15_9_19_A_1997_07_28.pdf,15,milled,0.161727
15_9_19_A_1997_07_29.pdf,1,whipstock,0.437658
15_9_19_A_1997_07_29.pdf,2,window,0.274319
15_9_19_A_1997_07_29.pdf,3,milled,0.25891
15_9_19_A_1997_07_29.pdf,4,tih,0.232321
15_9_19_A_1997_07_29.pdf,5,rate approx,0.218082
15_9_19_A_1997_07_29.pdf,6,reverse,0.218082
15_9_19_A_1997_07_29.pdf,7,bar drilled,0.195434
15_9_19_A_1997_07_29.pdf,8,baker,0.171509
15_9_19_A_1997_07_29.pdf,9,anchor,0.170074
15_9_19_A_1997_07_29.pdf,10,plugged,0.166079
15_9_19_A_1997_07_29.pdf,11,drillstring,0.163639
15_9_19_A_1997_07_29.pdf,12,new formation,0.150005
15_9_19_A_1997_07_29.pdf,13,formation,0.149717
15_9_19_A_1997_07_29.pdf,14,rate,0.147976
15_9_19_A_1997_07_29.pdf,15,using,0.139932
15_9_19_A_1997_07_30.pdf,1,window,0.204469
15_9_19_A_1997_07_30.pdf,2,through window,0.19742
15_9_19_A_1997_07_30.pdf,3,tih,0.176563
15_9_19_A_1997_07_30.pdf,4,bha tih,0.17362
15_9_19_A_1997_07_30.pdf,5,milling bha,0.17362
15_9_19_A_1997_07_30.pdf,6,milling,0.161811
15_9_19_A_1997_07_30.pdf,7,whipstock,0.151568
15_9_19_A_1997_07_30.pdf,8,repaired same,0.148173
15_9_19_A_1997_07_30.pdf,9,above top,0.148173
15_9_19_A_1997_07_30.pdf,10,bar flushed,0.148173
15_9_19_A_1997_07_30.pdf,11,tool face,0.148173
15_9_19_A_1997_07_30.pdf,12,rotation circulation,0.148173
15_9_19_A_1997_07_30.pdf,13,drilline,0.148173
15_9_19_A_1997_07_30.pdf,14,flushed choke,0.142499
15_9_19_A_1997_07_30.pdf,15,finished,0.140137
15_9_19_A_1997_07_31.pdf,1,oriented drilled,0.512251
15_9_19_A_1997_07_31.pdf,2,drilled oriented,0.507696
15_9_19_A_1997_07_31.pdf,3,oriented,0.432085
15_9_19_A_1997_07_31.pdf,4,drilled,0.263044
15_9_19_A_1997_07_31.pdf,5,azimuth,0.24409
15_9_19_A_1997_07_31.pdf,6,circulated clean,0.236212
15_9_19_A_1997_07_31.pdf,7,turn,0.184498
15_9_19_A_1997_07_31.pdf,8,clean,0.162128
15_9_19_A_1997_07_31.pdf,9,circulated,0.139331
15_9_19_A_1997_07_31.pdf,10,problems,0.128419
15_9_19_A_1997_07_31.pdf,11,continue,0.111127
15_9_19_A_1997_08_01.pdf,1,directional,0.221874
15_9_19_A_1997_08_01.pdf,2,degrees,0.208553
15_9_19_A_1997_08_01.pdf,3,note,0.196904
15_9_19_A_1997_08_01.pdf,4,turn right,0.185545
15_9_19_A_1997_08_01.pdf,5,preparation,0.18162
15_9_19_A_1997_08_01.pdf,6,gyro,0.176795
15_9_19_A_1997_08_01.pdf,7,right,0.167992
15_9_19_A_1997_08_01.pdf,8,ako motor,0.167503
15_9_19_A_1997_08_01.pdf,9,gyro survey,0.163475
15_9_19_A_1997_08_01.pdf,10,trying,0.16177
15_9_19_A_1997_08_01.pdf,11,insert,0.161545
15_9_19_A_1997_08_01.pdf,12,azimuth,0.153127
15_9_19_A_1997_08_01.pdf,13,pass through,0.149697
15_9_19_A_1997_08_01.pdf,14,memory mwd,0.149697
15_9_19_A_1997_08_01.pdf,15,toh,0.149697
15_9_19_A_1997_08_02.pdf,1,window,0.150673
15_9_19_A_1997_08_02.pdf,2,would,0.13911
15_9_19_A_1997_08_02.pdf,3,packed off,0.132474
15_9_19_A_1997_08_02.pdf,4,entry sub,0.122763
15_9_19_A_1997_08_02.pdf,5,gyro,0.122207
15_9_19_A_1997_08_02.pdf,6,packed,0.120806
15_9_19_A_1997_08_02.pdf,7,lost,0.119768
15_9_19_A_1997_08_02.pdf,8,drillstring,0.118118
15_9_19_A_1997_08_02.pdf,9,entry,0.116467
15_9_19_A_1997_08_02.pdf,10,side entry,0.116467
15_9_19_A_1997_08_02.pdf,11,drilled sliding,0.114579
15_9_19_A_1997_08_02.pdf,12,max weight,0.114579
15_9_19_A_1997_08_02.pdf,13,then,0.113445
15_9_19_A_1997_08_02.pdf,14,worked string,0.112055
15_9_19_A_1997_08_02.pdf,15,finally,0.111691
15_9_19_A_1997_08_03.pdf,1,through window,0.172284
15_9_19_A_1997_08_03.pdf,2,continued tih,0.172284
15_9_19_A_1997_08_03.pdf,3,tih,0.16669
15_9_19_A_1997_08_03.pdf,4,bar tested,0.163466
15_9_19_A_1997_08_03.pdf,5,window,0.142215
15_9_19_A_1997_08_03.pdf,6,completed pooh,0.140816
15_9_19_A_1997_08_03.pdf,7,cavings,0.129509
15_9_19_A_1997_08_03.pdf,8,test tool,0.126407
15_9_19_A_1997_08_03.pdf,9,pod,0.116321
15_9_19_A_1997_08_03.pdf,10,control room,0.115984
15_9_19_A_1997_08_03.pdf,11,tendency,0.110527
15_9_19_A_1997_08_03.pdf,12,lpm after,0.110527
15_9_19_A_1997_08_03.pdf,13,excessive amount,0.110527
15_9_19_A_1997_08_03.pdf,14,tool wellhead,0.110527
15_9_19_A_1997_08_03.pdf,15,without pumping,0.110527
15_9_19_A_1997_08_04.pdf,1,through window,0.276241
15_9_19_A_1997_08_04.pdf,2,window,0.241851
15_9_19_A_1997_08_04.pdf,3,rotation circulation,0.207332
15_9_19_A_1997_08_04.pdf,4,unusual,0.207332
15_9_19_A_1997_08_04.pdf,5,oriented,0.207252
15_9_19_A_1997_08_04.pdf,6,stand drilled,0.203141
15_9_19_A_1997_08_04.pdf,7,drilled oriented,0.195847
15_9_19_A_1997_08_04.pdf,8,motor mwd,0.192906
15_9_19_A_1997_08_04.pdf,9,amount cuttings,0.187421
15_9_19_A_1997_08_04.pdf,10,mwd rih,0.18267
15_9_19_A_1997_08_04.pdf,11,insert,0.180513
15_9_19_A_1997_08_04.pdf,12,toolface,0.176556
15_9_19_A_1997_08_04.pdf,13,amount,0.168244
15_9_19_A_1997_08_04.pdf,14,last stand,0.165396
15_9_19_A_1997_08_04.pdf,15,slick,0.162759
15_9_19_A_1997_08_05.pdf,1,short,0.23737
15_9_19_A_1997_08_05.pdf,2,boosted,0.191668
15_9_19_A_1997_08_05.pdf,3,boosted riser,0.191668
15_9_19_A_1997_08_05.pdf,4,bha change,0.186094
15_9_19_A_1997_08_05.pdf,5,bit bha,0.178435
15_9_19_A_1997_08_05.pdf,6,oriented drilled,0.165065
15_9_19_A_1997_08_05.pdf,7,excessive amount,0.161368
15_9_19_A_1997_08_05.pdf,8,window,0.160896
15_9_19_A_1997_08_05.pdf,9,casing window,0.158106
15_9_19_A_1997_08_05.pdf,10,corrected,0.158106
15_9_19_A_1997_08_05.pdf,11,down last,0.152549
15_9_19_A_1997_08_05.pdf,12,pdc bit,0.152549
15_9_19_A_1997_08_05.pdf,13,pdc,0.15014
15_9_19_A_1997_08_05.pdf,14,oriented,0.147511
15_9_19_A_1997_08_05.pdf,15,amount cuttings,0.145871
15_9_19_A_1997_08_06.pdf,1,tih,0.25354
15_9_19_A_1997_08_06.pdf,2,scrs,0.232668
15_9_19_A_1997_08_06.pdf,3,circulating bottoms,0.227965
15_9_19_A_1997_08_06.pdf,4,casing window,0.227965
15_9_19_A_1997_08_06.pdf,5,corrected,0.227965
15_9_19_A_1997_08_06.pdf,6,hrs drilled,0.227965
15_9_19_A_1997_08_06.pdf,7,continued tih,0.219953
15_9_19_A_1997_08_06.pdf,8,completed,0.199771
15_9_19_A_1997_08_06.pdf,9,gas,0.187503
15_9_19_A_1997_08_06.pdf,10,last stand,0.185608
15_9_19_A_1997_08_06.pdf,11,decreased,0.178585
15_9_19_A_1997_08_06.pdf,12,drillstring,0.178585
15_9_19_A_1997_08_06.pdf,13,right,0.169419
15_9_19_A_1997_08_06.pdf,14,window,0.164602
15_9_19_A_1997_08_06.pdf,15,deg,0.164602
15_9_19_A_1997_08_07.pdf,1,until shakers,0.240215
15_9_19_A_1997_08_07.pdf,2,shakers cleaned,0.236421
15_9_19_A_1997_08_07.pdf,3,drilled drilled,0.23293
15_9_19_A_1997_08_07.pdf,4,circulated until,0.216383
15_9_19_A_1997_08_07.pdf,5,because,0.216383
15_9_19_A_1997_08_07.pdf,6,boosted riser,0.214146
15_9_19_A_1997_08_07.pdf,7,boosted,0.214146
15_9_19_A_1997_08_07.pdf,8,amount,0.206196
15_9_19_A_1997_08_07.pdf,9,increase,0.191195
15_9_19_A_1997_08_07.pdf,10,shakers,0.181103
15_9_19_A_1997_08_07.pdf,11,excessive amount,0.180292
15_9_19_A_1997_08_07.pdf,12,returns circulated,0.176648
15_9_19_A_1997_08_07.pdf,13,flushed choke,0.173388
15_9_19_A_1997_08_07.pdf,14,cavings,0.17044
15_9_19_A_1997_08_07.pdf,15,drag,0.16552
15_9_19_A_1997_08_08.pdf,1,stabilizers,0.235827
15_9_19_A_1997_08_08.pdf,2,boosted,0.202845
15_9_19_A_1997_08_08.pdf,3,boosted riser,0.202845
15_9_19_A_1997_08_08.pdf,4,circ btm,0.170778
15_9_19_A_1997_08_08.pdf,5,excessive amount,0.170778
15_9_19_A_1997_08_08.pdf,6,size,0.167326
15_9_19_A_1997_08_08.pdf,7,until shakers,0.161445
15_9_19_A_1997_08_08.pdf,8,cavings,0.161445
15_9_19_A_1997_08_08.pdf,9,shakers cleaned,0.158895
15_9_19_A_1997_08_08.pdf,10,circ,0.157536
15_9_19_A_1997_08_08.pdf,11,target,0.154377
15_9_19_A_1997_08_08.pdf,12,hanging,0.150464
15_9_19_A_1997_08_08.pdf,13,preparation,0.147012
15_9_19_A_1997_08_08.pdf,14,stalling,0.147012
15_9_19_A_1997_08_08.pdf,15,large,0.147012
15_9_19_A_1997_08_09.pdf,1,signals,0.212641
15_9_19_A_1997_08_09.pdf,2,btm,0.159097
15_9_19_A_1997_08_09.pdf,3,mwd,0.158248
15_9_19_A_1997_08_09.pdf,4,continue rih,0.155838
15_9_19_A_1997_08_09.pdf,5,slip cut,0.149942
15_9_19_A_1997_08_09.pdf,6,got,0.14952
15_9_19_A_1997_08_09.pdf,7,new mwd,0.14545
15_9_19_A_1997_08_09.pdf,8,cut line,0.143116
15_9_19_A_1997_08_09.pdf,9,down mwd,0.138607
15_9_19_A_1997_08_09.pdf,10,tool face,0.138607
15_9_19_A_1997_08_09.pdf,11,ako degr,0.138607
15_9_19_A_1997_08_09.pdf,12,circ btm,0.138607
15_9_19_A_1997_08_09.pdf,13,oriented,0.138553
15_9_19_A_1997_08_09.pdf,14,window,0.138202
15_9_19_A_1997_08_09.pdf,15,oriented mode,0.135805
15_9_19_A_1997_08_10.pdf,1,csg window,0.262775
15_9_19_A_1997_08_10.pdf,2,samples,0.251354
15_9_19_A_1997_08_10.pdf,3,tool face,0.211618
15_9_19_A_1997_08_10.pdf,4,break circ,0.211618
15_9_19_A_1997_08_10.pdf,5,window,0.210999
15_9_19_A_1997_08_10.pdf,6,current continued,0.207341
15_9_19_A_1997_08_10.pdf,7,fill,0.200518
15_9_19_A_1997_08_10.pdf,8,obstructions,0.196894
15_9_19_A_1997_08_10.pdf,9,face,0.196894
15_9_19_A_1997_08_10.pdf,10,circ,0.19521
15_9_19_A_1997_08_10.pdf,11,enter,0.193987
15_9_19_A_1997_08_10.pdf,12,new bit,0.186447
15_9_19_A_1997_08_10.pdf,13,current,0.180206
15_9_19_A_1997_08_10.pdf,14,bit rih,0.178343
15_9_19_A_1997_08_10.pdf,15,check,0.171606
15_9_19_A_1997_08_11.pdf,1,geological samples,0.321289
15_9_19_A_1997_08_11.pdf,2,geological,0.321289
15_9_19_A_1997_08_11.pdf,3,boosted,0.283103
15_9_19_A_1997_08_11.pdf,4,boosted riser,0.283103
15_9_19_A_1997_08_11.pdf,5,samples,0.241986
15_9_19_A_1997_08_11.pdf,6,circ,0.230268
15_9_19_A_1997_08_11.pdf,7,circ clean,0.206757
15_9_19_A_1997_08_11.pdf,8,break circ,0.203731
15_9_19_A_1997_08_11.pdf,9,break,0.202028
15_9_19_A_1997_08_11.pdf,10,constant,0.199613
15_9_19_A_1997_08_11.pdf,11,sample,0.179498
15_9_19_A_1997_08_11.pdf,12,condition,0.149256
15_9_19_A_1997_08_11.pdf,13,spot,0.141825
15_9_19_A_1997_08_11.pdf,14,used,0.141089
15_9_19_A_1997_08_11.pdf,15,riser,0.139617
15_9_19_A_1997_08_12.pdf,1,below bop,0.208642
15_9_19_A_1997_08_12.pdf,2,bha below,0.208642
15_9_19_A_1997_08_12.pdf,3,yellow,0.170189
15_9_19_A_1997_08_12.pdf,4,yellow pod,0.170189
15_9_19_A_1997_08_12.pdf,5,geological samples,0.161936
15_9_19_A_1997_08_12.pdf,6,geological,0.161936
15_9_19_A_1997_08_12.pdf,7,pod,0.152309
15_9_19_A_1997_08_12.pdf,8,coring,0.151173
15_9_19_A_1997_08_12.pdf,9,circ,0.150715
15_9_19_A_1997_08_12.pdf,10,ako degr,0.144722
15_9_19_A_1997_08_12.pdf,11,break circ,0.144722
15_9_19_A_1997_08_12.pdf,12,memory mwd,0.144722
15_9_19_A_1997_08_12.pdf,13,btm,0.14199
15_9_19_A_1997_08_12.pdf,14,dump,0.141797
15_9_19_A_1997_08_12.pdf,15,downloaded,0.13918
15_9_19_A_1997_08_13.pdf,1,wash ream,0.207133
15_9_19_A_1997_08_13.pdf,2,coring,0.194616
15_9_19_A_1997_08_13.pdf,3,away,0.193399
15_9_19_A_1997_08_13.pdf,4,corebarrel,0.176096
15_9_19_A_1997_08_13.pdf,5,cont rih,0.173588
15_9_19_A_1997_08_13.pdf,6,ream,0.171856
15_9_19_A_1997_08_13.pdf,7,btm,0.160757
15_9_19_A_1997_08_13.pdf,8,obstruction,0.156186
15_9_19_A_1997_08_13.pdf,9,reaming,0.147824
15_9_19_A_1997_08_13.pdf,10,take scr,0.143262
15_9_19_A_1997_08_13.pdf,11,content,0.143262
15_9_19_A_1997_08_13.pdf,12,correct,0.140422
15_9_19_A_1997_08_13.pdf,13,core,0.140422
15_9_19_A_1997_08_13.pdf,14,break circ,0.140053
15_9_19_A_1997_08_13.pdf,15,flo,0.140053
15_9_19_A_1997_08_14.pdf,1,core,0.213431
15_9_19_A_1997_08_14.pdf,2,cut core,0.177929
15_9_19_A_1997_08_14.pdf,3,csg window,0.170107
15_9_19_A_1997_08_14.pdf,4,core recovery,0.169797
15_9_19_A_1997_08_14.pdf,5,recovery,0.166365
15_9_19_A_1997_08_14.pdf,6,btm,0.157242
15_9_19_A_1997_08_14.pdf,7,corebarrel,0.15148
15_9_19_A_1997_08_14.pdf,8,coring,0.143098
15_9_19_A_1997_08_14.pdf,9,take scr,0.14013
15_9_19_A_1997_08_14.pdf,10,break circ,0.136991
15_9_19_A_1997_08_14.pdf,11,min stand,0.136991
15_9_19_A_1997_08_14.pdf,12,window,0.13659
15_9_19_A_1997_08_14.pdf,13,break,0.135846
15_9_19_A_1997_08_14.pdf,14,checked inside,0.134222
15_9_19_A_1997_08_14.pdf,15,bar press,0.134222
15_9_19_A_1997_08_15.pdf,1,corebarrel,0.200144
15_9_19_A_1997_08_15.pdf,2,core,0.18832
15_9_19_A_1997_08_15.pdf,3,coring,0.165092
15_9_19_A_1997_08_15.pdf,4,ppm,0.158293
15_9_19_A_1997_08_15.pdf,5,h2s,0.151363
15_9_19_A_1997_08_15.pdf,6,csg window,0.147526
15_9_19_A_1997_08_15.pdf,7,core recovery,0.147257
15_9_19_A_1997_08_15.pdf,8,recovery,0.144281
15_9_19_A_1997_08_15.pdf,9,cut core,0.141114
15_9_19_A_1997_08_15.pdf,10,held safety,0.141114
15_9_19_A_1997_08_15.pdf,11,gas,0.139823
15_9_19_A_1997_08_15.pdf,12,circ,0.138706
15_9_19_A_1997_08_15.pdf,13,rotate,0.131446
15_9_19_A_1997_08_15.pdf,14,current,0.125398
15_9_19_A_1997_08_15.pdf,15,gas max,0.121528
15_9_19_A_1997_08_16.pdf,1,core,0.208506
15_9_19_A_1997_08_16.pdf,2,ppm,0.198832
15_9_19_A_1997_08_16.pdf,3,declined,0.183898
15_9_19_A_1997_08_16.pdf,4,circ btm,0.179779
15_9_19_A_1997_08_16.pdf,5,corebarrel,0.175383
15_9_19_A_1997_08_16.pdf,6,max gas,0.163843
15_9_19_A_1997_08_16.pdf,7,csg window,0.158394
15_9_19_A_1997_08_16.pdf,8,core recovery,0.158105
15_9_19_A_1997_08_16.pdf,9,recovery,0.15491
15_9_19_A_1997_08_16.pdf,10,gas,0.153571
15_9_19_A_1997_08_16.pdf,11,coring,0.15151
15_9_19_A_1997_08_16.pdf,12,cut core,0.15151
15_9_19_A_1997_08_16.pdf,13,btm,0.146415
15_9_19_A_1997_08_16.pdf,14,circ,0.138862
15_9_19_A_1997_08_16.pdf,15,current,0.134636
15_9_19_A_1997_08_17.pdf,1,circulated btm,0.2124
15_9_19_A_1997_08_17.pdf,2,corebarrel,0.206909
15_9_19_A_1997_08_17.pdf,3,gas max,0.202786
15_9_19_A_1997_08_17.pdf,4,core,0.195183
15_9_19_A_1997_08_17.pdf,5,btm,0.170368
15_9_19_A_1997_08_17.pdf,6,pooh checked,0.168816
15_9_19_A_1997_08_17.pdf,7,coring,0.167071
15_9_19_A_1997_08_17.pdf,8,gas,0.156881
15_9_19_A_1997_08_17.pdf,9,max gas,0.154431
15_9_19_A_1997_08_17.pdf,10,declined,0.143883
15_9_19_A_1997_08_17.pdf,11,core recovery,0.14066
15_9_19_A_1997_08_17.pdf,12,present,0.14066
15_9_19_A_1997_08_17.pdf,13,h2s gas,0.14066
15_9_19_A_1997_08_17.pdf,14,current continued,0.137817
15_9_19_A_1997_08_17.pdf,15,recovery,0.137817
15_9_19_A_1997_08_18.pdf,1,corebarrel,0.223835
15_9_19_A_1997_08_18.pdf,2,core,0.206631
15_9_19_A_1997_08_18.pdf,3,recovered core,0.19888
15_9_19_A_1997_08_18.pdf,4,h2s gas,0.194425
15_9_19_A_1997_08_18.pdf,5,core recovery,0.194425
15_9_19_A_1997_08_18.pdf,6,recovery,0.190495
15_9_19_A_1997_08_18.pdf,7,h2s,0.175754
15_9_19_A_1997_08_18.pdf,8,csg window,0.171299
15_9_19_A_1997_08_18.pdf,9,gas,0.15386
15_9_19_A_1997_08_18.pdf,10,rih cut,0.148869
15_9_19_A_1997_08_18.pdf,11,over pull,0.145182
15_9_19_A_1997_08_18.pdf,12,cut core,0.1441
15_9_19_A_1997_08_18.pdf,13,gas max,0.141112
15_9_19_A_1997_08_18.pdf,14,weight indicator,0.141112
15_9_19_A_1997_08_18.pdf,15,declined,0.141112
15_9_19_A_1997_08_19.pdf,1,core,0.219362
15_9_19_A_1997_08_19.pdf,2,corebarrel,0.198767
15_9_19_A_1997_08_19.pdf,3,reamed tight,0.188438
15_9_19_A_1997_08_19.pdf,4,recovered core,0.161707
15_9_19_A_1997_08_19.pdf,5,core recovery,0.158084
15_9_19_A_1997_08_19.pdf,6,rih pumped,0.158084
15_9_19_A_1997_08_19.pdf,7,bop held,0.158084
15_9_19_A_1997_08_19.pdf,8,btm,0.1551
15_9_19_A_1997_08_19.pdf,9,recovery,0.154889
15_9_19_A_1997_08_19.pdf,10,ball seat,0.152031
15_9_19_A_1997_08_19.pdf,11,line continued,0.147085
15_9_19_A_1997_08_19.pdf,12,ball,0.145763
15_9_19_A_1997_08_19.pdf,13,seated,0.142903
15_9_19_A_1997_08_19.pdf,14,csg window,0.13928
15_9_19_A_1997_08_19.pdf,15,significant,0.137636
15_9_19_A_1997_08_20.pdf,1,uibop,0.260624
15_9_19_A_1997_08_20.pdf,2,actuator,0.16041
15_9_19_A_1997_08_20.pdf,3,corebarrel,0.148536
15_9_19_A_1997_08_20.pdf,4,pooh core,0.146692
15_9_19_A_1997_08_20.pdf,5,core recovery,0.146425
15_9_19_A_1997_08_20.pdf,6,core,0.146223
15_9_19_A_1997_08_20.pdf,7,pod,0.145452
15_9_19_A_1997_08_20.pdf,8,recovery,0.143465
15_9_19_A_1997_08_20.pdf,9,yellow pod,0.138923
15_9_19_A_1997_08_20.pdf,10,yellow,0.138923
15_9_19_A_1997_08_20.pdf,11,test plug,0.137803
15_9_19_A_1997_08_20.pdf,12,remote,0.123966
15_9_19_A_1997_08_20.pdf,13,gas max,0.120841
15_9_19_A_1997_08_20.pdf,14,recovered core,0.120841
15_9_19_A_1997_08_20.pdf,15,declined,0.120841
15_9_19_A_1997_08_21.pdf,1,uibop,0.323778
15_9_19_A_1997_08_21.pdf,2,new mwd,0.206341
15_9_19_A_1997_08_21.pdf,3,navidrill,0.201139
15_9_19_A_1997_08_21.pdf,4,ako degr,0.196633
15_9_19_A_1997_08_21.pdf,5,circulation each,0.192659
15_9_19_A_1997_08_21.pdf,6,current continued,0.192659
15_9_19_A_1997_08_21.pdf,7,washed rotated,0.189104
15_9_19_A_1997_08_21.pdf,8,performed check,0.189104
15_9_19_A_1997_08_21.pdf,9,whilst,0.185888
15_9_19_A_1997_08_21.pdf,10,made bit,0.182952
15_9_19_A_1997_08_21.pdf,11,ako,0.180251
15_9_19_A_1997_08_21.pdf,12,degr,0.175422
15_9_19_A_1997_08_21.pdf,13,shots,0.173244
15_9_19_A_1997_08_21.pdf,14,actuator,0.173244
15_9_19_A_1997_08_21.pdf,15,mwd,0.173016
15_9_19_A_1997_08_22.pdf,1,cuttings returns,0.219551
15_9_19_A_1997_08_22.pdf,2,memory mwd,0.214633
15_9_19_A_1997_08_22.pdf,3,drilled circulated,0.212223
15_9_19_A_1997_08_22.pdf,4,size,0.210295
15_9_19_A_1997_08_22.pdf,5,flowchecked pumped,0.206414
15_9_19_A_1997_08_22.pdf,6,mwd memory,0.206414
15_9_19_A_1997_08_22.pdf,7,cavings,0.202904
15_9_19_A_1997_08_22.pdf,8,amount cuttings,0.194021
15_9_19_A_1997_08_22.pdf,9,small,0.189103
15_9_19_A_1997_08_22.pdf,10,atlas,0.184234
15_9_19_A_1997_08_22.pdf,11,memory,0.182773
15_9_19_A_1997_08_22.pdf,12,dumped,0.182773
15_9_19_A_1997_08_22.pdf,13,logs,0.180884
15_9_19_A_1997_08_22.pdf,14,normal,0.174169
15_9_19_A_1997_08_22.pdf,15,amount,0.174169
15_9_19_A_1997_08_23.pdf,1,hdil,0.250174
15_9_19_A_1997_08_23.pdf,2,hdil mac,0.250174
15_9_19_A_1997_08_23.pdf,3,vsp,0.238622
15_9_19_A_1997_08_23.pdf,4,cht,0.236807
15_9_19_A_1997_08_23.pdf,5,stood,0.217921
15_9_19_A_1997_08_23.pdf,6,logs,0.213344
15_9_19_A_1997_08_23.pdf,7,mac,0.206529
15_9_19_A_1997_08_23.pdf,8,logged,0.184333
15_9_19_A_1997_08_23.pdf,9,attempted work,0.168021
15_9_19_A_1997_08_23.pdf,10,travelling block,0.164258
15_9_19_A_1997_08_23.pdf,11,rih tool,0.164258
15_9_19_A_1997_08_23.pdf,12,travelling,0.157968
15_9_19_A_1997_08_23.pdf,13,swivel,0.157968
15_9_19_A_1997_08_23.pdf,14,logging,0.156324
15_9_19_A_1997_08_23.pdf,15,finished,0.155349
15_9_19_A_1997_08_24.pdf,1,hdil mac,0.335692
15_9_19_A_1997_08_24.pdf,2,hdil,0.335692
15_9_19_A_1997_08_24.pdf,3,zdl,0.325973
15_9_19_A_1997_08_24.pdf,4,cht,0.317755
15_9_19_A_1997_08_24.pdf,5,mac,0.277128
15_9_19_A_1997_08_24.pdf,6,vsp,0.273687
15_9_19_A_1997_08_24.pdf,7,rih logging,0.215951
15_9_19_A_1997_08_24.pdf,8,experienced problems,0.202043
15_9_19_A_1997_08_24.pdf,9,began,0.19663
15_9_19_A_1997_08_24.pdf,10,finished,0.190627
15_9_19_A_1997_08_24.pdf,11,repairing,0.189734
15_9_19_A_1997_08_24.pdf,12,logs,0.185749
15_9_19_A_1997_08_24.pdf,13,logging tools,0.175826
15_9_19_A_1997_08_24.pdf,14,experienced,0.167972
15_9_19_A_1997_08_24.pdf,15,top drive,0.129711
15_9_19_A_1997_08_25.pdf,1,vsp,0.318051
15_9_19_A_1997_08_25.pdf,2,hdil mac,0.276792
15_9_19_A_1997_08_25.pdf,3,hdil,0.276792
15_9_19_A_1997_08_25.pdf,4,zdl,0.268778
15_9_19_A_1997_08_25.pdf,5,cht,0.262003
15_9_19_A_1997_08_25.pdf,6,continued logging,0.256134
15_9_19_A_1997_08_25.pdf,7,rih logging,0.250956
15_9_19_A_1997_08_25.pdf,8,logging,0.243763
15_9_19_A_1997_08_25.pdf,9,logged,0.231168
15_9_19_A_1997_08_25.pdf,10,mac,0.228504
15_9_19_A_1997_08_25.pdf,11,began,0.228504
15_9_19_A_1997_08_25.pdf,12,logs,0.215859
15_9_19_A_1997_08_25.pdf,13,continued running,0.215859
15_9_19_A_1997_08_25.pdf,14,signal,0.204327
15_9_19_A_1997_08_25.pdf,15,logging tools,0.204327
15_9_19_A_1997_08_26.pdf,1,hdil,0.250415
15_9_19_A_1997_08_26.pdf,2,hdil mac,0.250415
15_9_19_A_1997_08_26.pdf,3,zdl,0.243165
15_9_19_A_1997_08_26.pdf,4,continued logging,0.231725
15_9_19_A_1997_08_26.pdf,5,wet connector,0.219062
15_9_19_A_1997_08_26.pdf,6,aws,0.209472
15_9_19_A_1997_08_26.pdf,7,mac,0.206728
15_9_19_A_1997_08_26.pdf,8,logging tools,0.184856
15_9_19_A_1997_08_26.pdf,9,entry sub,0.184856
15_9_19_A_1997_08_26.pdf,10,entry,0.175375
15_9_19_A_1997_08_26.pdf,11,side entry,0.175375
15_9_19_A_1997_08_26.pdf,12,logging,0.172599
15_9_19_A_1997_08_26.pdf,13,threaded,0.168183
15_9_19_A_1997_08_26.pdf,14,cht,0.168183
15_9_19_A_1997_08_26.pdf,15,bad,0.164416
15_9_19_A_1997_08_27.pdf,1,rih logging,0.271816
15_9_19_A_1997_08_27.pdf,2,zdl,0.248838
15_9_19_A_1997_08_27.pdf,3,logging tools,0.244116
15_9_19_A_1997_08_27.pdf,4,cht,0.242565
15_9_19_A_1997_08_27.pdf,5,fmt,0.237131
15_9_19_A_1997_08_27.pdf,6,began,0.211551
15_9_19_A_1997_08_27.pdf,7,mac,0.211551
15_9_19_A_1997_08_27.pdf,8,drum,0.204132
15_9_19_A_1997_08_27.pdf,9,terminated,0.194157
15_9_19_A_1997_08_27.pdf,10,logging,0.189425
15_9_19_A_1997_08_27.pdf,11,tools,0.183731
15_9_19_A_1997_08_27.pdf,12,wire,0.168695
15_9_19_A_1997_08_27.pdf,13,resumed,0.161809
15_9_19_A_1997_08_27.pdf,14,meters,0.159057
15_9_19_A_1997_08_27.pdf,15,wet connector,0.159057
15_9_19_A_1997_08_28.pdf,1,rih logging,0.380367
15_9_19_A_1997_08_28.pdf,2,logging tools,0.309692
15_9_19_A_1997_08_28.pdf,3,logging,0.252966
15_9_19_A_1997_08_28.pdf,4,casing window,0.246803
15_9_19_A_1997_08_28.pdf,5,slow,0.230908
15_9_19_A_1997_08_28.pdf,6,logging tool,0.224722
15_9_19_A_1997_08_28.pdf,7,tools,0.217338
15_9_19_A_1997_08_28.pdf,8,action,0.216841
15_9_19_A_1997_08_28.pdf,9,meanwhile circulated,0.199314
15_9_19_A_1997_08_28.pdf,10,operations suspended,0.19064
15_9_19_A_1997_08_28.pdf,11,tool string,0.188096
15_9_19_A_1997_08_28.pdf,12,suspended due,0.184541
15_9_19_A_1997_08_28.pdf,13,window,0.178204
15_9_19_A_1997_08_28.pdf,14,continued rih,0.177257
15_9_19_A_1997_08_28.pdf,15,suspended,0.175353
15_9_19_A_1997_08_29.pdf,1,action,0.259801
15_9_19_A_1997_08_29.pdf,2,operations suspended,0.228409
15_9_19_A_1997_08_29.pdf,3,suspended due,0.221103
15_9_19_A_1997_08_29.pdf,4,suspended,0.210094
15_9_19_A_1997_08_29.pdf,5,rih logging,0.209808
15_9_19_A_1997_08_29.pdf,6,pull tested,0.209808
15_9_19_A_1997_08_29.pdf,7,wet connector,0.202434
15_9_19_A_1997_08_29.pdf,8,circulated condition,0.199236
15_9_19_A_1997_08_29.pdf,9,circulating lpm,0.193572
15_9_19_A_1997_08_29.pdf,10,operations,0.190208
15_9_19_A_1997_08_29.pdf,11,connector,0.183199
15_9_19_A_1997_08_29.pdf,12,sub rih,0.176963
15_9_19_A_1997_08_29.pdf,13,condition mud,0.172265
15_9_19_A_1997_08_29.pdf,14,entry sub,0.170824
15_9_19_A_1997_08_29.pdf,15,logging tools,0.170824
15_9_19_A_1997_08_30.pdf,1,pooh wireline,0.226145
15_9_19_A_1997_08_30.pdf,2,atlas,0.192178
15_9_19_A_1997_08_30.pdf,3,logging tools,0.187587
15_9_19_A_1997_08_30.pdf,4,entry sub,0.171546
15_9_19_A_1997_08_30.pdf,5,side entry,0.162748
15_9_19_A_1997_08_30.pdf,6,entry,0.162748
15_9_19_A_1997_08_30.pdf,7,reciprocation,0.16011
15_9_19_A_1997_08_30.pdf,8,sheared,0.159537
15_9_19_A_1997_08_30.pdf,9,free rotation,0.156074
15_9_19_A_1997_08_30.pdf,10,rope,0.156074
15_9_19_A_1997_08_30.pdf,11,logging,0.153227
15_9_19_A_1997_08_30.pdf,12,finished pooh,0.150865
15_9_19_A_1997_08_30.pdf,13,rih logging,0.149494
15_9_19_A_1997_08_30.pdf,14,atlas pooh,0.149494
15_9_19_A_1997_08_30.pdf,15,broke down,0.149494
15_9_19_A_1997_08_31.pdf,1,rih wiper,0.291079
15_9_19_A_1997_08_31.pdf,2,running casing,0.26311
15_9_19_A_1997_08_31.pdf,3,wiper trip,0.259506
15_9_19_A_1997_08_31.pdf,4,condition,0.243609
15_9_19_A_1997_08_31.pdf,5,condition mud,0.216686
15_9_19_A_1997_08_31.pdf,6,wiper,0.205041
15_9_19_A_1997_08_31.pdf,7,slipped line,0.191115
15_9_19_A_1997_08_31.pdf,8,cut slipped,0.191115
15_9_19_A_1997_08_31.pdf,9,casing cut,0.187252
15_9_19_A_1997_08_31.pdf,10,rih circulated,0.183796
15_9_19_A_1997_08_31.pdf,11,circulated condition,0.177817
15_9_19_A_1997_08_31.pdf,12,logging tool,0.170499
15_9_19_A_1997_08_31.pdf,13,bit bha,0.170499
15_9_19_A_1997_08_31.pdf,14,slipped,0.153745
15_9_19_A_1997_08_31.pdf,15,pooh casing,0.151221
15_9_19_A_1997_09_01.pdf,1,ran casing,0.243893
15_9_19_A_1997_09_01.pdf,2,weatherford,0.219961
15_9_19_A_1997_09_01.pdf,3,casing ran,0.200474
15_9_19_A_1997_09_01.pdf,4,wear,0.19307
15_9_19_A_1997_09_01.pdf,5,casing equipment,0.185453
15_9_19_A_1997_09_01.pdf,6,casing tong,0.176049
15_9_19_A_1997_09_01.pdf,7,retrieve wear,0.174356
15_9_19_A_1997_09_01.pdf,8,casing hanger,0.173443
15_9_19_A_1997_09_01.pdf,9,wear bushing,0.170984
15_9_19_A_1997_09_01.pdf,10,marks,0.168684
15_9_19_A_1997_09_01.pdf,11,rih retrieve,0.168684
15_9_19_A_1997_09_01.pdf,12,power,0.168655
15_9_19_A_1997_09_01.pdf,13,casing,0.167124
15_9_19_A_1997_09_01.pdf,14,type,0.166193
15_9_19_A_1997_09_01.pdf,15,retrieving tool,0.166193
15_9_19_A_1997_09_02.pdf,1,running casing,0.255227
15_9_19_A_1997_09_02.pdf,2,casing circulated,0.22514
15_9_19_A_1997_09_02.pdf,3,continued running,0.220199
15_9_19_A_1997_09_02.pdf,4,datum,0.189637
15_9_19_A_1997_09_02.pdf,5,circulated casing,0.185389
15_9_19_A_1997_09_02.pdf,6,mud losses,0.17829
15_9_19_A_1997_09_02.pdf,7,casing hwdp,0.17829
15_9_19_A_1997_09_02.pdf,8,running string,0.17829
15_9_19_A_1997_09_02.pdf,9,landed casing,0.17829
15_9_19_A_1997_09_02.pdf,10,mud returns,0.175257
15_9_19_A_1997_09_02.pdf,11,casing rih,0.172489
15_9_19_A_1997_09_02.pdf,12,lost mud,0.169943
15_9_19_A_1997_09_02.pdf,13,circulating lpm,0.167585
15_9_19_A_1997_09_02.pdf,14,casing,0.166913
15_9_19_A_1997_09_02.pdf,15,total mud,0.15959
15_9_19_A_1997_09_03.pdf,1,seal assembly,0.156129
15_9_19_A_1997_09_03.pdf,2,bottom plug,0.150073
15_9_19_A_1997_09_03.pdf,3,assembly running,0.137386
15_9_19_A_1997_09_03.pdf,4,set wear,0.130923
15_9_19_A_1997_09_03.pdf,5,hangoff,0.130923
15_9_19_A_1997_09_03.pdf,6,flush tool,0.124426
15_9_19_A_1997_09_03.pdf,7,plug bar,0.124292
15_9_19_A_1997_09_03.pdf,8,rih set,0.123219
15_9_19_A_1997_09_03.pdf,9,seal,0.120175
15_9_19_A_1997_09_03.pdf,10,success,0.115172
15_9_19_A_1997_09_03.pdf,11,failed,0.113281
15_9_19_A_1997_09_03.pdf,12,wear bushing,0.113057
15_9_19_A_1997_09_03.pdf,13,top plug,0.110337
15_9_19_A_1997_09_03.pdf,14,test seal,0.110337
15_9_19_A_1997_09_03.pdf,15,bumped,0.10924
15_9_19_A_1997_09_04.pdf,1,off tool,0.215601
15_9_19_A_1997_09_04.pdf,2,hang off,0.199717
15_9_19_A_1997_09_04.pdf,3,rams,0.19746
15_9_19_A_1997_09_04.pdf,4,strin,0.194978
15_9_19_A_1997_09_04.pdf,5,blind shear,0.194978
15_9_19_A_1997_09_04.pdf,6,hang,0.192789
15_9_19_A_1997_09_04.pdf,7,due ofs,0.182902
15_9_19_A_1997_09_04.pdf,8,strike,0.182902
15_9_19_A_1997_09_04.pdf,9,ofs strike,0.182902
15_9_19_A_1997_09_04.pdf,10,riser seawater,0.181411
15_9_19_A_1997_09_04.pdf,11,ofs,0.179293
15_9_19_A_1997_09_04.pdf,12,middle,0.178733
15_9_19_A_1997_09_04.pdf,13,shear rams,0.173945
15_9_19_A_1997_09_04.pdf,14,pooh landing,0.171786
15_9_19_A_1997_09_04.pdf,15,bar displaced,0.169757
15_9_19_A_1997_09_05.pdf,1,strike,0.345353
15_9_19_A_1997_09_05.pdf,2,ofs strike,0.345353
15_9_19_A_1997_09_05.pdf,3,due ofs,0.345353
15_9_19_A_1997_09_05.pdf,4,ofs,0.338539
15_9_19_A_1997_09_05.pdf,5,operations suspended,0.31582
15_9_19_A_1997_09_05.pdf,6,suspended due,0.305718
15_9_19_A_1997_09_05.pdf,7,suspended,0.290496
15_9_19_A_1997_09_05.pdf,8,strike operations,0.285884
15_9_19_A_1997_09_05.pdf,9,operations,0.263
15_9_19_A_1997_09_05.pdf,10,due,0.165521
15_9_19_A_1997_09_05.pdf,11,strike continue,0.134224
15_9_19_A_1997_09_05.pdf,12,waiting due,0.134224
15_9_19_A_1997_09_05.pdf,13,continue waiting,0.132348
15_9_19_A_1997_09_05.pdf,14,waiting,0.107313
15_9_19_A_1997_09_05.pdf,15,continue,0.081439
15_9_19_A_1997_09_06.pdf,1,strike,0.345353
15_9_19_A_1997_09_06.pdf,2,ofs strike,0.345353
15_9_19_A_1997_09_06.pdf,3,due ofs,0.345353
15_9_19_A_1997_09_06.pdf,4,ofs,0.338539
15_9_19_A_1997_09_06.pdf,5,operations suspended,0.31582
15_9_19_A_1997_09_06.pdf,6,suspended due,0.305718
15_9_19_A_1997_09_06.pdf,7,suspended,0.290496
15_9_19_A_1997_09_06.pdf,8,strike operations,0.285884
15_9_19_A_1997_09_06.pdf,9,operations,0.263
15_9_19_A_1997_09_06.pdf,10,due,0.165521
15_9_19_A_1997_09_06.pdf,11,strike continue,0.134224
15_9_19_A_1997_09_06.pdf,12,waiting due,0.134224
15_9_19_A_1997_09_06.pdf,13,continue waiting,0.132348
15_9_19_A_1997_09_06.pdf,14,waiting,0.107313
15_9_19_A_1997_09_06.pdf,15,continue,0.081439
15_9_19_A_1997_09_07.pdf,1,strike,0.345353
15_9_19_A_1997_09_07.pdf,2,ofs strike,0.345353
15_9_19_A_1997_09_07.pdf,3,due ofs,0.345353
15_9_19_A_1997_09_07.pdf,4,ofs,0.338539
15_9_19_A_1997_09_07.pdf,5,operations suspended,0.31582
15_9_19_A_1997_09_07.pdf,6,suspended due,0.305718
15_9_19_A_1997_09_07.pdf,7,suspended,0.290496
15_9_19_A_1997_09_07.pdf,8,strike operations,0.285884
15_9_19_A_1997_09_07.pdf,9,operations,0.263
15_9_19_A_1997_09_07.pdf,10,due,0.165521
15_9_19_A_1997_09_07.pdf,11,strike continue,0.134224
15_9_19_A_1997_09_07.pdf,12,waiting due,0.134224
15_9_19_A_1997_09_07.pdf,13,continue waiting,0.132348
15_9_19_A_1997_09_07.pdf,14,waiting,0.107313
15_9_19_A_1997_09_07.pdf,15,continue,0.081439
15_9_19_A_1997_09_08.pdf,1,strike,0.345353
15_9_19_A_1997_09_08.pdf,2,ofs strike,0.345353
15_9_19_A_1997_09_08.pdf,3,due ofs,0.345353
15_9_19_A_1997_09_08.pdf,4,ofs,0.338539
15_9_19_A_1997_09_08.pdf,5,operations suspended,0.31582
15_9_19_A_1997_09_08.pdf,6,suspended due,0.305718
15_9_19_A_1997_09_08.pdf,7,suspended,0.290496
15_9_19_A_1997_09_08.pdf,8,strike operations,0.285884
15_9_19_A_1997_09_08.pdf,9,operations,0.263
15_9_19_A_1997_09_08.pdf,10,due,0.165521
15_9_19_A_1997_09_08.pdf,11,strike continue,0.134224
15_9_19_A_1997_09_08.pdf,12,waiting due,0.134224
15_9_19_A_1997_09_08.pdf,13,continue waiting,0.132348
15_9_19_A_1997_09_08.pdf,14,waiting,0.107313
15_9_19_A_1997_09_08.pdf,15,continue,0.081439
15_9_19_A_1997_09_09.pdf,1,strike,0.345353
15_9_19_A_1997_09_09.pdf,2,ofs strike,0.345353
15_9_19_A_1997_09_09.pdf,3,due ofs,0.345353
15_9_19_A_1997_09_09.pdf,4,ofs,0.338539
15_9_19_A_1997_09_09.pdf,5,operations suspended,0.31582
15_9_19_A_1997_09_09.pdf,6,suspended due,0.305718
15_9_19_A_1997_09_09.pdf,7,suspended,0.290496
15_9_19_A_1997_09_09.pdf,8,strike operations,0.285884
15_9_19_A_1997_09_09.pdf,9,operations,0.263
15_9_19_A_1997_09_09.pdf,10,due,0.165521
15_9_19_A_1997_09_09.pdf,11,strike continue,0.134224
15_9_19_A_1997_09_09.pdf,12,waiting due,0.134224
15_9_19_A_1997_09_09.pdf,13,continue waiting,0.132348
15_9_19_A_1997_09_09.pdf,14,waiting,0.107313
15_9_19_A_1997_09_09.pdf,15,continue,0.081439
15_9_19_A_1997_09_10.pdf,1,strike,0.345353
15_9_19_A_1997_09_10.pdf,2,ofs strike,0.345353
15_9_19_A_1997_09_10.pdf,3,due ofs,0.345353
15_9_19_A_1997_09_10.pdf,4,ofs,0.338539
15_9_19_A_1997_09_10.pdf,5,operations suspended,0.31582
15_9_19_A_1997_09_10.pdf,6,suspended due,0.305718
15_9_19_A_1997_09_10.pdf,7,suspended,0.290496
15_9_19_A_1997_09_10.pdf,8,strike operations,0.285884
15_9_19_A_1997_09_10.pdf,9,operations,0.263
15_9_19_A_1997_09_10.pdf,10,due,0.165521
15_9_19_A_1997_09_10.pdf,11,strike continue,0.134224
15_9_19_A_1997_09_10.pdf,12,waiting due,0.134224
15_9_19_A_1997_09_10.pdf,13,continue waiting,0.132348
15_9_19_A_1997_09_10.pdf,14,waiting,0.107313
15_9_19_A_1997_09_10.pdf,15,continue,0.081439
15_9_19_A_1997_09_11.pdf,1,strike,0.345353
15_9_19_A_1997_09_11.pdf,2,ofs strike,0.345353
15_9_19_A_1997_09_11.pdf,3,due ofs,0.345353
15_9_19_A_1997_09_11.pdf,4,ofs,0.338539
15_9_19_A_1997_09_11.pdf,5,operations suspended,0.31582
15_9_19_A_1997_09_11.pdf,6,suspended due,0.305718
15_9_19_A_1997_09_11.pdf,7,suspended,0.290496
15_9_19_A_1997_09_11.pdf,8,strike operations,0.285884
15_9_19_A_1997_09_11.pdf,9,operations,0.263
15_9_19_A_1997_09_11.pdf,10,due,0.165521
15_9_19_A_1997_09_11.pdf,11,strike continue,0.134224
15_9_19_A_1997_09_11.pdf,12,waiting due,0.134224
15_9_19_A_1997_09_11.pdf,13,continue waiting,0.132348
15_9_19_A_1997_09_11.pdf,14,waiting,0.107313
15_9_19_A_1997_09_11.pdf,15,continue,0.081439
15_9_19_A_1997_09_12.pdf,1,strike,0.345353
15_9_19_A_1997_09_12.pdf,2,ofs strike,0.345353
15_9_19_A_1997_09_12.pdf,3,due ofs,0.345353
15_9_19_A_1997_09_12.pdf,4,ofs,0.338539
15_9_19_A_1997_09_12.pdf,5,operations suspended,0.31582
15_9_19_A_1997_09_12.pdf,6,suspended due,0.305718
15_9_19_A_1997_09_12.pdf,7,suspended,0.290496
15_9_19_A_1997_09_12.pdf,8,strike operations,0.285884
15_9_19_A_1997_09_12.pdf,9,operations,0.263
15_9_19_A_1997_09_12.pdf,10,due,0.165521
15_9_19_A_1997_09_12.pdf,11,strike continue,0.134224
15_9_19_A_1997_09_12.pdf,12,waiting due,0.134224
15_9_19_A_1997_09_12.pdf,13,continue waiting,0.132348
15_9_19_A_1997_09_12.pdf,14,waiting,0.107313
15_9_19_A_1997_09_12.pdf,15,continue,0.081439
15_9_19_A_1997_09_13.pdf,1,strike,0.345353
15_9_19_A_1997_09_13.pdf,2,ofs strike,0.345353
15_9_19_A_1997_09_13.pdf,3,due ofs,0.345353
15_9_19_A_1997_09_13.pdf,4,ofs,0.338539
15_9_19_A_1997_09_13.pdf,5,operations suspended,0.31582
15_9_19_A_1997_09_13.pdf,6,suspended due,0.305718
15_9_19_A_1997_09_13.pdf,7,suspended,0.290496
15_9_19_A_1997_09_13.pdf,8,strike operations,0.285884
15_9_19_A_1997_09_13.pdf,9,operations,0.263
15_9_19_A_1997_09_13.pdf,10,due,0.165521
15_9_19_A_1997_09_13.pdf,11,strike continue,0.134224
15_9_19_A_1997_09_13.pdf,12,waiting due,0.134224
15_9_19_A_1997_09_13.pdf,13,continue waiting,0.132348
15_9_19_A_1997_09_13.pdf,14,waiting,0.107313
15_9_19_A_1997_09_13.pdf,15,continue,0.081439
15_9_19_A_1997_09_14.pdf,1,strike,0.345353
15_9_19_A_1997_09_14.pdf,2,ofs strike,0.345353
15_9_19_A_1997_09_14.pdf,3,due ofs,0.345353
15_9_19_A_1997_09_14.pdf,4,ofs,0.338539
15_9_19_A_1997_09_14.pdf,5,operations suspended,0.31582
15_9_19_A_1997_09_14.pdf,6,suspended due,0.305718
15_9_19_A_1997_09_14.pdf,7,suspended,0.290496
15_9_19_A_1997_09_14.pdf,8,strike operations,0.285884
15_9_19_A_1997_09_14.pdf,9,operations,0.263
15_9_19_A_1997_09_14.pdf,10,due,0.165521
15_9_19_A_1997_09_14.pdf,11,strike continue,0.134224
15_9_19_A_1997_09_14.pdf,12,waiting due,0.134224
15_9_19_A_1997_09_14.pdf,13,continue waiting,0.132348
15_9_19_A_1997_09_14.pdf,14,waiting,0.107313
15_9_19_A_1997_09_14.pdf,15,continue,0.081439
15_9_19_A_1997_09_15.pdf,1,strike,0.345353
15_9_19_A_1997_09_15.pdf,2,ofs strike,0.345353
15_9_19_A_1997_09_15.pdf,3,due ofs,0.345353
15_9_19_A_1997_09_15.pdf,4,ofs,0.338539
15_9_19_A_1997_09_15.pdf,5,operations suspended,0.31582
15_9_19_A_1997_09_15.pdf,6,suspended due,0.305718
15_9_19_A_1997_09_15.pdf,7,suspended,0.290496
15_9_19_A_1997_09_15.pdf,8,strike operations,0.285884
15_9_19_A_1997_09_15.pdf,9,operations,0.263
15_9_19_A_1997_09_15.pdf,10,due,0.165521
15_9_19_A_1997_09_15.pdf,11,strike continue,0.134224
15_9_19_A_1997_09_15.pdf,12,waiting due,0.134224
15_9_19_A_1997_09_15.pdf,13,continue waiting,0.132348
15_9_19_A_1997_09_15.pdf,14,waiting,0.107313
15_9_19_A_1997_09_15.pdf,15,continue,0.081439
15_9_19_A_1997_09_16.pdf,1,strike,0.345353
15_9_19_A_1997_09_16.pdf,2,ofs strike,0.345353
15_9_19_A_1997_09_16.pdf,3,due ofs,0.345353
15_9_19_A_1997_09_16.pdf,4,ofs,0.338539
15_9_19_A_1997_09_16.pdf,5,operations suspended,0.31582
15_9_19_A_1997_09_16.pdf,6,suspended due,0.305718
15_9_19_A_1997_09_16.pdf,7,suspended,0.290496
15_9_19_A_1997_09_16.pdf,8,strike operations,0.285884
15_9_19_A_1997_09_16.pdf,9,operations,0.263
15_9_19_A_1997_09_16.pdf,10,due,0.165521
15_9_19_A_1997_09_16.pdf,11,strike continue,0.134224
15_9_19_A_1997_09_16.pdf,12,waiting due,0.134224
15_9_19_A_1997_09_16.pdf,13,continue waiting,0.132348
15_9_19_A_1997_09_16.pdf,14,waiting,0.107313
15_9_19_A_1997_09_16.pdf,15,continue,0.081439
15_9_19_A_1997_09_17.pdf,1,strike,0.345353
15_9_19_A_1997_09_17.pdf,2,ofs strike,0.345353
15_9_19_A_1997_09_17.pdf,3,due ofs,0.345353
15_9_19_A_1997_09_17.pdf,4,ofs,0.338539
15_9_19_A_1997_09_17.pdf,5,operations suspended,0.31582
15_9_19_A_1997_09_17.pdf,6,suspended due,0.305718
15_9_19_A_1997_09_17.pdf,7,suspended,0.290496
15_9_19_A_1997_09_17.pdf,8,strike operations,0.285884
15_9_19_A_1997_09_17.pdf,9,operations,0.263
15_9_19_A_1997_09_17.pdf,10,due,0.165521
15_9_19_A_1997_09_17.pdf,11,strike continue,0.134224
15_9_19_A_1997_09_17.pdf,12,waiting due,0.134224
15_9_19_A_1997_09_17.pdf,13,continue waiting,0.132348
15_9_19_A_1997_09_17.pdf,14,waiting,0.107313
15_9_19_A_1997_09_17.pdf,15,continue,0.081439
15_9_19_A_1997_09_18.pdf,1,strike,0.345353
15_9_19_A_1997_09_18.pdf,2,ofs strike,0.345353
15_9_19_A_1997_09_18.pdf,3,due ofs,0.345353
15_9_19_A_1997_09_18.pdf,4,ofs,0.338539
15_9_19_A_1997_09_18.pdf,5,operations suspended,0.31582
15_9_19_A_1997_09_18.pdf,6,suspended due,0.305718
15_9_19_A_1997_09_18.pdf,7,suspended,0.290496
15_9_19_A_1997_09_18.pdf,8,strike operations,0.285884
15_9_19_A_1997_09_18.pdf,9,operations,0.263
15_9_19_A_1997_09_18.pdf,10,due,0.165521
15_9_19_A_1997_09_18.pdf,11,strike continue,0.134224
15_9_19_A_1997_09_18.pdf,12,waiting due,0.134224
15_9_19_A_1997_09_18.pdf,13,continue waiting,0.132348
15_9_19_A_1997_09_18.pdf,14,waiting,0.107313
15_9_19_A_1997_09_18.pdf,15,continue,0.081439
15_9_19_A_1997_09_19.pdf,1,strike,0.345353
15_9_19_A_1997_09_19.pdf,2,ofs strike,0.345353
15_9_19_A_1997_09_19.pdf,3,due ofs,0.345353
15_9_19_A_1997_09_19.pdf,4,ofs,0.338539
15_9_19_A_1997_09_19.pdf,5,operations suspended,0.31582
15_9_19_A_1997_09_19.pdf,6,suspended due,0.305718
15_9_19_A_1997_09_19.pdf,7,suspended,0.290496
15_9_19_A_1997_09_19.pdf,8,strike operations,0.285884
15_9_19_A_1997_09_19.pdf,9,operations,0.263
15_9_19_A_1997_09_19.pdf,10,due,0.165521
15_9_19_A_1997_09_19.pdf,11,strike continue,0.134224
15_9_19_A_1997_09_19.pdf,12,waiting due,0.134224
15_9_19_A_1997_09_19.pdf,13,continue waiting,0.132348
15_9_19_A_1997_09_19.pdf,14,waiting,0.107313
15_9_19_A_1997_09_19.pdf,15,continue,0.081439
15_9_19_A_1997_09_20.pdf,1,strike,0.345353
15_9_19_A_1997_09_20.pdf,2,ofs strike,0.345353
15_9_19_A_1997_09_20.pdf,3,due ofs,0.345353
15_9_19_A_1997_09_20.pdf,4,ofs,0.338539
15_9_19_A_1997_09_20.pdf,5,operations suspended,0.31582
15_9_19_A_1997_09_20.pdf,6,suspended due,0.305718
15_9_19_A_1997_09_20.pdf,7,suspended,0.290496
15_9_19_A_1997_09_20.pdf,8,strike operations,0.285884
15_9_19_A_1997_09_20.pdf,9,operations,0.263
15_9_19_A_1997_09_20.pdf,10,due,0.165521
15_9_19_A_1997_09_20.pdf,11,strike continue,0.134224
15_9_19_A_1997_09_20.pdf,12,waiting due,0.134224
15_9_19_A_1997_09_20.pdf,13,continue waiting,0.132348
15_9_19_A_1997_09_20.pdf,14,waiting,0.107313
15_9_19_A_1997_09_20.pdf,15,continue,0.081439
15_9_19_A_1997_09_21.pdf,1,strike,0.345353
15_9_19_A_1997_09_21.pdf,2,ofs strike,0.345353
15_9_19_A_1997_09_21.pdf,3,due ofs,0.345353
15_9_19_A_1997_09_21.pdf,4,ofs,0.338539
15_9_19_A_1997_09_21.pdf,5,operations suspended,0.31582
15_9_19_A_1997_09_21.pdf,6,suspended due,0.305718
15_9_19_A_1997_09_21.pdf,7,suspended,0.290496
15_9_19_A_1997_09_21.pdf,8,strike operations,0.285884
15_9_19_A_1997_09_21.pdf,9,operations,0.263
15_9_19_A_1997_09_21.pdf,10,due,0.165521
15_9_19_A_1997_09_21.pdf,11,strike continue,0.134224
15_9_19_A_1997_09_21.pdf,12,waiting due,0.134224
15_9_19_A_1997_09_21.pdf,13,continue waiting,0.132348
15_9_19_A_1997_09_21.pdf,14,waiting,0.107313
15_9_19_A_1997_09_21.pdf,15,continue,0.081439
15_9_19_A_1997_09_22.pdf,1,strike,0.345353
15_9_19_A_1997_09_22.pdf,2,ofs strike,0.345353
15_9_19_A_1997_09_22.pdf,3,due ofs,0.345353
15_9_19_A_1997_09_22.pdf,4,ofs,0.338539
15_9_19_A_1997_09_22.pdf,5,operations suspended,0.31582
15_9_19_A_1997_09_22.pdf,6,suspended due,0.305718
15_9_19_A_1997_09_22.pdf,7,suspended,0.290496
15_9_19_A_1997_09_22.pdf,8,strike operations,0.285884
15_9_19_A_1997_09_22.pdf,9,operations,0.263
15_9_19_A_1997_09_22.pdf,10,due,0.165521
15_9_19_A_1997_09_22.pdf,11,strike continue,0.134224
15_9_19_A_1997_09_22.pdf,12,waiting due,0.134224
15_9_19_A_1997_09_22.pdf,13,continue waiting,0.132348
15_9_19_A_1997_09_22.pdf,14,waiting,0.107313
15_9_19_A_1997_09_22.pdf,15,continue,0.081439
15_9_19_A_1997_09_23.pdf,1,strike,0.345353
15_9_19_A_1997_09_23.pdf,2,ofs strike,0.345353
15_9_19_A_1997_09_23.pdf,3,due ofs,0.345353
15_9_19_A_1997_09_23.pdf,4,ofs,0.338539
15_9_19_A_1997_09_23.pdf,5,operations suspended,0.31582
15_9_19_A_1997_09_23.pdf,6,suspended due,0.305718
15_9_19_A_1997_09_23.pdf,7,suspended,0.290496
15_9_19_A_1997_09_23.pdf,8,strike operations,0.285884
15_9_19_A_1997_09_23.pdf,9,operations,0.263
15_9_19_A_1997_09_23.pdf,10,due,0.165521
15_9_19_A_1997_09_23.pdf,11,strike continue,0.134224
15_9_19_A_1997_09_23.pdf,12,waiting due,0.134224
15_9_19_A_1997_09_23.pdf,13,continue waiting,0.132348
15_9_19_A_1997_09_23.pdf,14,waiting,0.107313
15_9_19_A_1997_09_23.pdf,15,continue,0.081439
15_9_19_A_1997_09_24.pdf,1,strike,0.345353
15_9_19_A_1997_09_24.pdf,2,ofs strike,0.345353
15_9_19_A_1997_09_24.pdf,3,due ofs,0.345353
15_9_19_A_1997_09_24.pdf,4,ofs,0.338539
15_9_19_A_1997_09_24.pdf,5,operations suspended,0.31582
15_9_19_A_1997_09_24.pdf,6,suspended due,0.305718
15_9_19_A_1997_09_24.pdf,7,suspended,0.290496
15_9_19_A_1997_09_24.pdf,8,strike operations,0.285884
15_9_19_A_1997_09_24.pdf,9,operations,0.263
15_9_19_A_1997_09_24.pdf,10,due,0.165521
15_9_19_A_1997_09_24.pdf,11,strike continue,0.134224
15_9_19_A_1997_09_24.pdf,12,waiting due,0.134224
15_9_19_A_1997_09_24.pdf,13,continue waiting,0.132348
15_9_19_A_1997_09_24.pdf,14,waiting,0.107313
15_9_19_A_1997_09_24.pdf,15,continue,0.081439
15_9_19_A_1997_09_25.pdf,1,strike,0.345353
15_9_19_A_1997_09_25.pdf,2,ofs strike,0.345353
15_9_19_A_1997_09_25.pdf,3,due ofs,0.345353
15_9_19_A_1997_09_25.pdf,4,ofs,0.338539
15_9_19_A_1997_09_25.pdf,5,operations suspended,0.31582
15_9_19_A_1997_09_25.pdf,6,suspended due,0.305718
15_9_19_A_1997_09_25.pdf,7,suspended,0.290496
15_9_19_A_1997_09_25.pdf,8,strike operations,0.285884
15_9_19_A_1997_09_25.pdf,9,operations,0.263
15_9_19_A_1997_09_25.pdf,10,due,0.165521
15_9_19_A_1997_09_25.pdf,11,strike continue,0.134224
15_9_19_A_1997_09_25.pdf,12,waiting due,0.134224
15_9_19_A_1997_09_25.pdf,13,continue waiting,0.132348
15_9_19_A_1997_09_25.pdf,14,waiting,0.107313
15_9_19_A_1997_09_25.pdf,15,continue,0.081439
15_9_19_A_1997_09_26.pdf,1,strike,0.345353
15_9_19_A_1997_09_26.pdf,2,ofs strike,0.345353
15_9_19_A_1997_09_26.pdf,3,due ofs,0.345353
15_9_19_A_1997_09_26.pdf,4,ofs,0.338539
15_9_19_A_1997_09_26.pdf,5,operations suspended,0.31582
15_9_19_A_1997_09_26.pdf,6,suspended due,0.305718
15_9_19_A_1997_09_26.pdf,7,suspended,0.290496
15_9_19_A_1997_09_26.pdf,8,strike operations,0.285884
15_9_19_A_1997_09_26.pdf,9,operations,0.263
15_9_19_A_1997_09_26.pdf,10,due,0.165521
15_9_19_A_1997_09_26.pdf,11,strike continue,0.134224
15_9_19_A_1997_09_26.pdf,12,waiting due,0.134224
15_9_19_A_1997_09_26.pdf,13,continue waiting,0.132348
15_9_19_A_1997_09_26.pdf,14,waiting,0.107313
15_9_19_A_1997_09_26.pdf,15,continue,0.081439
15_9_19_A_1997_09_27.pdf,1,strike,0.345353
15_9_19_A_1997_09_27.pdf,2,ofs strike,0.345353
15_9_19_A_1997_09_27.pdf,3,due ofs,0.345353
15_9_19_A_1997_09_27.pdf,4,ofs,0.338539
15_9_19_A_1997_09_27.pdf,5,operations suspended,0.31582
15_9_19_A_1997_09_27.pdf,6,suspended due,0.305718
15_9_19_A_1997_09_27.pdf,7,suspended,0.290496
15_9_19_A_1997_09_27.pdf,8,strike operations,0.285884
15_9_19_A_1997_09_27.pdf,9,operations,0.263
15_9_19_A_1997_09_27.pdf,10,due,0.165521
15_9_19_A_1997_09_27.pdf,11,strike continue,0.134224
15_9_19_A_1997_09_27.pdf,12,waiting due,0.134224
15_9_19_A_1997_09_27.pdf,13,continue waiting,0.132348
15_9_19_A_1997_09_27.pdf,14,waiting,0.107313
15_9_19_A_1997_09_27.pdf,15,continue,0.081439
15_9_19_A_1997_09_28.pdf,1,strike,0.345353
15_9_19_A_1997_09_28.pdf,2,ofs strike,0.345353
15_9_19_A_1997_09_28.pdf,3,due ofs,0.345353
15_9_19_A_1997_09_28.pdf,4,ofs,0.338539
15_9_19_A_1997_09_28.pdf,5,operations suspended,0.31582
15_9_19_A_1997_09_28.pdf,6,suspended due,0.305718
15_9_19_A_1997_09_28.pdf,7,suspended,0.290496
15_9_19_A_1997_09_28.pdf,8,strike operations,0.285884
15_9_19_A_1997_09_28.pdf,9,operations,0.263
15_9_19_A_1997_09_28.pdf,10,due,0.165521
15_9_19_A_1997_09_28.pdf,11,strike continue,0.134224
15_9_19_A_1997_09_28.pdf,12,waiting due,0.134224
15_9_19_A_1997_09_28.pdf,13,continue waiting,0.132348
15_9_19_A_1997_09_28.pdf,14,waiting,0.107313
15_9_19_A_1997_09_28.pdf,15,continue,0.081439
15_9_19_A_1997_09_29.pdf,1,strike operation,0.332976
15_9_19_A_1997_09_29.pdf,2,strike,0.327728
15_9_19_A_1997_09_29.pdf,3,ofs strike,0.327728
15_9_19_A_1997_09_29.pdf,4,due ofs,0.327728
15_9_19_A_1997_09_29.pdf,5,ofs,0.321263
15_9_19_A_1997_09_29.pdf,6,operation suspended,0.318938
15_9_19_A_1997_09_29.pdf,7,suspended due,0.296526
15_9_19_A_1997_09_29.pdf,8,suspended,0.281762
15_9_19_A_1997_09_29.pdf,9,operations suspended,0.198761
15_9_19_A_1997_09_29.pdf,10,operation,0.179104
15_9_19_A_1997_09_29.pdf,11,operations,0.165519
15_9_19_A_1997_09_29.pdf,12,due,0.157074
15_9_19_A_1997_09_29.pdf,13,strike operations,0.120831
15_9_19_A_1997_09_29.pdf,14,waiting due,0.119056
15_9_19_A_1997_09_29.pdf,15,strike continue,0.119056
15_9_19_A_1997_09_30.pdf,1,strike,0.340238
15_9_19_A_1997_09_30.pdf,2,ofs strike,0.340238
15_9_19_A_1997_09_30.pdf,3,due ofs,0.340238
15_9_19_A_1997_09_30.pdf,4,ofs,0.333526
15_9_19_A_1997_09_30.pdf,5,suspended due,0.30119
15_9_19_A_1997_09_30.pdf,6,suspended,0.286194
15_9_19_A_1997_09_30.pdf,7,operation suspended,0.285804
15_9_19_A_1997_09_30.pdf,8,strike operations,0.227233
15_9_19_A_1997_09_30.pdf,9,operations suspended,0.220765
15_9_19_A_1997_09_30.pdf,10,operations,0.183843
15_9_19_A_1997_09_30.pdf,11,strike operation,0.176231
15_9_19_A_1997_09_30.pdf,12,due,0.163069
15_9_19_A_1997_09_30.pdf,13,operation,0.160498
15_9_19_A_1997_09_30.pdf,14,waiting due,0.132236
15_9_19_A_1997_09_30.pdf,15,strike continue,0.132236
15_9_19_A_1997_10_01.pdf,1,strike,0.345353
15_9_19_A_1997_10_01.pdf,2,ofs strike,0.345353
15_9_19_A_1997_10_01.pdf,3,due ofs,0.345353
15_9_19_A_1997_10_01.pdf,4,ofs,0.338539
15_9_19_A_1997_10_01.pdf,5,operations suspended,0.31582
15_9_19_A_1997_10_01.pdf,6,suspended due,0.305718
15_9_19_A_1997_10_01.pdf,7,suspended,0.290496
15_9_19_A_1997_10_01.pdf,8,strike operations,0.285884
15_9_19_A_1997_10_01.pdf,9,operations,0.263
15_9_19_A_1997_10_01.pdf,10,due,0.165521
15_9_19_A_1997_10_01.pdf,11,strike continue,0.134224
15_9_19_A_1997_10_01.pdf,12,waiting due,0.134224
15_9_19_A_1997_10_01.pdf,13,continue waiting,0.132348
15_9_19_A_1997_10_01.pdf,14,waiting,0.107313
15_9_19_A_1997_10_01.pdf,15,continue,0.081439
15_9_19_A_1997_10_02.pdf,1,strike operation,0.332976
15_9_19_A_1997_10_02.pdf,2,strike,0.327728
15_9_19_A_1997_10_02.pdf,3,ofs strike,0.327728
15_9_19_A_1997_10_02.pdf,4,due ofs,0.327728
15_9_19_A_1997_10_02.pdf,5,ofs,0.321263
15_9_19_A_1997_10_02.pdf,6,operation suspended,0.318938
15_9_19_A_1997_10_02.pdf,7,suspended due,0.296526
15_9_19_A_1997_10_02.pdf,8,suspended,0.281762
15_9_19_A_1997_10_02.pdf,9,operations suspended,0.198761
15_9_19_A_1997_10_02.pdf,10,operation,0.179104
15_9_19_A_1997_10_02.pdf,11,operations,0.165519
15_9_19_A_1997_10_02.pdf,12,due,0.157074
15_9_19_A_1997_10_02.pdf,13,strike operations,0.120831
15_9_19_A_1997_10_02.pdf,14,waiting due,0.119056
15_9_19_A_1997_10_02.pdf,15,strike continue,0.119056
15_9_19_A_1997_10_03.pdf,1,operation suspended,0.391888
15_9_19_A_1997_10_03.pdf,2,strike operation,0.37415
15_9_19_A_1997_10_03.pdf,3,strike,0.323858
15_9_19_A_1997_10_03.pdf,4,ofs strike,0.323858
15_9_19_A_1997_10_03.pdf,5,due ofs,0.323858
15_9_19_A_1997_10_03.pdf,6,ofs,0.317469
15_9_19_A_1997_10_03.pdf,7,suspended due,0.293025
15_9_19_A_1997_10_03.pdf,8,suspended,0.278435
15_9_19_A_1997_10_03.pdf,9,operation,0.22007
15_9_19_A_1997_10_03.pdf,10,due,0.155219
15_9_19_A_1997_10_03.pdf,11,strike continue,0.11765
15_9_19_A_1997_10_03.pdf,12,waiting due,0.11765
15_9_19_A_1997_10_03.pdf,13,continue waiting,0.116005
15_9_19_A_1997_10_03.pdf,14,waiting,0.094062
15_9_19_A_1997_10_03.pdf,15,continue,0.071382
15_9_19_A_1997_10_04.pdf,1,operation suspended,0.393173
15_9_19_A_1997_10_04.pdf,2,strike operation,0.360993
15_9_19_A_1997_10_04.pdf,3,strike,0.3321
15_9_19_A_1997_10_04.pdf,4,ofs strike,0.3321
15_9_19_A_1997_10_04.pdf,5,due ofs,0.3321
15_9_19_A_1997_10_04.pdf,6,ofs,0.325548
15_9_19_A_1997_10_04.pdf,7,suspended due,0.293986
15_9_19_A_1997_10_04.pdf,8,suspended,0.279348
15_9_19_A_1997_10_04.pdf,9,operation,0.220792
15_9_19_A_1997_10_04.pdf,10,due,0.159169
15_9_19_A_1997_10_04.pdf,11,wait,0.130019
15_9_19_A_1997_10_04.pdf,12,strike continue,0.129073
15_9_19_A_1997_10_04.pdf,13,continue,0.078314
15_9_19_A_1997_10_05.pdf,1,operation suspended,0.250936
15_9_19_A_1997_10_05.pdf,2,off tool,0.249851
15_9_19_A_1997_10_05.pdf,3,hang off,0.231445
15_9_19_A_1997_10_05.pdf,4,hang,0.223416
15_9_19_A_1997_10_05.pdf,5,screwed,0.220685
15_9_19_A_1997_10_05.pdf,6,strike,0.193832
15_9_19_A_1997_10_05.pdf,7,due ofs,0.193832
15_9_19_A_1997_10_05.pdf,8,ofs strike,0.193832
15_9_19_A_1997_10_05.pdf,9,ofs,0.190008
15_9_19_A_1997_10_05.pdf,10,suspended due,0.187632
15_9_19_A_1997_10_05.pdf,11,strike operation,0.185884
15_9_19_A_1997_10_05.pdf,12,suspended,0.17829
15_9_19_A_1997_10_05.pdf,13,displaced riser,0.178221
15_9_19_A_1997_10_05.pdf,14,slugged pooh,0.174761
15_9_19_A_1997_10_05.pdf,15,circulation circulated,0.171789
15_9_19_A_1997_10_06.pdf,1,test tool,0.255441
15_9_19_A_1997_10_06.pdf,2,seated,0.205608
15_9_19_A_1997_10_06.pdf,3,bop test,0.172592
15_9_19_A_1997_10_06.pdf,4,pod,0.169843
15_9_19_A_1997_10_06.pdf,5,bar tested,0.16935
15_9_19_A_1997_10_06.pdf,6,tested annular,0.16935
15_9_19_A_1997_10_06.pdf,7,below bop,0.165081
15_9_19_A_1997_10_06.pdf,8,extension,0.161383
15_9_19_A_1997_10_06.pdf,9,tested valves,0.161383
15_9_19_A_1997_10_06.pdf,10,deck rih,0.158121
15_9_19_A_1997_10_06.pdf,11,tool hwdp,0.158121
15_9_19_A_1997_10_06.pdf,12,topdrive,0.155203
15_9_19_A_1997_10_06.pdf,13,bop blue,0.155203
15_9_19_A_1997_10_06.pdf,14,ibops,0.152564
15_9_19_A_1997_10_06.pdf,15,valves bar,0.152564
15_9_19_A_1997_10_07.pdf,1,jts,0.362016
15_9_19_A_1997_10_07.pdf,2,deck rih,0.318582
15_9_19_A_1997_10_07.pdf,3,csg scraper,0.285955
15_9_19_A_1997_10_07.pdf,4,scraper,0.230041
15_9_19_A_1997_10_07.pdf,5,total jts,0.218099
15_9_19_A_1997_10_07.pdf,6,rih rih,0.190657
15_9_19_A_1997_10_07.pdf,7,rih broke,0.190657
15_9_19_A_1997_10_07.pdf,8,broke circulation,0.18535
15_9_19_A_1997_10_07.pdf,9,derrick,0.184032
15_9_19_A_1997_10_07.pdf,10,hwdp,0.180919
15_9_19_A_1997_10_07.pdf,11,deck,0.177942
15_9_19_A_1997_10_07.pdf,12,csg,0.150285
15_9_19_A_1997_10_07.pdf,13,changed handling,0.150281
15_9_19_A_1997_10_07.pdf,14,circulation,0.148116
15_9_19_A_1997_10_07.pdf,15,sbt,0.147249
15_9_19_A_1997_10_08.pdf,1,circulated condition,0.208117
15_9_19_A_1997_10_08.pdf,2,csg scraper,0.191194
15_9_19_A_1997_10_08.pdf,3,packer setting,0.180746
15_9_19_A_1997_10_08.pdf,4,scraper,0.179944
15_9_19_A_1997_10_08.pdf,5,condition mud,0.179944
15_9_19_A_1997_10_08.pdf,6,setting area,0.172833
15_9_19_A_1997_10_08.pdf,7,deck rih,0.164746
15_9_19_A_1997_10_08.pdf,8,condition,0.163872
15_9_19_A_1997_10_08.pdf,9,backflow,0.162814
15_9_19_A_1997_10_08.pdf,10,drillstring,0.146752
15_9_19_A_1997_10_08.pdf,11,sbt,0.1466
15_9_19_A_1997_10_08.pdf,12,worked casing,0.142355
15_9_19_A_1997_10_08.pdf,13,worked csg,0.142355
15_9_19_A_1997_10_08.pdf,14,meeting personnel,0.138767
15_9_19_A_1997_10_08.pdf,15,rih stands,0.138767
15_9_19_A_1997_10_09.pdf,1,sbt,0.249904
15_9_19_A_1997_10_09.pdf,2,puw,0.205325
15_9_19_A_1997_10_09.pdf,3,puw lbs,0.205325
15_9_19_A_1997_10_09.pdf,4,lbs,0.180339
15_9_19_A_1997_10_09.pdf,5,casing joint,0.171754
15_9_19_A_1997_10_09.pdf,6,logging tool,0.169504
15_9_19_A_1997_10_09.pdf,7,ccl,0.165831
15_9_19_A_1997_10_09.pdf,8,pick weight,0.162405
15_9_19_A_1997_10_09.pdf,9,weight lbs,0.162405
15_9_19_A_1997_10_09.pdf,10,lbs lbs,0.162405
15_9_19_A_1997_10_09.pdf,11,tool changed,0.156186
15_9_19_A_1997_10_09.pdf,12,atlas,0.145139
15_9_19_A_1997_10_09.pdf,13,stood,0.139805
15_9_19_A_1997_10_09.pdf,14,failure,0.135166
15_9_19_A_1997_10_09.pdf,15,shooting,0.121625
15_9_19_A_1997_10_10.pdf,1,logging tool,0.208441
15_9_19_A_1997_10_10.pdf,2,atlas,0.189297
15_9_19_A_1997_10_10.pdf,3,mac,0.183312
15_9_19_A_1997_10_10.pdf,4,stuffing,0.169577
15_9_19_A_1997_10_10.pdf,5,circ every,0.169577
15_9_19_A_1997_10_10.pdf,6,stuffing box,0.169577
15_9_19_A_1997_10_10.pdf,7,treated mud,0.169577
15_9_19_A_1997_10_10.pdf,8,logging,0.166483
15_9_19_A_1997_10_10.pdf,9,csg scraper,0.165778
15_9_19_A_1997_10_10.pdf,10,equipment broke,0.165778
15_9_19_A_1997_10_10.pdf,11,atlas wireline,0.163917
15_9_19_A_1997_10_10.pdf,12,down wireline,0.162427
15_9_19_A_1997_10_10.pdf,13,pooh logging,0.15943
15_9_19_A_1997_10_10.pdf,14,rih bit,0.156718
15_9_19_A_1997_10_10.pdf,15,wireline rih,0.151966
15_9_19_A_1997_10_11.pdf,1,mac,0.246316
15_9_19_A_1997_10_11.pdf,2,atlas,0.225645
15_9_19_A_1997_10_11.pdf,3,pooh bit,0.21983
15_9_19_A_1997_10_11.pdf,4,condition mud,0.203119
15_9_19_A_1997_10_11.pdf,5,atlas wireline,0.20142
15_9_19_A_1997_10_11.pdf,6,mud lpm,0.19522
15_9_19_A_1997_10_11.pdf,7,condition,0.184977
15_9_19_A_1997_10_11.pdf,8,log,0.182239
15_9_19_A_1997_10_11.pdf,9,schlumb mdt,0.179149
15_9_19_A_1997_10_11.pdf,10,mdt log,0.179149
15_9_19_A_1997_10_11.pdf,11,schlumb,0.175528
15_9_19_A_1997_10_11.pdf,12,racked bha,0.172289
15_9_19_A_1997_10_11.pdf,13,flushed kill,0.172289
15_9_19_A_1997_10_11.pdf,14,circulated condition,0.166684
15_9_19_A_1997_10_11.pdf,15,mdt,0.166684
15_9_19_A_1997_10_12.pdf,1,atlas perforating,0.290797
15_9_19_A_1997_10_12.pdf,2,perforating gun,0.267602
15_9_19_A_1997_10_12.pdf,3,levels,0.264307
15_9_19_A_1997_10_12.pdf,4,lbs lbs,0.255012
15_9_19_A_1997_10_12.pdf,5,gun assy,0.243903
15_9_19_A_1997_10_12.pdf,6,perforating,0.226781
15_9_19_A_1997_10_12.pdf,7,atlas,0.220449
15_9_19_A_1997_10_12.pdf,8,fired,0.218361
15_9_19_A_1997_10_12.pdf,9,lbs,0.204823
15_9_19_A_1997_10_12.pdf,10,firing,0.197042
15_9_19_A_1997_10_12.pdf,11,gun,0.1835
15_9_19_A_1997_10_12.pdf,12,first,0.15872
15_9_19_A_1997_10_12.pdf,13,mdt log,0.15466
15_9_19_A_1997_10_12.pdf,14,schlumb mdt,0.15466
15_9_19_A_1997_10_12.pdf,15,schlumb,0.151534
15_9_19_A_1997_10_13.pdf,1,gun assy,0.23134
15_9_19_A_1997_10_13.pdf,2,mdt,0.21035
15_9_19_A_1997_10_13.pdf,3,atlas,0.203874
15_9_19_A_1997_10_13.pdf,4,perf,0.195449
15_9_19_A_1997_10_13.pdf,5,mdt tool,0.185989
15_9_19_A_1997_10_13.pdf,6,gun,0.174048
15_9_19_A_1997_10_13.pdf,7,fired,0.16777
15_9_19_A_1997_10_13.pdf,8,level,0.166664
15_9_19_A_1997_10_13.pdf,9,atlas perforating,0.158525
15_9_19_A_1997_10_13.pdf,10,levels,0.154833
15_9_19_A_1997_10_13.pdf,11,perforating gun,0.153936
15_9_19_A_1997_10_13.pdf,12,schlumb mdt,0.146694
15_9_19_A_1997_10_13.pdf,13,mdt log,0.146694
15_9_19_A_1997_10_13.pdf,14,trouble shooting,0.143729
15_9_19_A_1997_10_13.pdf,15,schlumb,0.143729
15_9_19_A_1997_10_14.pdf,1,mdt,0.27387
15_9_19_A_1997_10_14.pdf,2,schlumb mdt,0.271905
15_9_19_A_1997_10_14.pdf,3,schlumb,0.266409
15_9_19_A_1997_10_14.pdf,4,mdt tool,0.263584
15_9_19_A_1997_10_14.pdf,5,contact,0.219786
15_9_19_A_1997_10_14.pdf,6,tool string,0.203038
15_9_19_A_1997_10_14.pdf,7,locomotive,0.201204
15_9_19_A_1997_10_14.pdf,8,string worked,0.182424
15_9_19_A_1997_10_14.pdf,9,failure,0.177465
15_9_19_A_1997_10_14.pdf,10,atlas cable,0.171825
15_9_19_A_1997_10_14.pdf,11,mdt log,0.163741
15_9_19_A_1997_10_14.pdf,12,std,0.144424
15_9_19_A_1997_10_14.pdf,13,cable,0.139515
15_9_19_A_1997_10_14.pdf,14,repaired same,0.132105
15_9_19_A_1997_10_14.pdf,15,ran pumped,0.132105
15_9_19_A_1997_10_15.pdf,1,mdt tool,0.266709
15_9_19_A_1997_10_15.pdf,2,mdt,0.252877
15_9_19_A_1997_10_15.pdf,3,schlumb mdt,0.247527
15_9_19_A_1997_10_15.pdf,4,schlumb,0.242524
15_9_19_A_1997_10_15.pdf,5,tool assy,0.219803
15_9_19_A_1997_10_15.pdf,6,locomotive,0.175407
15_9_19_A_1997_10_15.pdf,7,tool string,0.172586
15_9_19_A_1997_10_15.pdf,8,atlas cable,0.170328
15_9_19_A_1997_10_15.pdf,9,every std,0.156099
15_9_19_A_1997_10_15.pdf,10,cable,0.151824
15_9_19_A_1997_10_15.pdf,11,std,0.125906
15_9_19_A_1997_10_15.pdf,12,atlas,0.122918
15_9_19_A_1997_10_15.pdf,13,module,0.122012
15_9_19_A_1997_10_15.pdf,14,latched,0.118914
15_9_19_A_1997_10_15.pdf,15,assy,0.118318
15_9_19_A_1997_10_16.pdf,1,mdt,0.257675
15_9_19_A_1997_10_16.pdf,2,mdt tool,0.253766
15_9_19_A_1997_10_16.pdf,3,locomotive,0.245959
15_9_19_A_1997_10_16.pdf,4,tool assy,0.230039
15_9_19_A_1997_10_16.pdf,5,schlumb mdt,0.219217
15_9_19_A_1997_10_16.pdf,6,schlumb,0.214786
15_9_19_A_1997_10_16.pdf,7,atlas cable,0.208549
15_9_19_A_1997_10_16.pdf,8,signals,0.195119
15_9_19_A_1997_10_16.pdf,9,min std,0.16059
15_9_19_A_1997_10_16.pdf,10,atlas,0.151813
15_9_19_A_1997_10_16.pdf,11,cable,0.140407
15_9_19_A_1997_10_16.pdf,12,assy,0.140132
15_9_19_A_1997_10_16.pdf,13,std,0.13177
15_9_19_A_1997_10_16.pdf,14,modified,0.13007
15_9_19_A_1997_10_16.pdf,15,latched,0.124452
15_9_19_A_1997_10_17.pdf,1,mdt,0.283053
15_9_19_A_1997_10_17.pdf,2,locomotive,0.257455
15_9_19_A_1997_10_17.pdf,3,mdt tool,0.257155
15_9_19_A_1997_10_17.pdf,4,atlas cable,0.213692
15_9_19_A_1997_10_17.pdf,5,tool assy,0.213692
15_9_19_A_1997_10_17.pdf,6,schlumb mdt,0.203639
15_9_19_A_1997_10_17.pdf,7,schlumb,0.199523
15_9_19_A_1997_10_17.pdf,8,atlas,0.154212
15_9_19_A_1997_10_17.pdf,9,cable,0.152591
15_9_19_A_1997_10_17.pdf,10,ran pumped,0.144488
15_9_19_A_1997_10_17.pdf,11,sub ran,0.141567
15_9_19_A_1997_10_17.pdf,12,installed side,0.138955
15_9_19_A_1997_10_17.pdf,13,slugged pooh,0.138955
15_9_19_A_1997_10_17.pdf,14,same onto,0.136592
15_9_19_A_1997_10_17.pdf,15,operating,0.134434
15_9_19_A_1997_10_18.pdf,1,single tubing,0.207783
15_9_19_A_1997_10_18.pdf,2,perforating guns,0.203617
15_9_19_A_1997_10_18.pdf,3,atlas perforating,0.193048
15_9_19_A_1997_10_18.pdf,4,atlas,0.188475
15_9_19_A_1997_10_18.pdf,5,perforating,0.187196
15_9_19_A_1997_10_18.pdf,6,dst,0.177195
15_9_19_A_1997_10_18.pdf,7,guns,0.164781
15_9_19_A_1997_10_18.pdf,8,pooh atlas,0.161485
15_9_19_A_1997_10_18.pdf,9,bar minutes,0.152692
15_9_19_A_1997_10_18.pdf,10,pod,0.151681
15_9_19_A_1997_10_18.pdf,11,mdt tool,0.147428
15_9_19_A_1997_10_18.pdf,12,fired guns,0.141213
15_9_19_A_1997_10_18.pdf,13,atlas pooh,0.141213
15_9_19_A_1997_10_18.pdf,14,bha including,0.141213
15_9_19_A_1997_10_18.pdf,15,same tested,0.138607
15_9_19_A_1997_10_19.pdf,1,dst,0.294332
15_9_19_A_1997_10_19.pdf,2,diesel,0.292462
15_9_19_A_1997_10_19.pdf,3,string bar,0.28591
15_9_19_A_1997_10_19.pdf,4,dst string,0.279094
15_9_19_A_1997_10_19.pdf,5,fluted,0.258453
15_9_19_A_1997_10_19.pdf,6,test string,0.232008
15_9_19_A_1997_10_19.pdf,7,tested dst,0.212877
15_9_19_A_1997_10_19.pdf,8,rih dst,0.212877
15_9_19_A_1997_10_19.pdf,9,hivis,0.191776
15_9_19_A_1997_10_19.pdf,10,fluted hanger,0.18338
15_9_19_A_1997_10_19.pdf,11,rih test,0.174632
15_9_19_A_1997_10_19.pdf,12,mpr,0.172749
15_9_19_A_1997_10_19.pdf,13,dummy,0.169265
15_9_19_A_1997_10_19.pdf,14,operated,0.166098
15_9_19_A_1997_10_19.pdf,15,tested bar,0.155707
15_9_19_A_1997_10_20.pdf,1,flowhead,0.197773
15_9_19_A_1997_10_20.pdf,2,coflex,0.184668
15_9_19_A_1997_10_20.pdf,3,bar inflow,0.18441
15_9_19_A_1997_10_20.pdf,4,valve bar,0.179739
15_9_19_A_1997_10_20.pdf,5,lubricator valves,0.172235
15_9_19_A_1997_10_20.pdf,6,bar tested,0.172235
15_9_19_A_1997_10_20.pdf,7,tester valve,0.172235
15_9_19_A_1997_10_20.pdf,8,tested dst,0.172235
15_9_19_A_1997_10_20.pdf,9,wing valve,0.164132
15_9_19_A_1997_10_20.pdf,10,string against,0.164132
15_9_19_A_1997_10_20.pdf,11,tester,0.160815
15_9_19_A_1997_10_20.pdf,12,sstt,0.150458
15_9_19_A_1997_10_20.pdf,13,dst string,0.149756
15_9_19_A_1997_10_20.pdf,14,fluted,0.14837
15_9_19_A_1997_10_20.pdf,15,fluted hanger,0.14837
15_9_19_A_1997_10_21.pdf,1,sampling,0.230574
15_9_19_A_1997_10_21.pdf,2,bottom sampling,0.229806
15_9_19_A_1997_10_21.pdf,3,wireline lubricator,0.229806
15_9_19_A_1997_10_21.pdf,4,main period,0.197086
15_9_19_A_1997_10_21.pdf,5,tester valve,0.197086
15_9_19_A_1997_10_21.pdf,6,period,0.19359
15_9_19_A_1997_10_21.pdf,7,tester,0.184018
15_9_19_A_1997_10_21.pdf,8,response,0.169778
15_9_19_A_1997_10_21.pdf,9,pooh wireline,0.158847
15_9_19_A_1997_10_21.pdf,10,heave,0.151411
15_9_19_A_1997_10_21.pdf,11,sample,0.145525
15_9_19_A_1997_10_21.pdf,12,main,0.144157
15_9_19_A_1997_10_21.pdf,13,zone,0.14297
15_9_19_A_1997_10_21.pdf,14,disconnect,0.140654
15_9_19_A_1997_10_21.pdf,15,wireline,0.137677
15_9_19_A_1997_10_22.pdf,1,sampling,0.237531
15_9_19_A_1997_10_22.pdf,2,cycled omni,0.235602
15_9_19_A_1997_10_22.pdf,3,bottom sampling,0.233372
15_9_19_A_1997_10_22.pdf,4,omni,0.228781
15_9_19_A_1997_10_22.pdf,5,wireline lubricator,0.221161
15_9_19_A_1997_10_22.pdf,6,cycled,0.202848
15_9_19_A_1997_10_22.pdf,7,reverse,0.188976
15_9_19_A_1997_10_22.pdf,8,heave,0.181183
15_9_19_A_1997_10_22.pdf,9,rig heave,0.177285
15_9_19_A_1997_10_22.pdf,10,frac,0.145574
15_9_19_A_1997_10_22.pdf,11,tubing,0.141573
15_9_19_A_1997_10_22.pdf,12,pressure control,0.140458
15_9_19_A_1997_10_22.pdf,13,ccl,0.133679
15_9_19_A_1997_10_22.pdf,14,sample,0.130904
15_9_19_A_1997_10_22.pdf,15,wireline,0.127926
15_9_19_A_1997_10_23.pdf,1,dst,0.21213
15_9_19_A_1997_10_23.pdf,2,attempted establish,0.19087
15_9_19_A_1997_10_23.pdf,3,fluted hanger,0.17941
15_9_19_A_1997_10_23.pdf,4,fluted,0.17941
15_9_19_A_1997_10_23.pdf,5,perforations,0.178543
15_9_19_A_1997_10_23.pdf,6,establish,0.150206
15_9_19_A_1997_10_23.pdf,7,tester valve,0.147772
15_9_19_A_1997_10_23.pdf,8,lubricator valves,0.147772
15_9_19_A_1997_10_23.pdf,9,dst string,0.145636
15_9_19_A_1997_10_23.pdf,10,come,0.14082
15_9_19_A_1997_10_23.pdf,11,bop closed,0.14082
15_9_19_A_1997_10_23.pdf,12,tvd,0.14082
15_9_19_A_1997_10_23.pdf,13,tester,0.137974
15_9_19_A_1997_10_23.pdf,14,flowchecked pumped,0.135428
15_9_19_A_1997_10_23.pdf,15,down annulus,0.135428
15_9_19_A_1997_10_24.pdf,1,ezsv,0.297431
15_9_19_A_1997_10_24.pdf,2,attempted set,0.246492
15_9_19_A_1997_10_24.pdf,3,tested ezsv,0.216776
15_9_19_A_1997_10_24.pdf,4,finally,0.216776
15_9_19_A_1997_10_24.pdf,5,set ezsv,0.207437
15_9_19_A_1997_10_24.pdf,6,success,0.193852
15_9_19_A_1997_10_24.pdf,7,pooh ezsv,0.184508
15_9_19_A_1997_10_24.pdf,8,closed position,0.170975
15_9_19_A_1997_10_24.pdf,9,drilline,0.170975
15_9_19_A_1997_10_24.pdf,10,freed,0.170975
15_9_19_A_1997_10_24.pdf,11,mechanical,0.16752
15_9_19_A_1997_10_24.pdf,12,setting,0.166011
15_9_19_A_1997_10_24.pdf,13,see,0.164428
15_9_19_A_1997_10_24.pdf,14,tih,0.163852
15_9_19_A_1997_10_24.pdf,15,unlock,0.161632
15_9_19_A_1997_10_25.pdf,1,associated,0.235024
15_9_19_A_1997_10_25.pdf,2,dst,0.231455
15_9_19_A_1997_10_25.pdf,3,tubulars,0.22218
15_9_19_A_1997_10_25.pdf,4,electric line,0.198775
15_9_19_A_1997_10_25.pdf,5,electric,0.184394
15_9_19_A_1997_10_25.pdf,6,rack,0.183083
15_9_19_A_1997_10_25.pdf,7,setting tool,0.172182
15_9_19_A_1997_10_25.pdf,8,weekly,0.166756
15_9_19_A_1997_10_25.pdf,9,pressure testing,0.165362
15_9_19_A_1997_10_25.pdf,10,mechanical,0.163386
15_9_19_A_1997_10_25.pdf,11,atlas,0.16276
15_9_19_A_1997_10_25.pdf,12,tbg,0.160371
15_9_19_A_1997_10_25.pdf,13,perforated,0.159809
15_9_19_A_1997_10_25.pdf,14,test bops,0.157643
15_9_19_A_1997_10_25.pdf,15,sstt,0.152863
15_9_19_A_1997_10_26.pdf,1,every joints,0.318566
15_9_19_A_1997_10_26.pdf,2,dst,0.290651
15_9_19_A_1997_10_26.pdf,3,base oil,0.277834
15_9_19_A_1997_10_26.pdf,4,continued running,0.26246
15_9_19_A_1997_10_26.pdf,5,dst string,0.259852
15_9_19_A_1997_10_26.pdf,6,tubing,0.245562
15_9_19_A_1997_10_26.pdf,7,base,0.240791
15_9_19_A_1997_10_26.pdf,8,filling,0.225416
15_9_19_A_1997_10_26.pdf,9,oil,0.211394
15_9_19_A_1997_10_26.pdf,10,joints,0.210965
15_9_19_A_1997_10_26.pdf,11,bha tested,0.208893
15_9_19_A_1997_10_26.pdf,12,testing,0.171841
15_9_19_A_1997_10_26.pdf,13,tested bar,0.169605
15_9_19_A_1997_10_26.pdf,14,completed,0.166853
15_9_19_A_1997_10_26.pdf,15,bar minutes,0.166102
15_9_19_A_1997_10_27.pdf,1,tested dst,0.176889
15_9_19_A_1997_10_27.pdf,2,lubricator valves,0.176889
15_9_19_A_1997_10_27.pdf,3,closed mpr,0.171504
15_9_19_A_1997_10_27.pdf,4,associated,0.168567
15_9_19_A_1997_10_27.pdf,5,string against,0.168567
15_9_19_A_1997_10_27.pdf,6,against lpr,0.168567
15_9_19_A_1997_10_27.pdf,7,dst,0.166007
15_9_19_A_1997_10_27.pdf,8,dst string,0.164548
15_9_19_A_1997_10_27.pdf,9,tbg,0.162112
15_9_19_A_1997_10_27.pdf,10,mpr,0.156968
15_9_19_A_1997_10_27.pdf,11,sstt,0.154523
15_9_19_A_1997_10_27.pdf,12,fluted,0.152379
15_9_19_A_1997_10_27.pdf,13,lpr valve,0.152379
15_9_19_A_1997_10_27.pdf,14,electric line,0.142569
15_9_19_A_1997_10_27.pdf,15,dummy,0.14065
15_9_19_A_1997_10_28.pdf,1,lpr valve,0.228499
15_9_19_A_1997_10_28.pdf,2,flowed,0.223354
15_9_19_A_1997_10_28.pdf,3,lpr,0.206965
15_9_19_A_1997_10_28.pdf,4,flowhead,0.188114
15_9_19_A_1997_10_28.pdf,5,flowed tested,0.165667
15_9_19_A_1997_10_28.pdf,6,build test,0.156815
15_9_19_A_1997_10_28.pdf,7,correctly,0.156815
15_9_19_A_1997_10_28.pdf,8,esd system,0.156815
15_9_19_A_1997_10_28.pdf,9,landed hanger,0.150203
15_9_19_A_1997_10_28.pdf,10,wear bushing,0.14458
15_9_19_A_1997_10_28.pdf,11,closed mpr,0.142635
15_9_19_A_1997_10_28.pdf,12,set rtts,0.14053
15_9_19_A_1997_10_28.pdf,13,switched,0.14053
15_9_19_A_1997_10_28.pdf,14,wear,0.139545
15_9_19_A_1997_10_28.pdf,15,fluted,0.13858
15_9_19_A_1997_10_29.pdf,1,bhs,0.291482
15_9_19_A_1997_10_29.pdf,2,build test,0.24611
15_9_19_A_1997_10_29.pdf,3,sampling,0.223638
15_9_19_A_1997_10_29.pdf,4,electric line,0.219276
15_9_19_A_1997_10_29.pdf,5,shut build,0.208809
15_9_19_A_1997_10_29.pdf,6,electric,0.203412
15_9_19_A_1997_10_29.pdf,7,bottom sampling,0.191784
15_9_19_A_1997_10_29.pdf,8,preparation,0.167771
15_9_19_A_1997_10_29.pdf,9,build,0.156052
15_9_19_A_1997_10_29.pdf,10,performing,0.155473
15_9_19_A_1997_10_29.pdf,11,shut,0.154906
15_9_19_A_1997_10_29.pdf,12,test continued,0.141451
15_9_19_A_1997_10_29.pdf,13,closed lower,0.135487
15_9_19_A_1997_10_29.pdf,14,tested lubricator,0.132987
15_9_19_A_1997_10_29.pdf,15,lubricator,0.13078
15_9_19_A_1997_10_30.pdf,1,electric line,0.243388
15_9_19_A_1997_10_30.pdf,2,electric,0.225779
15_9_19_A_1997_10_30.pdf,3,mini frac,0.225747
15_9_19_A_1997_10_30.pdf,4,frac,0.221184
15_9_19_A_1997_10_30.pdf,5,bullheading,0.204614
15_9_19_A_1997_10_30.pdf,6,mini,0.198895
15_9_19_A_1997_10_30.pdf,7,bhs,0.197612
15_9_19_A_1997_10_30.pdf,8,flowed tested,0.173789
15_9_19_A_1997_10_30.pdf,9,perforated,0.154607
15_9_19_A_1997_10_30.pdf,10,flowed,0.152029
15_9_19_A_1997_10_30.pdf,11,stopped pumping,0.149724
15_9_19_A_1997_10_30.pdf,12,lubricator valves,0.136152
15_9_19_A_1997_10_30.pdf,13,pooh electric,0.13272
15_9_19_A_1997_10_30.pdf,14,low,0.130827
15_9_19_A_1997_10_30.pdf,15,pumping,0.123702
15_9_19_A_1997_10_31.pdf,1,flowed tested,0.545786
15_9_19_A_1997_10_31.pdf,2,flowed,0.477451
15_9_19_A_1997_10_31.pdf,3,main,0.354504
15_9_19_A_1997_10_31.pdf,4,main period,0.343883
15_9_19_A_1997_10_31.pdf,5,period,0.288725
15_9_19_A_1997_10_31.pdf,6,build test,0.197983
15_9_19_A_1997_10_31.pdf,7,shut build,0.189636
15_9_19_A_1997_10_31.pdf,8,tested,0.154452
15_9_19_A_1997_10_31.pdf,9,build,0.125536
15_9_19_A_1997_10_31.pdf,10,test,0.11089
15_9_19_A_1997_10_31.pdf,11,shut,0.108038
15_9_19_A_1997_10_31.pdf,12,continue,0.090136
15_9_19_A_1997_11_01.pdf,1,flowed tested,0.344501
15_9_19_A_1997_11_01.pdf,2,flowed,0.301368
15_9_19_A_1997_11_01.pdf,3,build test,0.298208
15_9_19_A_1997_11_01.pdf,4,pressure build,0.236567
15_9_19_A_1997_11_01.pdf,5,tester valve,0.21706
15_9_19_A_1997_11_01.pdf,6,downhole,0.213922
15_9_19_A_1997_11_01.pdf,7,wing valve,0.206848
15_9_19_A_1997_11_01.pdf,8,tester,0.202667
15_9_19_A_1997_11_01.pdf,9,conducted,0.202667
15_9_19_A_1997_11_01.pdf,10,build,0.189086
15_9_19_A_1997_11_01.pdf,11,wing,0.178063
15_9_19_A_1997_11_01.pdf,12,closing,0.178063
15_9_19_A_1997_11_01.pdf,13,samples,0.174323
15_9_19_A_1997_11_01.pdf,14,lpr,0.169362
15_9_19_A_1997_11_01.pdf,15,choke manifold,0.169362
15_9_19_A_1997_11_02.pdf,1,build test,0.467655
15_9_19_A_1997_11_02.pdf,2,shut build,0.418685
15_9_19_A_1997_11_02.pdf,3,test continued,0.351544
15_9_19_A_1997_11_02.pdf,4,performing,0.31174
15_9_19_A_1997_11_02.pdf,5,build,0.296528
15_9_19_A_1997_11_02.pdf,6,shut,0.255197
15_9_19_A_1997_11_02.pdf,7,mini frac,0.16376
15_9_19_A_1997_11_02.pdf,8,frac,0.16045
15_9_19_A_1997_11_02.pdf,9,test,0.154701
15_9_19_A_1997_11_02.pdf,10,mini,0.144281
15_9_19_A_1997_11_02.pdf,11,dst string,0.136639
15_9_19_A_1997_11_02.pdf,12,downhole,0.136639
15_9_19_A_1997_11_02.pdf,13,pressure build,0.132887
15_9_19_A_1997_11_02.pdf,14,dst,0.130637
15_9_19_A_1997_11_02.pdf,15,continued,0.111754
15_9_19_A_1997_11_03.pdf,1,build test,0.188438
15_9_19_A_1997_11_03.pdf,2,mini frac,0.184216
15_9_19_A_1997_11_03.pdf,3,frac,0.180493
15_9_19_A_1997_11_03.pdf,4,opened mpr,0.172324
15_9_19_A_1997_11_03.pdf,5,mpr,0.167832
15_9_19_A_1997_11_03.pdf,6,shut build,0.165058
15_9_19_A_1997_11_03.pdf,7,mini,0.162304
15_9_19_A_1997_11_03.pdf,8,bullheading,0.133748
15_9_19_A_1997_11_03.pdf,9,tester valve,0.125431
15_9_19_A_1997_11_03.pdf,10,lubricator valves,0.125431
15_9_19_A_1997_11_03.pdf,11,pressured annulus,0.122269
15_9_19_A_1997_11_03.pdf,12,returns through,0.122269
15_9_19_A_1997_11_03.pdf,13,mud down,0.122269
15_9_19_A_1997_11_03.pdf,14,determined,0.122269
15_9_19_A_1997_11_03.pdf,15,tvd,0.11953
15_9_19_A_1997_11_04.pdf,1,jts,0.253781
15_9_19_A_1997_11_04.pdf,2,pooh test,0.245746
15_9_19_A_1997_11_04.pdf,3,dst,0.221319
15_9_19_A_1997_11_04.pdf,4,cementing stand,0.215261
15_9_19_A_1997_11_04.pdf,5,valves bar,0.2116
15_9_19_A_1997_11_04.pdf,6,total jts,0.2116
15_9_19_A_1997_11_04.pdf,7,torq,0.208258
15_9_19_A_1997_11_04.pdf,8,tiw,0.208258
15_9_19_A_1997_11_04.pdf,9,ezsv,0.207167
15_9_19_A_1997_11_04.pdf,10,sstt,0.205183
15_9_19_A_1997_11_04.pdf,11,squeeze,0.194879
15_9_19_A_1997_11_04.pdf,12,test tubing,0.194879
15_9_19_A_1997_11_04.pdf,13,test string,0.181633
15_9_19_A_1997_11_04.pdf,14,finished pooh,0.178559
15_9_19_A_1997_11_04.pdf,15,completed,0.169015
15_9_19_A_1997_11_05.pdf,1,squeeze job,0.281389
15_9_19_A_1997_11_05.pdf,2,ezsv,0.271488
15_9_19_A_1997_11_05.pdf,3,squeeze,0.218948
15_9_19_A_1997_11_05.pdf,4,spacer,0.203855
15_9_19_A_1997_11_05.pdf,5,tih,0.194436
15_9_19_A_1997_11_05.pdf,6,set ezsv,0.174102
15_9_19_A_1997_11_05.pdf,7,tested ezsv,0.166911
15_9_19_A_1997_11_05.pdf,8,stung ezsv,0.163172
15_9_19_A_1997_11_05.pdf,9,sting,0.159874
15_9_19_A_1997_11_05.pdf,10,circulated total,0.159874
15_9_19_A_1997_11_05.pdf,11,now,0.159874
15_9_19_A_1997_11_05.pdf,12,circulated mud,0.159874
15_9_19_A_1997_11_05.pdf,13,upper annular,0.156924
15_9_19_A_1997_11_05.pdf,14,available,0.156924
15_9_19_A_1997_11_05.pdf,15,spacer cement,0.154255
15_9_19_A_1997_11_06.pdf,1,squeeze job,0.178799
15_9_19_A_1997_11_06.pdf,2,ezsv,0.158483
15_9_19_A_1997_11_06.pdf,3,upper annular,0.153673
15_9_19_A_1997_11_06.pdf,4,squeeze,0.153459
15_9_19_A_1997_11_06.pdf,5,tested bops,0.141194
15_9_19_A_1997_11_06.pdf,6,preparation,0.137555
15_9_19_A_1997_11_06.pdf,7,stung ezsv,0.136584
15_9_19_A_1997_11_06.pdf,8,squeezed,0.133824
15_9_19_A_1997_11_06.pdf,9,spacer cement,0.12912
15_9_19_A_1997_11_06.pdf,10,cement spacer,0.12912
15_9_19_A_1997_11_06.pdf,11,bops,0.125909
15_9_19_A_1997_11_06.pdf,12,spacer,0.121073
15_9_19_A_1997_11_06.pdf,13,loaded tool,0.120338
15_9_19_A_1997_11_06.pdf,14,spring loaded,0.118917
15_9_19_A_1997_11_06.pdf,15,mechanical,0.11769
15_9_19_A_1997_11_07.pdf,1,retrieve seal,0.189225
15_9_19_A_1997_11_07.pdf,2,seal assy,0.184373
15_9_19_A_1997_11_07.pdf,3,cutting bha,0.160026
15_9_19_A_1997_11_07.pdf,4,spring,0.144171
15_9_19_A_1997_11_07.pdf,5,tool retrieved,0.137581
15_9_19_A_1997_11_07.pdf,6,assy,0.137314
15_9_19_A_1997_11_07.pdf,7,cutting,0.133269
15_9_19_A_1997_11_07.pdf,8,retrieve,0.125762
15_9_19_A_1997_11_07.pdf,9,loaded tool,0.121216
15_9_19_A_1997_11_07.pdf,10,cutter assy,0.119952
15_9_19_A_1997_11_07.pdf,11,spring loaded,0.119785
15_9_19_A_1997_11_07.pdf,12,assy rih,0.114796
15_9_19_A_1997_11_07.pdf,13,seal,0.114677
15_9_19_A_1997_11_07.pdf,14,mud pulled,0.113543
15_9_19_A_1997_11_07.pdf,15,below bop,0.113543
15_9_19_A_1997_11_08.pdf,1,seal assy,0.180468
15_9_19_A_1997_11_08.pdf,2,spear,0.165378
15_9_19_A_1997_11_08.pdf,3,csg handling,0.163751
15_9_19_A_1997_11_08.pdf,4,down ton,0.1596
15_9_19_A_1997_11_08.pdf,5,csg,0.159412
15_9_19_A_1997_11_08.pdf,6,set wear,0.159308
15_9_19_A_1997_11_08.pdf,7,assy,0.141613
15_9_19_A_1997_11_08.pdf,8,pooh laid,0.136168
15_9_19_A_1997_11_08.pdf,9,over pull,0.135267
15_9_19_A_1997_11_08.pdf,10,packoff,0.134874
15_9_19_A_1997_11_08.pdf,11,wear bushing,0.132552
15_9_19_A_1997_11_08.pdf,12,made wear,0.131474
15_9_19_A_1997_11_08.pdf,13,down picked,0.131474
15_9_19_A_1997_11_08.pdf,14,ton down,0.128529
15_9_19_A_1997_11_08.pdf,15,wear,0.127935
15_9_19_A_1997_11_09.pdf,1,declined,0.177803
15_9_19_A_1997_11_09.pdf,2,cmt line,0.170307
15_9_19_A_1997_11_09.pdf,3,cmt stand,0.167164
15_9_19_A_1997_11_09.pdf,4,checked static,0.150867
15_9_19_A_1997_11_09.pdf,5,cmt,0.147963
15_9_19_A_1997_11_09.pdf,6,gas,0.141523
15_9_19_A_1997_11_09.pdf,7,btms,0.135405
15_9_19_A_1997_11_09.pdf,8,circ,0.134259
15_9_19_A_1997_11_09.pdf,9,condition,0.127343
15_9_19_A_1997_11_09.pdf,10,reverse,0.126157
15_9_19_A_1997_11_09.pdf,11,spacer rig,0.12333
15_9_19_A_1997_11_09.pdf,12,line pumped,0.12333
15_9_19_A_1997_11_09.pdf,13,cmt slurry,0.120838
15_9_19_A_1997_11_09.pdf,14,pill displaced,0.116591
15_9_19_A_1997_11_09.pdf,15,pumped cmt,0.116591
15_9_19_A_1997_11_10.pdf,1,rtts,0.218761
15_9_19_A_1997_11_10.pdf,2,lay down,0.212219
15_9_19_A_1997_11_10.pdf,3,transfered,0.192316
15_9_19_A_1997_11_10.pdf,4,down handling,0.186381
15_9_19_A_1997_11_10.pdf,5,lay,0.182686
15_9_19_A_1997_11_10.pdf,6,back set,0.182206
15_9_19_A_1997_11_10.pdf,7,csg scraper,0.182206
15_9_19_A_1997_11_10.pdf,8,cmt stand,0.175229
15_9_19_A_1997_11_10.pdf,9,slip cut,0.173344
15_9_19_A_1997_11_10.pdf,10,precautionary,0.172249
15_9_19_A_1997_11_10.pdf,11,resistance,0.169528
15_9_19_A_1997_11_10.pdf,12,set rtts,0.167025
15_9_19_A_1997_11_10.pdf,13,csg bar,0.167025
15_9_19_A_1997_11_10.pdf,14,cut line,0.165453
15_9_19_A_1997_11_10.pdf,15,laid down,0.164373
15_9_19_BT2_1997_12_06.pdf,1,hours,0.512888
15_9_19_BT2_1997_12_06.pdf,2,reporting,0.355707
15_9_19_BT2_1997_12_06.pdf,3,drilled,0.300837
15_9_19_BT2_1997_12_06.pdf,4,every,0.295441
15_9_19_BT2_1997_12_06.pdf,5,track,0.267633
15_9_19_BT2_1997_12_06.pdf,6,transferred,0.262776
15_9_19_BT2_1997_12_06.pdf,7,riser,0.255478
15_9_19_BT2_1997_12_06.pdf,8,clean,0.246665
15_9_19_BT2_1997_12_06.pdf,9,side,0.244079
15_9_19_BT2_1997_12_06.pdf,10,while,0.236684
15_9_19_BT2_1997_12_06.pdf,11,off,0.198659
15_9_19_BT2_1997_12_06.pdf,12,continued,0.103823
15_9_19_BT2_1997_12_07.pdf,1,hours,0.256975
15_9_19_BT2_1997_12_07.pdf,2,bit change,0.24769
15_9_19_BT2_1997_12_07.pdf,3,boosted riser,0.237358
15_9_19_BT2_1997_12_07.pdf,4,boosted,0.237358
15_9_19_BT2_1997_12_07.pdf,5,constantly,0.2097
15_9_19_BT2_1997_12_07.pdf,6,toh,0.199835
15_9_19_BT2_1997_12_07.pdf,7,until shakers,0.188914
15_9_19_BT2_1997_12_07.pdf,8,cavings,0.188914
15_9_19_BT2_1997_12_07.pdf,9,shakers cleaned,0.18593
15_9_19_BT2_1997_12_07.pdf,10,drag,0.183461
15_9_19_BT2_1997_12_07.pdf,11,drilled drilled,0.183185
15_9_19_BT2_1997_12_07.pdf,12,towards,0.178278
15_9_19_BT2_1997_12_07.pdf,13,pooh bit,0.173986
15_9_19_BT2_1997_12_07.pdf,14,preparation,0.172026
15_9_19_BT2_1997_12_07.pdf,15,circulated until,0.170172
15_9_19_BT2_1997_12_08.pdf,1,preparation,0.179756
15_9_19_BT2_1997_12_08.pdf,2,constantly,0.177498
15_9_19_BT2_1997_12_08.pdf,3,seen,0.172095
15_9_19_BT2_1997_12_08.pdf,4,toh,0.169148
15_9_19_BT2_1997_12_08.pdf,5,motor mwd,0.157378
15_9_19_BT2_1997_12_08.pdf,6,flowing,0.150901
15_9_19_BT2_1997_12_08.pdf,7,boosted riser,0.142551
15_9_19_BT2_1997_12_08.pdf,8,boosted,0.142551
15_9_19_BT2_1997_12_08.pdf,9,spm,0.141134
15_9_19_BT2_1997_12_08.pdf,10,stop,0.131765
15_9_19_BT2_1997_12_08.pdf,11,sicp,0.129695
15_9_19_BT2_1997_12_08.pdf,12,ahead continued,0.129695
15_9_19_BT2_1997_12_08.pdf,13,minutes,0.128903
15_9_19_BT2_1997_12_08.pdf,14,motor,0.127808
15_9_19_BT2_1997_12_08.pdf,15,bottoms,0.126876
15_9_19_BT2_1997_12_09.pdf,1,constantly,0.180771
15_9_19_BT2_1997_12_09.pdf,2,lost mud,0.157914
15_9_19_BT2_1997_12_09.pdf,3,while circulating,0.145179
15_9_19_BT2_1997_12_09.pdf,4,until shakers,0.14322
15_9_19_BT2_1997_12_09.pdf,5,liner,0.140695
15_9_19_BT2_1997_12_09.pdf,6,jts,0.138583
15_9_19_BT2_1997_12_09.pdf,7,vam,0.132087
15_9_19_BT2_1997_12_09.pdf,8,backreamed,0.130376
15_9_19_BT2_1997_12_09.pdf,9,shakers,0.129558
15_9_19_BT2_1997_12_09.pdf,10,circulated until,0.129011
15_9_19_BT2_1997_12_09.pdf,11,riser lpm,0.128263
15_9_19_BT2_1997_12_09.pdf,12,liner filling,0.128263
15_9_19_BT2_1997_12_09.pdf,13,ppf,0.128263
15_9_19_BT2_1997_12_09.pdf,14,hgr,0.128263
15_9_19_BT2_1997_12_09.pdf,15,back stands,0.125029
15_9_19_BT2_1997_12_10.pdf,1,trying,0.225821
15_9_19_BT2_1997_12_10.pdf,2,packed off,0.179887
15_9_19_BT2_1997_12_10.pdf,3,down liner,0.173149
15_9_19_BT2_1997_12_10.pdf,4,running liner,0.16927
15_9_19_BT2_1997_12_10.pdf,5,worked down,0.16927
15_9_19_BT2_1997_12_10.pdf,6,liner,0.168258
15_9_19_BT2_1997_12_10.pdf,7,packed,0.164043
15_9_19_BT2_1997_12_10.pdf,8,stds,0.15931
15_9_19_BT2_1997_12_10.pdf,9,float shoe,0.153015
15_9_19_BT2_1997_12_10.pdf,10,while running,0.149136
15_9_19_BT2_1997_12_10.pdf,11,again,0.148861
15_9_19_BT2_1997_12_10.pdf,12,window,0.140099
15_9_19_BT2_1997_12_10.pdf,13,wash down,0.132805
15_9_19_BT2_1997_12_10.pdf,14,pooh liner,0.131157
15_9_19_BT2_1997_12_10.pdf,15,maximum,0.128108
15_9_19_BT2_1997_12_11.pdf,1,jts,0.264926
15_9_19_BT2_1997_12_11.pdf,2,stood back,0.233141
15_9_19_BT2_1997_12_11.pdf,3,pooh liner,0.229251
15_9_19_BT2_1997_12_11.pdf,4,stood,0.204837
15_9_19_BT2_1997_12_11.pdf,5,liner,0.199317
15_9_19_BT2_1997_12_11.pdf,6,wiper trip,0.184373
15_9_19_BT2_1997_12_11.pdf,7,tih,0.183979
15_9_19_BT2_1997_12_11.pdf,8,liner surface,0.177168
15_9_19_BT2_1997_12_11.pdf,9,nodeco,0.168833
15_9_19_BT2_1997_12_11.pdf,10,tested motor,0.168833
15_9_19_BT2_1997_12_11.pdf,11,thread locked,0.168833
15_9_19_BT2_1997_12_11.pdf,12,back shoe,0.165421
15_9_19_BT2_1997_12_11.pdf,13,total jts,0.159607
15_9_19_BT2_1997_12_11.pdf,14,bha tested,0.159607
15_9_19_BT2_1997_12_11.pdf,15,motor mwd,0.157086
15_9_19_BT2_1997_12_12.pdf,1,swabbing,0.169837
15_9_19_BT2_1997_12_12.pdf,2,amount cuttings,0.156527
15_9_19_BT2_1997_12_12.pdf,3,until shakers,0.153003
15_9_19_BT2_1997_12_12.pdf,4,losing mud,0.151399
15_9_19_BT2_1997_12_12.pdf,5,excessive amount,0.148007
15_9_19_BT2_1997_12_12.pdf,6,losing,0.145016
15_9_19_BT2_1997_12_12.pdf,7,amount,0.140511
15_9_19_BT2_1997_12_12.pdf,8,continued tih,0.139919
15_9_19_BT2_1997_12_12.pdf,9,lost mud,0.135676
15_9_19_BT2_1997_12_12.pdf,10,mud while,0.135676
15_9_19_BT2_1997_12_12.pdf,11,tih,0.13388
15_9_19_BT2_1997_12_12.pdf,12,shakers,0.128391
15_9_19_BT2_1997_12_12.pdf,13,reduce,0.12741
15_9_19_BT2_1997_12_12.pdf,14,past,0.12741
15_9_19_BT2_1997_12_12.pdf,15,reaming,0.126037
15_9_19_BT2_1997_12_13.pdf,1,toh,0.209903
15_9_19_BT2_1997_12_13.pdf,2,mud loss,0.179417
15_9_19_BT2_1997_12_13.pdf,3,tih,0.179016
15_9_19_BT2_1997_12_13.pdf,4,wiper trip,0.158076
15_9_19_BT2_1997_12_13.pdf,5,total mud,0.154449
15_9_19_BT2_1997_12_13.pdf,6,saver sub,0.154449
15_9_19_BT2_1997_12_13.pdf,7,saver,0.152785
15_9_19_BT2_1997_12_13.pdf,8,tight spots,0.144335
15_9_19_BT2_1997_12_13.pdf,9,spots,0.139765
15_9_19_BT2_1997_12_13.pdf,10,maximum,0.135787
15_9_19_BT2_1997_12_13.pdf,11,did,0.128362
15_9_19_BT2_1997_12_13.pdf,12,during,0.127874
15_9_19_BT2_1997_12_13.pdf,13,weekly,0.127302
15_9_19_BT2_1997_12_13.pdf,14,while cleaning,0.127302
15_9_19_BT2_1997_12_13.pdf,15,window,0.12693
15_9_19_BT2_1997_12_14.pdf,1,running liner,0.260749
15_9_19_BT2_1997_12_14.pdf,2,mud loss,0.222879
15_9_19_BT2_1997_12_14.pdf,3,liner,0.214059
15_9_19_BT2_1997_12_14.pdf,4,while running,0.196368
15_9_19_BT2_1997_12_14.pdf,5,nodeco,0.19601
15_9_19_BT2_1997_12_14.pdf,6,continued running,0.165189
15_9_19_BT2_1997_12_14.pdf,7,every stds,0.161763
15_9_19_BT2_1997_12_14.pdf,8,toh,0.158139
15_9_19_BT2_1997_12_14.pdf,9,liner hanger,0.155095
15_9_19_BT2_1997_12_14.pdf,10,volume lpm,0.149497
15_9_19_BT2_1997_12_14.pdf,11,total jts,0.149497
15_9_19_BT2_1997_12_14.pdf,12,float,0.147111
15_9_19_BT2_1997_12_14.pdf,13,loss,0.146457
15_9_19_BT2_1997_12_14.pdf,14,hanger setting,0.144964
15_9_19_BT2_1997_12_14.pdf,15,setting tool,0.143599
15_9_19_BT2_1997_12_15.pdf,1,hgr,0.201826
15_9_19_BT2_1997_12_15.pdf,2,tol,0.159265
15_9_19_BT2_1997_12_15.pdf,3,drawworks,0.15143
15_9_19_BT2_1997_12_15.pdf,4,running liner,0.137914
15_9_19_BT2_1997_12_15.pdf,5,slacked off,0.123176
15_9_19_BT2_1997_12_15.pdf,6,cmt stand,0.121291
15_9_19_BT2_1997_12_15.pdf,7,setting tool,0.119236
15_9_19_BT2_1997_12_15.pdf,8,slacked,0.119236
15_9_19_BT2_1997_12_15.pdf,9,cmt hose,0.119228
15_9_19_BT2_1997_12_15.pdf,10,continued tih,0.119228
15_9_19_BT2_1997_12_15.pdf,11,liner,0.110317
15_9_19_BT2_1997_12_15.pdf,12,cmt,0.107359
15_9_19_BT2_1997_12_15.pdf,13,tih,0.106632
15_9_19_BT2_1997_12_15.pdf,14,continued running,0.106289
15_9_19_BT2_1997_12_15.pdf,15,note,0.100611
15_9_19_BT2_1997_12_16.pdf,1,bops,0.1522
15_9_19_BT2_1997_12_16.pdf,2,associated,0.152127
15_9_19_BT2_1997_12_16.pdf,3,nodeco,0.152127
15_9_19_BT2_1997_12_16.pdf,4,upper racking,0.144834
15_9_19_BT2_1997_12_16.pdf,5,jts,0.143175
15_9_19_BT2_1997_12_16.pdf,6,racking arm,0.141659
15_9_19_BT2_1997_12_16.pdf,7,test tool,0.13499
15_9_19_BT2_1997_12_16.pdf,8,control system,0.128206
15_9_19_BT2_1997_12_16.pdf,9,tested bops,0.126476
15_9_19_BT2_1997_12_16.pdf,10,racking,0.125899
15_9_19_BT2_1997_12_16.pdf,11,hanger setting,0.12264
15_9_19_BT2_1997_12_16.pdf,12,arm,0.122633
15_9_19_BT2_1997_12_16.pdf,13,setting tool,0.121872
15_9_19_BT2_1997_12_16.pdf,14,completed pooh,0.120939
15_9_19_BT2_1997_12_16.pdf,15,pod,0.113597
15_9_19_BT2_1997_12_17.pdf,1,kelly cock,0.222895
15_9_19_BT2_1997_12_17.pdf,2,cock,0.222895
15_9_19_BT2_1997_12_17.pdf,3,kelly,0.21351
15_9_19_BT2_1997_12_17.pdf,4,stabilizer,0.184201
15_9_19_BT2_1997_12_17.pdf,5,pooh bop,0.168745
15_9_19_BT2_1997_12_17.pdf,6,test tool,0.159068
15_9_19_BT2_1997_12_17.pdf,7,associated,0.158151
15_9_19_BT2_1997_12_17.pdf,8,ibop,0.155988
15_9_19_BT2_1997_12_17.pdf,9,rih bit,0.149508
15_9_19_BT2_1997_12_17.pdf,10,enter,0.144974
15_9_19_BT2_1997_12_17.pdf,11,top liner,0.144974
15_9_19_BT2_1997_12_17.pdf,12,motor,0.143959
15_9_19_BT2_1997_12_17.pdf,13,mud motor,0.142963
15_9_19_BT2_1997_12_17.pdf,14,tool tested,0.142963
15_9_19_BT2_1997_12_17.pdf,15,drifted,0.14109
15_9_19_BT2_1997_12_18.pdf,1,boosted,0.187683
15_9_19_BT2_1997_12_18.pdf,2,boosted riser,0.187683
15_9_19_BT2_1997_12_18.pdf,3,steerable bha,0.168598
15_9_19_BT2_1997_12_18.pdf,4,steerable,0.165057
15_9_19_BT2_1997_12_18.pdf,5,increased rate,0.164173
15_9_19_BT2_1997_12_18.pdf,6,bit motor,0.158013
15_9_19_BT2_1997_12_18.pdf,7,tor,0.158013
15_9_19_BT2_1997_12_18.pdf,8,rate steps,0.158013
15_9_19_BT2_1997_12_18.pdf,9,cleaned rat,0.154819
15_9_19_BT2_1997_12_18.pdf,10,flowchecked pumped,0.151962
15_9_19_BT2_1997_12_18.pdf,11,drilled shoe,0.149378
15_9_19_BT2_1997_12_18.pdf,12,pdc bit,0.149378
15_9_19_BT2_1997_12_18.pdf,13,pdc,0.147018
15_9_19_BT2_1997_12_18.pdf,14,probe,0.147018
15_9_19_BT2_1997_12_18.pdf,15,indications,0.144848
15_9_19_BT2_1997_12_19.pdf,1,surveys,0.274015
15_9_19_BT2_1997_12_19.pdf,2,signals,0.244272
15_9_19_BT2_1997_12_19.pdf,3,spec,0.201304
15_9_19_BT2_1997_12_19.pdf,4,obtained good,0.195476
15_9_19_BT2_1997_12_19.pdf,5,obtained,0.194776
15_9_19_BT2_1997_12_19.pdf,6,strin,0.186279
15_9_19_BT2_1997_12_19.pdf,7,washed drilled,0.182514
15_9_19_BT2_1997_12_19.pdf,8,precautionary,0.176099
15_9_19_BT2_1997_12_19.pdf,9,rih bit,0.176099
15_9_19_BT2_1997_12_19.pdf,10,observed trip,0.173318
15_9_19_BT2_1997_12_19.pdf,11,mode,0.171294
15_9_19_BT2_1997_12_19.pdf,12,top liner,0.170759
15_9_19_BT2_1997_12_19.pdf,13,continued rih,0.16916
15_9_19_BT2_1997_12_19.pdf,14,rotating,0.163343
15_9_19_BT2_1997_12_19.pdf,15,good,0.158241
15_9_19_BT2_1997_12_20.pdf,1,decoding,0.229855
15_9_19_BT2_1997_12_20.pdf,2,oriented mode,0.183444
15_9_19_BT2_1997_12_20.pdf,3,circulated btm,0.183444
15_9_19_BT2_1997_12_20.pdf,4,liner shoe,0.174201
15_9_19_BT2_1997_12_20.pdf,5,mode,0.162505
15_9_19_BT2_1997_12_20.pdf,6,trouble shoot,0.159437
15_9_19_BT2_1997_12_20.pdf,7,shoot,0.154726
15_9_19_BT2_1997_12_20.pdf,8,probe,0.1532
15_9_19_BT2_1997_12_20.pdf,9,changed bit,0.150939
15_9_19_BT2_1997_12_20.pdf,10,success,0.150619
15_9_19_BT2_1997_12_20.pdf,11,stalling,0.141743
15_9_19_BT2_1997_12_20.pdf,12,mwd signal,0.135888
15_9_19_BT2_1997_12_20.pdf,13,mwd,0.135317
15_9_19_BT2_1997_12_20.pdf,14,rotation mode,0.132844
15_9_19_BT2_1997_12_20.pdf,15,btm,0.130337
15_9_19_BT2_1997_12_21.pdf,1,scribe,0.181806
15_9_19_BT2_1997_12_21.pdf,2,liner shoe,0.181806
15_9_19_BT2_1997_12_21.pdf,3,scribe line,0.181806
15_9_19_BT2_1997_12_21.pdf,4,over pull,0.145912
15_9_19_BT2_1997_12_21.pdf,5,med,0.145488
15_9_19_BT2_1997_12_21.pdf,6,pumped min,0.141821
15_9_19_BT2_1997_12_21.pdf,7,when attempting,0.138644
15_9_19_BT2_1997_12_21.pdf,8,orienting,0.138644
15_9_19_BT2_1997_12_21.pdf,9,established rotation,0.138644
15_9_19_BT2_1997_12_21.pdf,10,orient,0.138244
15_9_19_BT2_1997_12_21.pdf,11,checked scribe,0.135842
15_9_19_BT2_1997_12_21.pdf,12,oriented mode,0.135842
15_9_19_BT2_1997_12_21.pdf,13,mwd memory,0.133335
15_9_19_BT2_1997_12_21.pdf,14,precautionary,0.131067
15_9_19_BT2_1997_12_21.pdf,15,pulled wet,0.131067
15_9_19_BT2_1997_12_22.pdf,1,scribe,0.244451
15_9_19_BT2_1997_12_22.pdf,2,scribe line,0.244451
15_9_19_BT2_1997_12_22.pdf,3,navidrill,0.236352
15_9_19_BT2_1997_12_22.pdf,4,motor made,0.190688
15_9_19_BT2_1997_12_22.pdf,5,tested motor,0.186416
15_9_19_BT2_1997_12_22.pdf,6,rotation mode,0.186416
15_9_19_BT2_1997_12_22.pdf,7,checked scribe,0.182648
15_9_19_BT2_1997_12_22.pdf,8,washed rotated,0.179278
15_9_19_BT2_1997_12_22.pdf,9,mwd memory,0.179278
15_9_19_BT2_1997_12_22.pdf,10,downloaded,0.179278
15_9_19_BT2_1997_12_22.pdf,11,precautionary,0.176229
15_9_19_BT2_1997_12_22.pdf,12,tool continued,0.176229
15_9_19_BT2_1997_12_22.pdf,13,rih filled,0.166307
15_9_19_BT2_1997_12_22.pdf,14,new bit,0.164242
15_9_19_BT2_1997_12_22.pdf,15,broke bit,0.160474
15_9_19_BT2_1997_12_23.pdf,1,rotation mode,0.257488
15_9_19_BT2_1997_12_23.pdf,2,bop using,0.217995
15_9_19_BT2_1997_12_23.pdf,3,once,0.199785
15_9_19_BT2_1997_12_23.pdf,4,circulated min,0.196387
15_9_19_BT2_1997_12_23.pdf,5,liner shoe,0.193285
15_9_19_BT2_1997_12_23.pdf,6,mode,0.191028
15_9_19_BT2_1997_12_23.pdf,7,shoe circulated,0.190432
15_9_19_BT2_1997_12_23.pdf,8,response,0.18779
15_9_19_BT2_1997_12_23.pdf,9,checked pumped,0.183029
15_9_19_BT2_1997_12_23.pdf,10,every stand,0.178831
15_9_19_BT2_1997_12_23.pdf,11,yellow pod,0.173335
15_9_19_BT2_1997_12_23.pdf,12,yellow,0.173335
15_9_19_BT2_1997_12_23.pdf,13,pit,0.165721
15_9_19_BT2_1997_12_23.pdf,14,backreamed,0.157222
15_9_19_BT2_1997_12_23.pdf,15,tested bop,0.156864
15_9_19_BT2_1997_12_24.pdf,1,navidrill,0.31052
15_9_19_BT2_1997_12_24.pdf,2,slick,0.203693
15_9_19_BT2_1997_12_24.pdf,3,rotational,0.188324
15_9_19_BT2_1997_12_24.pdf,4,memory mwd,0.184106
15_9_19_BT2_1997_12_24.pdf,5,checked scribe,0.180384
15_9_19_BT2_1997_12_24.pdf,6,washed rotated,0.177056
15_9_19_BT2_1997_12_24.pdf,7,precautionary,0.174045
15_9_19_BT2_1997_12_24.pdf,8,pdc bit,0.174045
15_9_19_BT2_1997_12_24.pdf,9,every stands,0.174045
15_9_19_BT2_1997_12_24.pdf,10,line tested,0.174045
15_9_19_BT2_1997_12_24.pdf,11,pdc,0.171296
15_9_19_BT2_1997_12_24.pdf,12,scribe line,0.171296
15_9_19_BT2_1997_12_24.pdf,13,scribe,0.171296
15_9_19_BT2_1997_12_24.pdf,14,bha change,0.171296
15_9_19_BT2_1997_12_24.pdf,15,rih filled,0.164246
15_9_19_BT2_1997_12_25.pdf,1,navidrill,0.172324
15_9_19_BT2_1997_12_25.pdf,2,turn right,0.168463
15_9_19_BT2_1997_12_25.pdf,3,oriented mode,0.165058
15_9_19_BT2_1997_12_25.pdf,4,normal,0.155443
15_9_19_BT2_1997_12_25.pdf,5,mode,0.155403
15_9_19_BT2_1997_12_25.pdf,6,tilt,0.143457
15_9_19_BT2_1997_12_25.pdf,7,stand continued,0.135915
15_9_19_BT2_1997_12_25.pdf,8,rotation mode,0.135915
15_9_19_BT2_1997_12_25.pdf,9,order,0.132247
15_9_19_BT2_1997_12_25.pdf,10,mwd memory,0.130711
15_9_19_BT2_1997_12_25.pdf,11,turn,0.130252
15_9_19_BT2_1997_12_25.pdf,12,every stands,0.128488
15_9_19_BT2_1997_12_25.pdf,13,survey connection,0.128488
15_9_19_BT2_1997_12_25.pdf,14,able obtain,0.128488
15_9_19_BT2_1997_12_25.pdf,15,probe,0.126458
15_9_19_BT2_1997_12_26.pdf,1,liner shoe,0.230365
15_9_19_BT2_1997_12_26.pdf,2,due tight,0.189843
15_9_19_BT2_1997_12_26.pdf,3,conn,0.184347
15_9_19_BT2_1997_12_26.pdf,4,static continued,0.175674
15_9_19_BT2_1997_12_26.pdf,5,washed rotated,0.168947
15_9_19_BT2_1997_12_26.pdf,6,shoe checked,0.168947
15_9_19_BT2_1997_12_26.pdf,7,serviced top,0.168947
15_9_19_BT2_1997_12_26.pdf,8,precautionary,0.166074
15_9_19_BT2_1997_12_26.pdf,9,changed dies,0.156724
15_9_19_BT2_1997_12_26.pdf,10,slugged,0.154778
15_9_19_BT2_1997_12_26.pdf,11,pooh liner,0.154778
15_9_19_BT2_1997_12_26.pdf,12,every stand,0.151228
15_9_19_BT2_1997_12_26.pdf,13,saver,0.149598
15_9_19_BT2_1997_12_26.pdf,14,rih broke,0.145178
15_9_19_BT2_1997_12_26.pdf,15,liner,0.142013
15_9_19_BT2_1997_12_27.pdf,1,signals,0.247891
15_9_19_BT2_1997_12_27.pdf,2,missing,0.214665
15_9_19_BT2_1997_12_27.pdf,3,btm,0.19843
15_9_19_BT2_1997_12_27.pdf,4,navidrill,0.176835
15_9_19_BT2_1997_12_27.pdf,5,rotation mode,0.172874
15_9_19_BT2_1997_12_27.pdf,6,mwd memory,0.166254
15_9_19_BT2_1997_12_27.pdf,7,continued bha,0.166254
15_9_19_BT2_1997_12_27.pdf,8,precautionary,0.163427
15_9_19_BT2_1997_12_27.pdf,9,string every,0.160845
15_9_19_BT2_1997_12_27.pdf,10,scribe,0.160845
15_9_19_BT2_1997_12_27.pdf,11,scribe line,0.160845
15_9_19_BT2_1997_12_27.pdf,12,line continued,0.160845
15_9_19_BT2_1997_12_27.pdf,13,degr,0.154226
15_9_19_BT2_1997_12_27.pdf,14,rih filled,0.154226
15_9_19_BT2_1997_12_27.pdf,15,times,0.153557
15_9_19_BT2_1997_12_28.pdf,1,liner shoe,0.239753
15_9_19_BT2_1997_12_28.pdf,2,mpr,0.219433
15_9_19_BT2_1997_12_28.pdf,3,dump,0.179138
15_9_19_BT2_1997_12_28.pdf,4,checked scribe,0.179138
15_9_19_BT2_1997_12_28.pdf,5,mwd,0.17751
15_9_19_BT2_1997_12_28.pdf,6,mwd memory,0.175833
15_9_19_BT2_1997_12_28.pdf,7,every stands,0.172842
15_9_19_BT2_1997_12_28.pdf,8,scribe line,0.170112
15_9_19_BT2_1997_12_28.pdf,9,probe,0.170112
15_9_19_BT2_1997_12_28.pdf,10,string every,0.170112
15_9_19_BT2_1997_12_28.pdf,11,made bit,0.170112
15_9_19_BT2_1997_12_28.pdf,12,line continued,0.170112
15_9_19_BT2_1997_12_28.pdf,13,scribe,0.170112
15_9_19_BT2_1997_12_28.pdf,14,slugged,0.161086
15_9_19_BT2_1997_12_28.pdf,15,line rih,0.159184
15_9_19_BT2_1997_12_29.pdf,1,ako,0.213574
15_9_19_BT2_1997_12_29.pdf,2,ako motor,0.185716
15_9_19_BT2_1997_12_29.pdf,3,brake,0.160712
15_9_19_BT2_1997_12_29.pdf,4,obtained good,0.140518
15_9_19_BT2_1997_12_29.pdf,5,continued logging,0.133907
15_9_19_BT2_1997_12_29.pdf,6,ako degr,0.133907
15_9_19_BT2_1997_12_29.pdf,7,corrected,0.1312
15_9_19_BT2_1997_12_29.pdf,8,checked scribe,0.1312
15_9_19_BT2_1997_12_29.pdf,9,performed check,0.128779
15_9_19_BT2_1997_12_29.pdf,10,pressure observed,0.128779
15_9_19_BT2_1997_12_29.pdf,11,mwd memory,0.128779
15_9_19_BT2_1997_12_29.pdf,12,shoe checked,0.128779
15_9_19_BT2_1997_12_29.pdf,13,whilst,0.126589
15_9_19_BT2_1997_12_29.pdf,14,tube,0.126589
15_9_19_BT2_1997_12_29.pdf,15,opened choke,0.126589
15_9_19_BT2_1997_12_30.pdf,1,each stand,0.379093
15_9_19_BT2_1997_12_30.pdf,2,reamed each,0.282257
15_9_19_BT2_1997_12_30.pdf,3,reamed washed,0.275141
15_9_19_BT2_1997_12_30.pdf,4,each,0.252503
15_9_19_BT2_1997_12_30.pdf,5,drilled drilled,0.246568
15_9_19_BT2_1997_12_30.pdf,6,surveys,0.239962
15_9_19_BT2_1997_12_30.pdf,7,new bha,0.234185
15_9_19_BT2_1997_12_30.pdf,8,washed reamed,0.206454
15_9_19_BT2_1997_12_30.pdf,9,reamed,0.199748
15_9_19_BT2_1997_12_30.pdf,10,btm,0.187245
15_9_19_BT2_1997_12_30.pdf,11,onto,0.173722
15_9_19_BT2_1997_12_30.pdf,12,times,0.169522
15_9_19_BT2_1997_12_30.pdf,13,washed,0.163787
15_9_19_BT2_1997_12_30.pdf,14,drilled,0.163685
15_9_19_BT2_1997_12_30.pdf,15,stand,0.15729
15_9_19_BT2_1997_12_31.pdf,1,geological samples,0.444882
15_9_19_BT2_1997_12_31.pdf,2,geological,0.444882
15_9_19_BT2_1997_12_31.pdf,3,samples,0.369723
15_9_19_BT2_1997_12_31.pdf,4,drilled circulated,0.268763
15_9_19_BT2_1997_12_31.pdf,5,break,0.25361
15_9_19_BT2_1997_12_31.pdf,6,decoding,0.229396
15_9_19_BT2_1997_12_31.pdf,7,erratic,0.214185
15_9_19_BT2_1997_12_31.pdf,8,sand,0.195022
15_9_19_BT2_1997_12_31.pdf,9,small,0.192601
15_9_19_BT2_1997_12_31.pdf,10,coring,0.18423
15_9_19_BT2_1997_12_31.pdf,11,drilled,0.150183
15_9_19_BT2_1997_12_31.pdf,12,circulated,0.142357
15_9_19_BT2_1997_12_31.pdf,13,started pooh,0.116712
15_9_19_BT2_1997_12_31.pdf,14,bop rih,0.116712
15_9_19_BT2_1997_12_31.pdf,15,mwd,0.105757
15_9_19_BT2_1998_01_01.pdf,1,ako motor,0.230508
15_9_19_BT2_1998_01_01.pdf,2,ako,0.188841
15_9_19_BT2_1998_01_01.pdf,3,content,0.163293
15_9_19_BT2_1998_01_01.pdf,4,motor made,0.163293
15_9_19_BT2_1998_01_01.pdf,5,jetting sub,0.150911
15_9_19_BT2_1998_01_01.pdf,6,liner shoe,0.148527
15_9_19_BT2_1998_01_01.pdf,7,drifted,0.142415
15_9_19_BT2_1998_01_01.pdf,8,motor,0.133049
15_9_19_BT2_1998_01_01.pdf,9,jetting,0.129539
15_9_19_BT2_1998_01_01.pdf,10,corebarrel,0.125246
15_9_19_BT2_1998_01_01.pdf,11,pod,0.119203
15_9_19_BT2_1998_01_01.pdf,12,panel,0.117681
15_9_19_BT2_1998_01_01.pdf,13,tol,0.115861
15_9_19_BT2_1998_01_01.pdf,14,failsafe,0.115861
15_9_19_BT2_1998_01_01.pdf,15,down mwd,0.113266
15_9_19_BT2_1998_01_02.pdf,1,deg,0.177491
15_9_19_BT2_1998_01_02.pdf,2,pooh racked,0.168252
15_9_19_BT2_1998_01_02.pdf,3,free max,0.16443
15_9_19_BT2_1998_01_02.pdf,4,reaming,0.160601
15_9_19_BT2_1998_01_02.pdf,5,jarred,0.15967
15_9_19_BT2_1998_01_02.pdf,6,roll,0.155645
15_9_19_BT2_1998_01_02.pdf,7,pitch,0.155645
15_9_19_BT2_1998_01_02.pdf,8,tons,0.155221
15_9_19_BT2_1998_01_02.pdf,9,stuck,0.148051
15_9_19_BT2_1998_01_02.pdf,10,reamed tight,0.146332
15_9_19_BT2_1998_01_02.pdf,11,angle,0.146332
15_9_19_BT2_1998_01_02.pdf,12,weight reamed,0.146332
15_9_19_BT2_1998_01_02.pdf,13,weather conditions,0.143843
15_9_19_BT2_1998_01_02.pdf,14,resistance,0.141571
15_9_19_BT2_1998_01_02.pdf,15,heave,0.139481
15_9_19_BT2_1998_01_03.pdf,1,weight reamed,0.29658
15_9_19_BT2_1998_01_03.pdf,2,rih took,0.265474
15_9_19_BT2_1998_01_03.pdf,3,took weight,0.216982
15_9_19_BT2_1998_01_03.pdf,4,resume,0.205917
15_9_19_BT2_1998_01_03.pdf,5,weather conditions,0.198679
15_9_19_BT2_1998_01_03.pdf,6,conditions,0.178968
15_9_19_BT2_1998_01_03.pdf,7,pitch,0.173445
15_9_19_BT2_1998_01_03.pdf,8,roll,0.173445
15_9_19_BT2_1998_01_03.pdf,9,orienting,0.16956
15_9_19_BT2_1998_01_03.pdf,10,memory mwd,0.16956
15_9_19_BT2_1998_01_03.pdf,11,deg,0.169064
15_9_19_BT2_1998_01_03.pdf,12,reamed,0.162494
15_9_19_BT2_1998_01_03.pdf,13,also,0.160293
15_9_19_BT2_1998_01_03.pdf,14,probe,0.157762
15_9_19_BT2_1998_01_03.pdf,15,heave,0.155433
15_9_19_BT2_1998_01_04.pdf,1,reaming,0.306446
15_9_19_BT2_1998_01_04.pdf,2,once,0.258304
15_9_19_BT2_1998_01_04.pdf,3,short,0.239616
15_9_19_BT2_1998_01_04.pdf,4,samples,0.199068
15_9_19_BT2_1998_01_04.pdf,5,tor,0.190572
15_9_19_BT2_1998_01_04.pdf,6,unusual,0.190572
15_9_19_BT2_1998_01_04.pdf,7,tons overpull,0.174695
15_9_19_BT2_1998_01_04.pdf,8,slug continued,0.172271
15_9_19_BT2_1998_01_04.pdf,9,rotary,0.17192
15_9_19_BT2_1998_01_04.pdf,10,core,0.168039
15_9_19_BT2_1998_01_04.pdf,11,tight,0.164222
15_9_19_BT2_1998_01_04.pdf,12,core barrel,0.164052
15_9_19_BT2_1998_01_04.pdf,13,stalling,0.164052
15_9_19_BT2_1998_01_04.pdf,14,progress,0.156036
15_9_19_BT2_1998_01_04.pdf,15,pressure dropped,0.156036
15_9_19_BT2_1998_01_05.pdf,1,core,0.245391
15_9_19_BT2_1998_01_05.pdf,2,core barrel,0.238548
15_9_19_BT2_1998_01_05.pdf,3,barrel,0.226891
15_9_19_BT2_1998_01_05.pdf,4,cut core,0.21172
15_9_19_BT2_1998_01_05.pdf,5,pooh core,0.166385
15_9_19_BT2_1998_01_05.pdf,6,jarred,0.159884
15_9_19_BT2_1998_01_05.pdf,7,tons wob,0.155853
15_9_19_BT2_1998_01_05.pdf,8,weight ran,0.155853
15_9_19_BT2_1998_01_05.pdf,9,barrel rih,0.155853
15_9_19_BT2_1998_01_05.pdf,10,very,0.152362
15_9_19_BT2_1998_01_05.pdf,11,head rih,0.149282
15_9_19_BT2_1998_01_05.pdf,12,stabilizers,0.149282
15_9_19_BT2_1998_01_05.pdf,13,rih core,0.149282
15_9_19_BT2_1998_01_05.pdf,14,bot,0.146527
15_9_19_BT2_1998_01_05.pdf,15,restart,0.146527
15_9_19_BT2_1998_01_06.pdf,1,core,0.23852
15_9_19_BT2_1998_01_06.pdf,2,pooh core,0.223687
15_9_19_BT2_1998_01_06.pdf,3,barrel,0.217298
15_9_19_BT2_1998_01_06.pdf,4,barrel rih,0.210369
15_9_19_BT2_1998_01_06.pdf,5,core pooh,0.188522
15_9_19_BT2_1998_01_06.pdf,6,redressed,0.177208
15_9_19_BT2_1998_01_06.pdf,7,core barrel,0.177038
15_9_19_BT2_1998_01_06.pdf,8,min stand,0.14592
15_9_19_BT2_1998_01_06.pdf,9,cut slipped,0.14592
15_9_19_BT2_1998_01_06.pdf,10,slipped line,0.14592
15_9_19_BT2_1998_01_06.pdf,11,finished pooh,0.144282
15_9_19_BT2_1998_01_06.pdf,12,rih core,0.14297
15_9_19_BT2_1998_01_06.pdf,13,flowchecked pumped,0.140332
15_9_19_BT2_1998_01_06.pdf,14,circulation circulated,0.137945
15_9_19_BT2_1998_01_06.pdf,15,torque wrench,0.137945
15_9_19_BT2_1998_01_07.pdf,1,core,0.234368
15_9_19_BT2_1998_01_07.pdf,2,barrel,0.2167
15_9_19_BT2_1998_01_07.pdf,3,barrel rih,0.20979
15_9_19_BT2_1998_01_07.pdf,4,core barrel,0.206549
15_9_19_BT2_1998_01_07.pdf,5,cut core,0.20221
15_9_19_BT2_1998_01_07.pdf,6,pooh core,0.197592
15_9_19_BT2_1998_01_07.pdf,7,flowchecked pumped,0.197237
15_9_19_BT2_1998_01_07.pdf,8,core pooh,0.188003
15_9_19_BT2_1998_01_07.pdf,9,redressed,0.17672
15_9_19_BT2_1998_01_07.pdf,10,corrected,0.17672
15_9_19_BT2_1998_01_07.pdf,11,dropped ball,0.169488
15_9_19_BT2_1998_01_07.pdf,12,finished pooh,0.143884
15_9_19_BT2_1998_01_07.pdf,13,rih core,0.142577
15_9_19_BT2_1998_01_07.pdf,14,recovery,0.142577
15_9_19_BT2_1998_01_07.pdf,15,reduced speed,0.139946
15_9_19_BT2_1998_01_08.pdf,1,core,0.27933
15_9_19_BT2_1998_01_08.pdf,2,pooh core,0.266613
15_9_19_BT2_1998_01_08.pdf,3,core barrel,0.249201
15_9_19_BT2_1998_01_08.pdf,4,barrel,0.237024
15_9_19_BT2_1998_01_08.pdf,5,redressed,0.202056
15_9_19_BT2_1998_01_08.pdf,6,core pooh,0.189043
15_9_19_BT2_1998_01_08.pdf,7,cut core,0.173797
15_9_19_BT2_1998_01_08.pdf,8,recovered,0.169729
15_9_19_BT2_1998_01_08.pdf,9,finished pooh,0.164513
15_9_19_BT2_1998_01_08.pdf,10,rih core,0.163018
15_9_19_BT2_1998_01_08.pdf,11,reduced speed,0.160009
15_9_19_BT2_1998_01_08.pdf,12,flowchecked pumped,0.160009
15_9_19_BT2_1998_01_08.pdf,13,met,0.154804
15_9_19_BT2_1998_01_08.pdf,14,normal drag,0.154804
15_9_19_BT2_1998_01_08.pdf,15,resistance,0.154804
15_9_19_BT2_1998_01_09.pdf,1,straight,0.262184
15_9_19_BT2_1998_01_09.pdf,2,core,0.213321
15_9_19_BT2_1998_01_09.pdf,3,log,0.184997
15_9_19_BT2_1998_01_09.pdf,4,high torque,0.18186
15_9_19_BT2_1998_01_09.pdf,5,reduced speed,0.174896
15_9_19_BT2_1998_01_09.pdf,6,obtain,0.174283
15_9_19_BT2_1998_01_09.pdf,7,motor mwd,0.169206
15_9_19_BT2_1998_01_09.pdf,8,met,0.169206
15_9_19_BT2_1998_01_09.pdf,9,resistance,0.169206
15_9_19_BT2_1998_01_09.pdf,10,core pooh,0.166708
15_9_19_BT2_1998_01_09.pdf,11,motor,0.16554
15_9_19_BT2_1998_01_09.pdf,12,pooh core,0.160228
15_9_19_BT2_1998_01_09.pdf,13,mwd rih,0.160228
15_9_19_BT2_1998_01_09.pdf,14,including,0.158336
15_9_19_BT2_1998_01_09.pdf,15,limited,0.156552
15_9_19_BT2_1998_01_10.pdf,1,reaming,0.294109
15_9_19_BT2_1998_01_10.pdf,2,log,0.279315
15_9_19_BT2_1998_01_10.pdf,3,stuck,0.271127
15_9_19_BT2_1998_01_10.pdf,4,stand reamed,0.229234
15_9_19_BT2_1998_01_10.pdf,5,mwd signal,0.229234
15_9_19_BT2_1998_01_10.pdf,6,quality,0.229234
15_9_19_BT2_1998_01_10.pdf,7,high torque,0.224099
15_9_19_BT2_1998_01_10.pdf,8,finished,0.211945
15_9_19_BT2_1998_01_10.pdf,9,mwd,0.204724
15_9_19_BT2_1998_01_10.pdf,10,poor,0.195111
15_9_19_BT2_1998_01_10.pdf,11,limited,0.192913
15_9_19_BT2_1998_01_10.pdf,12,progress,0.183487
15_9_19_BT2_1998_01_10.pdf,13,signal,0.178772
15_9_19_BT2_1998_01_10.pdf,14,obtain,0.173269
15_9_19_BT2_1998_01_10.pdf,15,racking,0.169603
15_9_19_BT2_1998_01_11.pdf,1,logs,0.244321
15_9_19_BT2_1998_01_11.pdf,2,stuck,0.227581
15_9_19_BT2_1998_01_11.pdf,3,mac,0.184245
15_9_19_BT2_1998_01_11.pdf,4,jarred,0.174847
15_9_19_BT2_1998_01_11.pdf,5,tons,0.169975
15_9_19_BT2_1998_01_11.pdf,6,atlas,0.162628
15_9_19_BT2_1998_01_11.pdf,7,casing shoe,0.157392
15_9_19_BT2_1998_01_11.pdf,8,breaking,0.155028
15_9_19_BT2_1998_01_11.pdf,9,normal drag,0.155028
15_9_19_BT2_1998_01_11.pdf,10,tons overpull,0.152739
15_9_19_BT2_1998_01_11.pdf,11,slug continued,0.150621
15_9_19_BT2_1998_01_11.pdf,12,circulation washed,0.148648
15_9_19_BT2_1998_01_11.pdf,13,laying,0.140422
15_9_19_BT2_1998_01_11.pdf,14,boosted,0.140422
15_9_19_BT2_1998_01_11.pdf,15,boosted riser,0.140422
15_9_19_BT2_1998_01_12.pdf,1,vsp,0.264994
15_9_19_BT2_1998_01_12.pdf,2,wiper trip,0.247688
15_9_19_BT2_1998_01_12.pdf,3,broken,0.201818
15_9_19_BT2_1998_01_12.pdf,4,rih wiper,0.197123
15_9_19_BT2_1998_01_12.pdf,5,wiper,0.195703
15_9_19_BT2_1998_01_12.pdf,6,lbs,0.187199
15_9_19_BT2_1998_01_12.pdf,7,loose,0.182892
15_9_19_BT2_1998_01_12.pdf,8,weight lbs,0.182411
15_9_19_BT2_1998_01_12.pdf,9,atlas,0.178039
15_9_19_BT2_1998_01_12.pdf,10,finished,0.172518
15_9_19_BT2_1998_01_12.pdf,11,motor,0.166042
15_9_19_BT2_1998_01_12.pdf,12,top drive,0.165445
15_9_19_BT2_1998_01_12.pdf,13,electric,0.162734
15_9_19_BT2_1998_01_12.pdf,14,logging tool,0.162734
15_9_19_BT2_1998_01_12.pdf,15,fittings,0.162734
15_9_19_BT2_1998_01_13.pdf,1,rih wiper,0.349634
15_9_19_BT2_1998_01_13.pdf,2,wiper trip,0.285055
15_9_19_BT2_1998_01_13.pdf,3,wiper,0.225227
15_9_19_BT2_1998_01_13.pdf,4,drawworks,0.224676
15_9_19_BT2_1998_01_13.pdf,5,electric,0.215429
15_9_19_BT2_1998_01_13.pdf,6,logs,0.178974
15_9_19_BT2_1998_01_13.pdf,7,slipped line,0.171336
15_9_19_BT2_1998_01_13.pdf,8,cut slipped,0.171336
15_9_19_BT2_1998_01_13.pdf,9,flowchecked pumped,0.164775
15_9_19_BT2_1998_01_13.pdf,10,meters,0.161973
15_9_19_BT2_1998_01_13.pdf,11,trip,0.16006
15_9_19_BT2_1998_01_13.pdf,12,normal drag,0.159414
15_9_19_BT2_1998_01_13.pdf,13,power,0.159387
15_9_19_BT2_1998_01_13.pdf,14,stood,0.147493
15_9_19_BT2_1998_01_13.pdf,15,repairing,0.147493
15_9_19_BT2_1998_01_14.pdf,1,vsp,0.216951
15_9_19_BT2_1998_01_14.pdf,2,wet connector,0.212878
15_9_19_BT2_1998_01_14.pdf,3,logging tools,0.210161
15_9_19_BT2_1998_01_14.pdf,4,atlas,0.182443
15_9_19_BT2_1998_01_14.pdf,5,entry sub,0.179638
15_9_19_BT2_1998_01_14.pdf,6,mac,0.176674
15_9_19_BT2_1998_01_14.pdf,7,logging,0.174143
15_9_19_BT2_1998_01_14.pdf,8,side entry,0.170425
15_9_19_BT2_1998_01_14.pdf,9,entry,0.170425
15_9_19_BT2_1998_01_14.pdf,10,packoff,0.167663
15_9_19_BT2_1998_01_14.pdf,11,slight,0.159775
15_9_19_BT2_1998_01_14.pdf,12,pull tested,0.156546
15_9_19_BT2_1998_01_14.pdf,13,rih logging,0.156546
15_9_19_BT2_1998_01_14.pdf,14,installed side,0.153657
15_9_19_BT2_1998_01_14.pdf,15,serviced top,0.153657
15_9_19_BT2_1998_01_15.pdf,1,vsp,0.28257
15_9_19_BT2_1998_01_15.pdf,2,string atlas,0.204232
15_9_19_BT2_1998_01_15.pdf,3,radio,0.199657
15_9_19_BT2_1998_01_15.pdf,4,wet connector,0.188746
15_9_19_BT2_1998_01_15.pdf,5,normal drag,0.185765
15_9_19_BT2_1998_01_15.pdf,6,logging,0.179071
15_9_19_BT2_1998_01_15.pdf,7,logging tool,0.17812
15_9_19_BT2_1998_01_15.pdf,8,continued logging,0.175587
15_9_19_BT2_1998_01_15.pdf,9,normal,0.162016
15_9_19_BT2_1998_01_15.pdf,10,atlas,0.161761
15_9_19_BT2_1998_01_15.pdf,11,logging tools,0.159274
15_9_19_BT2_1998_01_15.pdf,12,tool string,0.149089
15_9_19_BT2_1998_01_15.pdf,13,finally,0.144909
15_9_19_BT2_1998_01_15.pdf,14,required,0.142036
15_9_19_BT2_1998_01_15.pdf,15,atlas pooh,0.138799
15_9_19_BT2_1998_01_16.pdf,1,packing,0.183582
15_9_19_BT2_1998_01_16.pdf,2,nut,0.181602
15_9_19_BT2_1998_01_16.pdf,3,wet connector,0.18046
15_9_19_BT2_1998_01_16.pdf,4,entry sub,0.168029
15_9_19_BT2_1998_01_16.pdf,5,electric line,0.166432
15_9_19_BT2_1998_01_16.pdf,6,entry,0.159411
15_9_19_BT2_1998_01_16.pdf,7,side entry,0.159411
15_9_19_BT2_1998_01_16.pdf,8,electric,0.15439
15_9_19_BT2_1998_01_16.pdf,9,side,0.148573
15_9_19_BT2_1998_01_16.pdf,10,fmt,0.147924
15_9_19_BT2_1998_01_16.pdf,11,atlas,0.145868
15_9_19_BT2_1998_01_16.pdf,12,fmt toolstring,0.145565
15_9_19_BT2_1998_01_16.pdf,13,vsp,0.142516
15_9_19_BT2_1998_01_16.pdf,14,pulled wet,0.13984
15_9_19_BT2_1998_01_16.pdf,15,pooh electric,0.133072
15_9_19_BT2_1998_01_17.pdf,1,fmt toolstring,0.236268
15_9_19_BT2_1998_01_17.pdf,2,electric line,0.22039
15_9_19_BT2_1998_01_17.pdf,3,fmt,0.211152
15_9_19_BT2_1998_01_17.pdf,4,electric,0.204444
15_9_19_BT2_1998_01_17.pdf,5,toolstring drillpipe,0.20212
15_9_19_BT2_1998_01_17.pdf,6,wet connector,0.199612
15_9_19_BT2_1998_01_17.pdf,7,entry sub,0.188837
15_9_19_BT2_1998_01_17.pdf,8,drillpipe,0.180797
15_9_19_BT2_1998_01_17.pdf,9,entry,0.179153
15_9_19_BT2_1998_01_17.pdf,10,side entry,0.179153
15_9_19_BT2_1998_01_17.pdf,11,atlas,0.168663
15_9_19_BT2_1998_01_17.pdf,12,balance,0.164491
15_9_19_BT2_1998_01_17.pdf,13,side,0.159147
15_9_19_BT2_1998_01_17.pdf,14,toolstring,0.14504
15_9_19_BT2_1998_01_17.pdf,15,wet,0.142637
15_9_19_BT2_1998_01_18.pdf,1,sidewall,0.269912
15_9_19_BT2_1998_01_18.pdf,2,fmt toolstring,0.258506
15_9_19_BT2_1998_01_18.pdf,3,fmt,0.231026
15_9_19_BT2_1998_01_18.pdf,4,toolstring drillpipe,0.203762
15_9_19_BT2_1998_01_18.pdf,5,toolstring,0.182009
15_9_19_BT2_1998_01_18.pdf,6,packing,0.165827
15_9_19_BT2_1998_01_18.pdf,7,wet connector,0.163007
15_9_19_BT2_1998_01_18.pdf,8,entry sub,0.160926
15_9_19_BT2_1998_01_18.pdf,9,core,0.158298
15_9_19_BT2_1998_01_18.pdf,10,drillpipe,0.154075
15_9_19_BT2_1998_01_18.pdf,11,side entry,0.152672
15_9_19_BT2_1998_01_18.pdf,12,entry,0.152672
15_9_19_BT2_1998_01_18.pdf,13,rubber,0.148434
15_9_19_BT2_1998_01_18.pdf,14,bolt,0.137553
15_9_19_BT2_1998_01_18.pdf,15,completed pooh,0.13708
15_9_19_BT2_1998_01_19.pdf,1,sidewall,0.362785
15_9_19_BT2_1998_01_19.pdf,2,pooh sidewall,0.305713
15_9_19_BT2_1998_01_19.pdf,3,toolstring drillpipe,0.259431
15_9_19_BT2_1998_01_19.pdf,4,coring,0.230279
15_9_19_BT2_1998_01_19.pdf,5,toolstring,0.179553
15_9_19_BT2_1998_01_19.pdf,6,drillpipe,0.173764
15_9_19_BT2_1998_01_19.pdf,7,atlas,0.153185
15_9_19_BT2_1998_01_19.pdf,8,electric line,0.151543
15_9_19_BT2_1998_01_19.pdf,9,tih,0.151492
15_9_19_BT2_1998_01_19.pdf,10,wet connector,0.148966
15_9_19_BT2_1998_01_19.pdf,11,electric,0.140579
15_9_19_BT2_1998_01_19.pdf,12,while pooh,0.13958
15_9_19_BT2_1998_01_19.pdf,13,sheaves,0.137195
15_9_19_BT2_1998_01_19.pdf,14,taking,0.135607
15_9_19_BT2_1998_01_19.pdf,15,pooh electric,0.130046
15_9_19_BT2_1998_01_20.pdf,1,hang off,0.189197
15_9_19_BT2_1998_01_20.pdf,2,hang,0.182634
15_9_19_BT2_1998_01_20.pdf,3,off tool,0.182185
15_9_19_BT2_1998_01_20.pdf,4,continued tih,0.156381
15_9_19_BT2_1998_01_20.pdf,5,weather,0.154097
15_9_19_BT2_1998_01_20.pdf,6,tih,0.149632
15_9_19_BT2_1998_01_20.pdf,7,unlatched,0.142538
15_9_19_BT2_1998_01_20.pdf,8,tubing,0.125629
15_9_19_BT2_1998_01_20.pdf,9,oil base,0.123166
15_9_19_BT2_1998_01_20.pdf,10,constantly,0.123166
15_9_19_BT2_1998_01_20.pdf,11,cementing,0.120453
15_9_19_BT2_1998_01_20.pdf,12,drillpipe,0.119734
15_9_19_BT2_1998_01_20.pdf,13,base mud,0.117371
15_9_19_BT2_1998_01_20.pdf,14,blind shear,0.117371
15_9_19_BT2_1998_01_20.pdf,15,strin,0.117371
15_9_19_BT2_1998_01_21.pdf,1,lmrp,0.180227
15_9_19_BT2_1998_01_21.pdf,2,mud down,0.167393
15_9_19_BT2_1998_01_21.pdf,3,inner barrel,0.163643
15_9_19_BT2_1998_01_21.pdf,4,circulated mud,0.160336
15_9_19_BT2_1998_01_21.pdf,5,slip joint,0.1547
15_9_19_BT2_1998_01_21.pdf,6,down kill,0.150009
15_9_19_BT2_1998_01_21.pdf,7,choke line,0.135235
15_9_19_BT2_1998_01_21.pdf,8,barrel,0.133987
15_9_19_BT2_1998_01_21.pdf,9,lpr,0.133987
15_9_19_BT2_1998_01_21.pdf,10,continued waiting,0.133902
15_9_19_BT2_1998_01_21.pdf,11,bops,0.133623
15_9_19_BT2_1998_01_21.pdf,12,riser lifting,0.129921
15_9_19_BT2_1998_01_21.pdf,13,waiting weather,0.128391
15_9_19_BT2_1998_01_21.pdf,14,inner,0.125605
15_9_19_BT2_1998_01_21.pdf,15,kill line,0.122197
15_9_19_BT2_1998_01_22.pdf,1,off tool,0.159073
15_9_19_BT2_1998_01_22.pdf,2,balance mud,0.150887
15_9_19_BT2_1998_01_22.pdf,3,hang off,0.147354
15_9_19_BT2_1998_01_22.pdf,4,balance,0.145109
15_9_19_BT2_1998_01_22.pdf,5,hang,0.142242
15_9_19_BT2_1998_01_22.pdf,6,drillpipe,0.129061
15_9_19_BT2_1998_01_22.pdf,7,spotted cement,0.119603
15_9_19_BT2_1998_01_22.pdf,8,spacer displaced,0.116924
15_9_19_BT2_1998_01_22.pdf,9,screens,0.116924
15_9_19_BT2_1998_01_22.pdf,10,plug number,0.116924
15_9_19_BT2_1998_01_22.pdf,11,cementing stand,0.112447
15_9_19_BT2_1998_01_22.pdf,12,number,0.112447
15_9_19_BT2_1998_01_22.pdf,13,spacer cement,0.110534
15_9_19_BT2_1998_01_22.pdf,14,maximum gas,0.110534
15_9_19_BT2_1998_01_22.pdf,15,gas reading,0.108788
15_9_19_BT2_1998_01_23.pdf,1,above wellhead,0.221401
15_9_19_BT2_1998_01_23.pdf,2,once,0.202906
15_9_19_BT2_1998_01_23.pdf,3,drillpipe,0.180656
15_9_19_BT2_1998_01_23.pdf,4,plug number,0.180342
15_9_19_BT2_1998_01_23.pdf,5,boosted riser,0.177809
15_9_19_BT2_1998_01_23.pdf,6,boosted,0.177809
15_9_19_BT2_1998_01_23.pdf,7,number,0.173436
15_9_19_BT2_1998_01_23.pdf,8,jts,0.16973
15_9_19_BT2_1998_01_23.pdf,9,additional,0.16831
15_9_19_BT2_1998_01_23.pdf,10,bottoms lpm,0.153572
15_9_19_BT2_1998_01_23.pdf,11,bottoms,0.147444
15_9_19_BT2_1998_01_23.pdf,12,spotted,0.138754
15_9_19_BT2_1998_01_23.pdf,13,oil base,0.134275
15_9_19_BT2_1998_01_23.pdf,14,spotted cement,0.13089
15_9_19_BT2_1998_01_23.pdf,15,mud pooh,0.130534
15_9_19_BT2_1998_01_24.pdf,1,base mud,0.21131
15_9_19_BT2_1998_01_24.pdf,2,water base,0.194844
15_9_19_BT2_1998_01_24.pdf,3,oil base,0.180336
15_9_19_BT2_1998_01_24.pdf,4,base,0.16338
15_9_19_BT2_1998_01_24.pdf,5,plug number,0.161703
15_9_19_BT2_1998_01_24.pdf,6,upper annular,0.160636
15_9_19_BT2_1998_01_24.pdf,7,number,0.155511
15_9_19_BT2_1998_01_24.pdf,8,approximately,0.124401
15_9_19_BT2_1998_01_24.pdf,9,blind shear,0.12069
15_9_19_BT2_1998_01_24.pdf,10,oil,0.116651
15_9_19_BT2_1998_01_24.pdf,11,annular preventer,0.114094
15_9_19_BT2_1998_01_24.pdf,12,preventer,0.114094
15_9_19_BT2_1998_01_24.pdf,13,annular,0.110748
15_9_19_BT2_1998_01_24.pdf,14,losing mud,0.108572
15_9_19_BT2_1998_01_24.pdf,15,drillpipe,0.107843
15_9_19_BT2_1998_01_25.pdf,1,water base,0.184246
15_9_19_BT2_1998_01_25.pdf,2,base mud,0.170494
15_9_19_BT2_1998_01_25.pdf,3,via,0.168288
15_9_19_BT2_1998_01_25.pdf,4,migrate,0.163067
15_9_19_BT2_1998_01_25.pdf,5,cutting assembly,0.152927
15_9_19_BT2_1998_01_25.pdf,6,note,0.150025
15_9_19_BT2_1998_01_25.pdf,7,base,0.145407
15_9_19_BT2_1998_01_25.pdf,8,lower annular,0.142787
15_9_19_BT2_1998_01_25.pdf,9,losing,0.142787
15_9_19_BT2_1998_01_25.pdf,10,upper annular,0.140152
15_9_19_BT2_1998_01_25.pdf,11,jts,0.137157
15_9_19_BT2_1998_01_25.pdf,12,cutting,0.136939
15_9_19_BT2_1998_01_25.pdf,13,again,0.128161
15_9_19_BT2_1998_01_25.pdf,14,building,0.125452
15_9_19_BT2_1998_01_25.pdf,15,annular,0.124692
15_9_19_BT2_1998_01_26.pdf,1,upper annular,0.15567
15_9_19_BT2_1998_01_26.pdf,2,water base,0.154572
15_9_19_BT2_1998_01_26.pdf,3,base mud,0.1534
15_9_19_BT2_1998_01_26.pdf,4,note,0.129128
15_9_19_BT2_1998_01_26.pdf,5,downtime,0.127052
15_9_19_BT2_1998_01_26.pdf,6,opened upper,0.127052
15_9_19_BT2_1998_01_26.pdf,7,casing cut,0.127052
15_9_19_BT2_1998_01_26.pdf,8,seal assembly,0.125273
15_9_19_BT2_1998_01_26.pdf,9,migrate,0.124024
15_9_19_BT2_1998_01_26.pdf,10,annular,0.121476
15_9_19_BT2_1998_01_26.pdf,11,base,0.118605
15_9_19_BT2_1998_01_26.pdf,12,spear,0.114515
15_9_19_BT2_1998_01_26.pdf,13,loaded tool,0.114248
15_9_19_BT2_1998_01_26.pdf,14,spring loaded,0.112899
15_9_19_BT2_1998_01_26.pdf,15,closed upper,0.111627
15_9_19_BT2_1998_01_27.pdf,1,jts,0.205386
15_9_19_BT2_1998_01_27.pdf,2,casing string,0.203043
15_9_19_BT2_1998_01_27.pdf,3,spear,0.199231
15_9_19_BT2_1998_01_27.pdf,4,plug number,0.191919
15_9_19_BT2_1998_01_27.pdf,5,drillpipe,0.184795
15_9_19_BT2_1998_01_27.pdf,6,number,0.18457
15_9_19_BT2_1998_01_27.pdf,7,pooh drillpipe,0.154839
15_9_19_BT2_1998_01_27.pdf,8,false,0.154839
15_9_19_BT2_1998_01_27.pdf,9,spear casing,0.151709
15_9_19_BT2_1998_01_27.pdf,10,casing cut,0.151709
15_9_19_BT2_1998_01_27.pdf,11,circulated mud,0.151709
15_9_19_BT2_1998_01_27.pdf,12,pooh spear,0.14891
15_9_19_BT2_1998_01_27.pdf,13,below rotary,0.14891
15_9_19_BT2_1998_01_27.pdf,14,casing hanger,0.14813
15_9_19_BT2_1998_01_27.pdf,15,total jts,0.146377
15_9_19_BT2_1998_01_28.pdf,1,electric line,0.209632
15_9_19_BT2_1998_01_28.pdf,2,electric,0.194465
15_9_19_BT2_1998_01_28.pdf,3,bridge plug,0.187645
15_9_19_BT2_1998_01_28.pdf,4,jts,0.175357
15_9_19_BT2_1998_01_28.pdf,5,bridge,0.175357
15_9_19_BT2_1998_01_28.pdf,6,plug number,0.163859
15_9_19_BT2_1998_01_28.pdf,7,number,0.157584
15_9_19_BT2_1998_01_28.pdf,8,scraper,0.149889
15_9_19_BT2_1998_01_28.pdf,9,muleshoe,0.148123
15_9_19_BT2_1998_01_28.pdf,10,water base,0.142863
15_9_19_BT2_1998_01_28.pdf,11,contaminated mud,0.142863
15_9_19_BT2_1998_01_28.pdf,12,line rih,0.142663
15_9_19_BT2_1998_01_28.pdf,13,cutting assembly,0.138727
15_9_19_BT2_1998_01_28.pdf,14,base mud,0.1322
15_9_19_BT2_1998_01_28.pdf,15,plug top,0.1322
15_9_19_BT2_1998_01_29.pdf,1,upper annular,0.157989
15_9_19_BT2_1998_01_29.pdf,2,migrate,0.157123
15_9_19_BT2_1998_01_29.pdf,3,derrick rih,0.15707
15_9_19_BT2_1998_01_29.pdf,4,cutting,0.149321
15_9_19_BT2_1998_01_29.pdf,5,annular,0.141981
15_9_19_BT2_1998_01_29.pdf,6,lower annular,0.137582
15_9_19_BT2_1998_01_29.pdf,7,drillpipe,0.136177
15_9_19_BT2_1998_01_29.pdf,8,swept,0.126936
15_9_19_BT2_1998_01_29.pdf,9,gas,0.124766
15_9_19_BT2_1998_01_29.pdf,10,seawater pooh,0.123492
15_9_19_BT2_1998_01_29.pdf,11,seal assembly,0.12197
15_9_19_BT2_1998_01_29.pdf,12,pull casing,0.116743
15_9_19_BT2_1998_01_29.pdf,13,pulled seal,0.114899
15_9_19_BT2_1998_01_29.pdf,14,bops,0.114661
15_9_19_BT2_1998_01_29.pdf,15,jts,0.112964
15_9_19_BT2_1998_01_30.pdf,1,drillwater,0.176905
15_9_19_BT2_1998_01_30.pdf,2,lmrp,0.168714
15_9_19_BT2_1998_01_30.pdf,3,choke line,0.14292
15_9_19_BT2_1998_01_30.pdf,4,down choke,0.128766
15_9_19_BT2_1998_01_30.pdf,5,spotted cement,0.12552
15_9_19_BT2_1998_01_30.pdf,6,mud down,0.12552
15_9_19_BT2_1998_01_30.pdf,7,pooh drillpipe,0.122708
15_9_19_BT2_1998_01_30.pdf,8,plug number,0.122708
15_9_19_BT2_1998_01_30.pdf,9,unlatched,0.120228
15_9_19_BT2_1998_01_30.pdf,10,broke down,0.120228
15_9_19_BT2_1998_01_30.pdf,11,squeezed,0.120228
15_9_19_BT2_1998_01_30.pdf,12,flushed choke,0.118009
15_9_19_BT2_1998_01_30.pdf,13,down riser,0.118009
15_9_19_BT2_1998_01_30.pdf,14,number,0.118009
15_9_19_BT2_1998_01_30.pdf,15,cementing stand,0.118009
15_9_19_BT2_1998_01_31.pdf,1,lmrp,0.295971
15_9_19_BT2_1998_01_31.pdf,2,flex,0.260399
15_9_19_BT2_1998_01_31.pdf,3,joint inspected,0.189859
15_9_19_BT2_1998_01_31.pdf,4,continued pulling,0.172138
15_9_19_BT2_1998_01_31.pdf,5,continued rigging,0.172138
15_9_19_BT2_1998_01_31.pdf,6,coflex,0.168961
15_9_19_BT2_1998_01_31.pdf,7,moonpool,0.168902
15_9_19_BT2_1998_01_31.pdf,8,rigging down,0.166088
15_9_19_BT2_1998_01_31.pdf,9,off location,0.163465
15_9_19_BT2_1998_01_31.pdf,10,support,0.161051
15_9_19_BT2_1998_01_31.pdf,11,riser joint,0.158817
15_9_19_BT2_1998_01_31.pdf,12,degr,0.156737
15_9_19_BT2_1998_01_31.pdf,13,rig off,0.156737
15_9_19_BT2_1998_01_31.pdf,14,direction,0.152963
15_9_19_BT2_1998_01_31.pdf,15,dismantled,0.152963
15_9_19_BT2_1998_02_01.pdf,1,lmrp,0.258788
15_9_19_BT2_1998_02_01.pdf,2,pulled bop,0.203199
15_9_19_BT2_1998_02_01.pdf,3,pod,0.167854
15_9_19_BT2_1998_02_01.pdf,4,made riser,0.167366
15_9_19_BT2_1998_02_01.pdf,5,above wellhead,0.167366
15_9_19_BT2_1998_02_01.pdf,6,pull test,0.159492
15_9_19_BT2_1998_02_01.pdf,7,bumper,0.156269
15_9_19_BT2_1998_02_01.pdf,8,unlatched,0.156269
15_9_19_BT2_1998_02_01.pdf,9,riser removed,0.156269
15_9_19_BT2_1998_02_01.pdf,10,flex,0.153385
15_9_19_BT2_1998_02_01.pdf,11,side,0.151126
15_9_19_BT2_1998_02_01.pdf,12,pulled above,0.150776
15_9_19_BT2_1998_02_01.pdf,13,pulled rig,0.148395
15_9_19_BT2_1998_02_01.pdf,14,off location,0.148395
15_9_19_BT2_1998_02_01.pdf,15,stb,0.144176
15_9_19_BT2_1998_02_02.pdf,1,frame,0.231095
15_9_19_BT2_1998_02_02.pdf,2,down riser,0.215759
15_9_19_BT2_1998_02_02.pdf,3,protection,0.206754
15_9_19_BT2_1998_02_02.pdf,4,sling,0.202805
15_9_19_BT2_1998_02_02.pdf,5,center,0.200149
15_9_19_BT2_1998_02_02.pdf,6,anchors,0.197664
15_9_19_BT2_1998_02_02.pdf,7,hatch,0.192527
15_9_19_BT2_1998_02_02.pdf,8,lifting,0.183684
15_9_19_BT2_1998_02_02.pdf,9,wire,0.159603
15_9_19_BT2_1998_02_02.pdf,10,deck rih,0.155966
15_9_19_BT2_1998_02_02.pdf,11,rig draft,0.155966
15_9_19_BT2_1998_02_02.pdf,12,riser handling,0.155966
15_9_19_BT2_1998_02_02.pdf,13,riser joints,0.153088
15_9_19_BT2_1998_02_02.pdf,14,pins,0.153088
15_9_19_BT2_1998_02_02.pdf,15,retrieved,0.148391
15_9_19_BT2_1998_02_03.pdf,1,wave height,0.328372
15_9_19_BT2_1998_02_03.pdf,2,wave,0.314528
15_9_19_BT2_1998_02_03.pdf,3,height,0.294271
15_9_19_BT2_1998_02_03.pdf,4,anchor,0.256086
15_9_19_BT2_1998_02_03.pdf,5,weather due,0.248759
15_9_19_BT2_1998_02_03.pdf,6,high wind,0.216582
15_9_19_BT2_1998_02_03.pdf,7,due high,0.208212
15_9_19_BT2_1998_02_03.pdf,8,secured,0.180605
15_9_19_BT2_1998_02_03.pdf,9,weather,0.173515
15_9_19_BT2_1998_02_03.pdf,10,wind,0.172272
15_9_19_BT2_1998_02_03.pdf,11,chains,0.169743
15_9_19_BT2_1998_02_03.pdf,12,deballasted,0.166857
15_9_19_BT2_1998_02_03.pdf,13,deballasted rig,0.166857
15_9_19_BT2_1998_02_03.pdf,14,hrs,0.165831
15_9_19_BT2_1998_02_03.pdf,15,high,0.164887
15_9_19_BT2_1998_02_04.pdf,1,wave,0.388807
15_9_19_BT2_1998_02_04.pdf,2,anchor,0.348204
15_9_19_BT2_1998_02_04.pdf,3,direction,0.345498
15_9_19_BT2_1998_02_04.pdf,4,anchor handling,0.272382
15_9_19_BT2_1998_02_04.pdf,5,sec,0.245634
15_9_19_BT2_1998_02_04.pdf,6,hrs,0.219162
15_9_19_BT2_1998_02_04.pdf,7,deg,0.192236
15_9_19_BT2_1998_02_04.pdf,8,weather,0.189537
15_9_19_BT2_1998_02_04.pdf,9,weather conditions,0.182263
15_9_19_BT2_1998_02_04.pdf,10,power,0.179354
15_9_19_BT2_1998_02_04.pdf,11,long,0.167861
15_9_19_BT2_1998_02_04.pdf,12,draft,0.167861
15_9_19_BT2_1998_02_04.pdf,13,commence,0.167861
15_9_19_BT2_1998_02_04.pdf,14,conditions,0.164181
15_9_19_BT2_1998_02_04.pdf,15,lost,0.157842
15_9_19_BT2_1998_02_05.pdf,1,distance,0.500722
15_9_19_BT2_1998_02_05.pdf,2,pilot,0.415349
15_9_19_BT2_1998_02_05.pdf,3,deg,0.368344
15_9_19_BT2_1998_02_05.pdf,4,point,0.358727
15_9_19_BT2_1998_02_05.pdf,5,power,0.243838
15_9_19_BT2_1998_02_05.pdf,6,position,0.238595
15_9_19_BT2_1998_02_05.pdf,7,average,0.208049
15_9_19_BT2_1998_02_05.pdf,8,pulling,0.198812
15_9_19_BT2_1998_02_05.pdf,9,max,0.185749
15_9_19_BT2_1998_02_05.pdf,10,speed,0.182345
15_9_19_BT2_1998_02_05.pdf,11,hrs,0.177943
15_9_19_BT2_1998_02_05.pdf,12,rig,0.117428
15_9_19_B_1997_11_10.pdf,1,dir,0.352217
15_9_19_B_1997_11_10.pdf,2,motor made,0.333398
15_9_19_B_1997_11_10.pdf,3,tested motor,0.325929
15_9_19_B_1997_11_10.pdf,4,ako,0.298774
15_9_19_B_1997_11_10.pdf,5,degr,0.290771
15_9_19_B_1997_11_10.pdf,6,kick off,0.280573
15_9_19_B_1997_11_10.pdf,7,load,0.240272
15_9_19_B_1997_11_10.pdf,8,kick,0.237327
15_9_19_B_1997_11_10.pdf,9,motor,0.210504
15_9_19_B_1997_11_10.pdf,10,setting,0.174
15_9_19_B_1997_11_10.pdf,11,dress,0.167599
15_9_19_B_1997_11_10.pdf,12,mwd,0.157679
15_9_19_B_1997_11_10.pdf,13,made bha,0.156208
15_9_19_B_1997_11_10.pdf,14,made,0.147173
15_9_19_B_1997_11_10.pdf,15,picking,0.141908
15_9_19_B_1997_11_11.pdf,1,blocks,0.221121
15_9_19_B_1997_11_11.pdf,2,crown,0.176127
15_9_19_B_1997_11_11.pdf,3,bumper,0.171349
15_9_19_B_1997_11_11.pdf,4,travelling,0.168187
15_9_19_B_1997_11_11.pdf,5,window,0.165767
15_9_19_B_1997_11_11.pdf,6,hit,0.140987
15_9_19_B_1997_11_11.pdf,7,csg window,0.135506
15_9_19_B_1997_11_11.pdf,8,cmt,0.135104
15_9_19_B_1997_11_11.pdf,9,kick off,0.132398
15_9_19_B_1997_11_11.pdf,10,med,0.130211
15_9_19_B_1997_11_11.pdf,11,pick,0.126224
15_9_19_B_1997_11_11.pdf,12,tool face,0.124086
15_9_19_B_1997_11_11.pdf,13,continued make,0.124086
15_9_19_B_1997_11_11.pdf,14,slight,0.124086
15_9_19_B_1997_11_11.pdf,15,overpull continued,0.121577
15_9_19_B_1997_11_12.pdf,1,degr,0.217188
15_9_19_B_1997_11_12.pdf,2,ako,0.17948
15_9_19_B_1997_11_12.pdf,3,planned,0.172503
15_9_19_B_1997_11_12.pdf,4,rock bit,0.165762
15_9_19_B_1997_11_12.pdf,5,rock,0.165762
15_9_19_B_1997_11_12.pdf,6,stabilizer,0.161803
15_9_19_B_1997_11_12.pdf,7,reciprocate,0.161584
15_9_19_B_1997_11_12.pdf,8,ako degr,0.157964
15_9_19_B_1997_11_12.pdf,9,oriented mode,0.154771
15_9_19_B_1997_11_12.pdf,10,near bit,0.154771
15_9_19_B_1997_11_12.pdf,11,total volume,0.151915
15_9_19_B_1997_11_12.pdf,12,near,0.151915
15_9_19_B_1997_11_12.pdf,13,downloaded,0.151915
15_9_19_B_1997_11_12.pdf,14,able get,0.149331
15_9_19_B_1997_11_12.pdf,15,until shakers,0.149331
15_9_19_B_1997_11_13.pdf,1,each stand,0.258533
15_9_19_B_1997_11_13.pdf,2,csg window,0.227781
15_9_19_B_1997_11_13.pdf,3,filled csg,0.205256
15_9_19_B_1997_11_13.pdf,4,take scr,0.18764
15_9_19_B_1997_11_13.pdf,5,travel,0.18764
15_9_19_B_1997_11_13.pdf,6,window,0.1829
15_9_19_B_1997_11_13.pdf,7,circulated reciprocated,0.179729
15_9_19_B_1997_11_13.pdf,8,angle,0.176412
15_9_19_B_1997_11_13.pdf,9,precautionary,0.173412
15_9_19_B_1997_11_13.pdf,10,each,0.172201
15_9_19_B_1997_11_13.pdf,11,obstructions,0.170673
15_9_19_B_1997_11_13.pdf,12,middle,0.168153
15_9_19_B_1997_11_13.pdf,13,oriented,0.167685
15_9_19_B_1997_11_13.pdf,14,sliding,0.165821
15_9_19_B_1997_11_13.pdf,15,rih filled,0.163649
15_9_19_B_1997_11_14.pdf,1,ako degr,0.180021
15_9_19_B_1997_11_14.pdf,2,orienting,0.180021
15_9_19_B_1997_11_14.pdf,3,ako,0.165022
15_9_19_B_1997_11_14.pdf,4,degr,0.160601
15_9_19_B_1997_11_14.pdf,5,wash ream,0.15241
15_9_19_B_1997_11_14.pdf,6,stand reamed,0.148568
15_9_19_B_1997_11_14.pdf,7,break circ,0.145239
15_9_19_B_1997_11_14.pdf,8,each stand,0.145239
15_9_19_B_1997_11_14.pdf,9,btm,0.142498
15_9_19_B_1997_11_14.pdf,10,oriented mode,0.142304
15_9_19_B_1997_11_14.pdf,11,near bit,0.142304
15_9_19_B_1997_11_14.pdf,12,picked rih,0.139678
15_9_19_B_1997_11_14.pdf,13,bop blue,0.139678
15_9_19_B_1997_11_14.pdf,14,near,0.139678
15_9_19_B_1997_11_14.pdf,15,downloaded,0.139678
15_9_19_B_1997_11_15.pdf,1,lcm,0.187659
15_9_19_B_1997_11_15.pdf,2,lost returns,0.172172
15_9_19_B_1997_11_15.pdf,3,attempted establish,0.172172
15_9_19_B_1997_11_15.pdf,4,flowed,0.169244
15_9_19_B_1997_11_15.pdf,5,lcm pill,0.157396
15_9_19_B_1997_11_15.pdf,6,losses formation,0.156088
15_9_19_B_1997_11_15.pdf,7,displacing,0.154066
15_9_19_B_1997_11_15.pdf,8,staging,0.151569
15_9_19_B_1997_11_15.pdf,9,nut,0.151569
15_9_19_B_1997_11_15.pdf,10,min lost,0.151569
15_9_19_B_1997_11_15.pdf,11,checked static,0.151027
15_9_19_B_1997_11_15.pdf,12,returns observed,0.147748
15_9_19_B_1997_11_15.pdf,13,orienting,0.144439
15_9_19_B_1997_11_15.pdf,14,pill,0.144134
15_9_19_B_1997_11_15.pdf,15,bar press,0.141519
15_9_19_B_1997_11_16.pdf,1,cmt line,0.153458
15_9_19_B_1997_11_16.pdf,2,cmt,0.153072
15_9_19_B_1997_11_16.pdf,3,cmt stand,0.150626
15_9_19_B_1997_11_16.pdf,4,checked static,0.135942
15_9_19_B_1997_11_16.pdf,5,cmt slurry,0.134958
15_9_19_B_1997_11_16.pdf,6,pooh checked,0.133375
15_9_19_B_1997_11_16.pdf,7,cmt unit,0.120217
15_9_19_B_1997_11_16.pdf,8,rotated reciprocated,0.116615
15_9_19_B_1997_11_16.pdf,9,losses,0.114586
15_9_19_B_1997_11_16.pdf,10,bha above,0.113676
15_9_19_B_1997_11_16.pdf,11,during,0.111629
15_9_19_B_1997_11_16.pdf,12,when attempting,0.111129
15_9_19_B_1997_11_16.pdf,13,near bit,0.108883
15_9_19_B_1997_11_16.pdf,14,losses during,0.108883
15_9_19_B_1997_11_16.pdf,15,near,0.106874
15_9_19_B_1997_11_17.pdf,1,racking arm,0.230787
15_9_19_B_1997_11_17.pdf,2,arm,0.225386
15_9_19_B_1997_11_17.pdf,3,ako,0.225153
15_9_19_B_1997_11_17.pdf,4,racking,0.205112
15_9_19_B_1997_11_17.pdf,5,upper racking,0.193868
15_9_19_B_1997_11_17.pdf,6,finger,0.165711
15_9_19_B_1997_11_17.pdf,7,damaged,0.150646
15_9_19_B_1997_11_17.pdf,8,cylinder,0.149413
15_9_19_B_1997_11_17.pdf,9,picked bha,0.141712
15_9_19_B_1997_11_17.pdf,10,motor made,0.13814
15_9_19_B_1997_11_17.pdf,11,telescope,0.13814
15_9_19_B_1997_11_17.pdf,12,tested motor,0.135046
15_9_19_B_1997_11_17.pdf,13,ako degr,0.135046
15_9_19_B_1997_11_17.pdf,14,orienting,0.135046
15_9_19_B_1997_11_17.pdf,15,near bit,0.132316
15_9_19_B_1997_11_18.pdf,1,finger,0.184105
15_9_19_B_1997_11_18.pdf,2,racking,0.176586
15_9_19_B_1997_11_18.pdf,3,upper racking,0.176122
15_9_19_B_1997_11_18.pdf,4,racking arm,0.172261
15_9_19_B_1997_11_18.pdf,5,min lost,0.17195
15_9_19_B_1997_11_18.pdf,6,travel,0.167616
15_9_19_B_1997_11_18.pdf,7,attempted establish,0.157586
15_9_19_B_1997_11_18.pdf,8,arm,0.149125
15_9_19_B_1997_11_18.pdf,9,drilled cmt,0.147409
15_9_19_B_1997_11_18.pdf,10,loss,0.125971
15_9_19_B_1997_11_18.pdf,11,establish,0.124014
15_9_19_B_1997_11_18.pdf,12,cmt,0.12255
15_9_19_B_1997_11_18.pdf,13,repair,0.119903
15_9_19_B_1997_11_18.pdf,14,declined,0.118928
15_9_19_B_1997_11_18.pdf,15,mud loss,0.116264
15_9_19_B_1997_11_19.pdf,1,heave,0.20791
15_9_19_B_1997_11_19.pdf,2,weather due,0.193866
15_9_19_B_1997_11_19.pdf,3,high wind,0.168789
15_9_19_B_1997_11_19.pdf,4,wind,0.157069
15_9_19_B_1997_11_19.pdf,5,waiting weather,0.152102
15_9_19_B_1997_11_19.pdf,6,wind rig,0.148648
15_9_19_B_1997_11_19.pdf,7,weather,0.144674
15_9_19_B_1997_11_19.pdf,8,rig heave,0.144344
15_9_19_B_1997_11_19.pdf,9,due high,0.138699
15_9_19_B_1997_11_19.pdf,10,static continued,0.137554
15_9_19_B_1997_11_19.pdf,11,formation pooh,0.134773
15_9_19_B_1997_11_19.pdf,12,checked inside,0.134773
15_9_19_B_1997_11_19.pdf,13,indicated,0.130036
15_9_19_B_1997_11_19.pdf,14,wind speed,0.127983
15_9_19_B_1997_11_19.pdf,15,cement string,0.127983
15_9_19_B_1997_11_20.pdf,1,wind rig,0.326889
15_9_19_B_1997_11_20.pdf,2,rig heave,0.317424
15_9_19_B_1997_11_20.pdf,3,waiting weather,0.315714
15_9_19_B_1997_11_20.pdf,4,weather due,0.302491
15_9_19_B_1997_11_20.pdf,5,continued waiting,0.281444
15_9_19_B_1997_11_20.pdf,6,heave,0.277289
15_9_19_B_1997_11_20.pdf,7,high wind,0.263363
15_9_19_B_1997_11_20.pdf,8,weather,0.225737
15_9_19_B_1997_11_20.pdf,9,waiting,0.217169
15_9_19_B_1997_11_20.pdf,10,due high,0.216414
15_9_19_B_1997_11_20.pdf,11,wind,0.209482
15_9_19_B_1997_11_20.pdf,12,high,0.171383
15_9_19_B_1997_11_20.pdf,13,squeeze job,0.14184
15_9_19_B_1997_11_20.pdf,14,connect,0.121908
15_9_19_B_1997_11_20.pdf,15,off tool,0.113088
15_9_19_B_1997_11_21.pdf,1,wind rig,0.394502
15_9_19_B_1997_11_21.pdf,2,rig heave,0.38308
15_9_19_B_1997_11_21.pdf,3,heave,0.334643
15_9_19_B_1997_11_21.pdf,4,weather due,0.25902
15_9_19_B_1997_11_21.pdf,5,wind,0.252811
15_9_19_B_1997_11_21.pdf,6,continued waiting,0.240997
15_9_19_B_1997_11_21.pdf,7,waiting weather,0.231078
15_9_19_B_1997_11_21.pdf,8,high wind,0.225515
15_9_19_B_1997_11_21.pdf,9,due high,0.185313
15_9_19_B_1997_11_21.pdf,10,weather,0.165222
15_9_19_B_1997_11_21.pdf,11,waiting,0.158951
15_9_19_B_1997_11_21.pdf,12,hangoff,0.152981
15_9_19_B_1997_11_21.pdf,13,high,0.146753
15_9_19_B_1997_11_21.pdf,14,screw,0.136479
15_9_19_B_1997_11_21.pdf,15,squeeze,0.133193
15_9_19_B_1997_11_22.pdf,1,heave,0.332128
15_9_19_B_1997_11_22.pdf,2,wind rig,0.303406
15_9_19_B_1997_11_22.pdf,3,rig heave,0.294622
15_9_19_B_1997_11_22.pdf,4,decreasing,0.247365
15_9_19_B_1997_11_22.pdf,5,increasing,0.234264
15_9_19_B_1997_11_22.pdf,6,riser seawater,0.229734
15_9_19_B_1997_11_22.pdf,7,wind,0.227471
15_9_19_B_1997_11_22.pdf,8,then,0.206974
15_9_19_B_1997_11_22.pdf,9,rapid,0.199209
15_9_19_B_1997_11_22.pdf,10,displaced riser,0.195373
15_9_19_B_1997_11_22.pdf,11,deballasted rig,0.188322
15_9_19_B_1997_11_22.pdf,12,deballasted,0.188322
15_9_19_B_1997_11_22.pdf,13,lmrp,0.177719
15_9_19_B_1997_11_22.pdf,14,repeated,0.173441
15_9_19_B_1997_11_22.pdf,15,draft,0.173441
15_9_19_B_1997_11_23.pdf,1,decreasing,0.524475
15_9_19_B_1997_11_23.pdf,2,heave,0.466433
15_9_19_B_1997_11_23.pdf,3,slowly,0.370505
15_9_19_B_1997_11_23.pdf,4,wind,0.352374
15_9_19_B_1997_11_23.pdf,5,lmrp,0.190227
15_9_19_B_1997_11_23.pdf,6,squeeze,0.185647
15_9_19_B_1997_11_23.pdf,7,rih cement,0.166104
15_9_19_B_1997_11_23.pdf,8,zone,0.148436
15_9_19_B_1997_11_23.pdf,9,cement stinger,0.146172
15_9_19_B_1997_11_23.pdf,10,loss,0.140116
15_9_19_B_1997_11_23.pdf,11,retrieve,0.132829
15_9_19_B_1997_11_23.pdf,12,stinger,0.131827
15_9_19_B_1997_11_23.pdf,13,displace,0.125487
15_9_19_B_1997_11_23.pdf,14,continued,0.103246
15_9_19_B_1997_11_23.pdf,15,riser,0.088622
15_9_19_B_1997_11_24.pdf,1,lpm losses,0.183685
15_9_19_B_1997_11_24.pdf,2,lmrp,0.159034
15_9_19_B_1997_11_24.pdf,3,losses lpm,0.136099
15_9_19_B_1997_11_24.pdf,4,began,0.129797
15_9_19_B_1997_11_24.pdf,5,losses,0.126881
15_9_19_B_1997_11_24.pdf,6,kill lines,0.121965
15_9_19_B_1997_11_24.pdf,7,max gas,0.121256
15_9_19_B_1997_11_24.pdf,8,stabilized,0.11584
15_9_19_B_1997_11_24.pdf,9,choke kill,0.11584
15_9_19_B_1997_11_24.pdf,10,casing window,0.114645
15_9_19_B_1997_11_24.pdf,11,back pressure,0.114535
15_9_19_B_1997_11_24.pdf,12,string weight,0.1133
15_9_19_B_1997_11_24.pdf,13,gained,0.107261
15_9_19_B_1997_11_24.pdf,14,gasket,0.102017
15_9_19_B_1997_11_24.pdf,15,full circulation,0.099063
15_9_19_B_1997_11_25.pdf,1,gained,0.191773
15_9_19_B_1997_11_25.pdf,2,sicp,0.191108
15_9_19_B_1997_11_25.pdf,3,washing down,0.15581
15_9_19_B_1997_11_25.pdf,4,washing,0.151234
15_9_19_B_1997_11_25.pdf,5,continued washing,0.148105
15_9_19_B_1997_11_25.pdf,6,casing window,0.148105
15_9_19_B_1997_11_25.pdf,7,lost mud,0.138567
15_9_19_B_1997_11_25.pdf,8,bar bar,0.135794
15_9_19_B_1997_11_25.pdf,9,total mud,0.130125
15_9_19_B_1997_11_25.pdf,10,window,0.12511
15_9_19_B_1997_11_25.pdf,11,bar bled,0.12492
15_9_19_B_1997_11_25.pdf,12,losses,0.121985
15_9_19_B_1997_11_25.pdf,13,max gas,0.117754
15_9_19_B_1997_11_25.pdf,14,decreased,0.116024
15_9_19_B_1997_11_25.pdf,15,back cement,0.109711
15_9_19_B_1997_11_26.pdf,1,gains,0.15223
15_9_19_B_1997_11_26.pdf,2,squeezed,0.149153
15_9_19_B_1997_11_26.pdf,3,finished pooh,0.132795
15_9_19_B_1997_11_26.pdf,4,hours,0.127018
15_9_19_B_1997_11_26.pdf,5,finished,0.125164
15_9_19_B_1997_11_26.pdf,6,test tool,0.12353
15_9_19_B_1997_11_26.pdf,7,slipped cut,0.11656
15_9_19_B_1997_11_26.pdf,8,bar minutes,0.114431
15_9_19_B_1997_11_26.pdf,9,pod,0.113674
15_9_19_B_1997_11_26.pdf,10,losses lpm,0.110486
15_9_19_B_1997_11_26.pdf,11,sub made,0.110486
15_9_19_B_1997_11_26.pdf,12,mud down,0.110486
15_9_19_B_1997_11_26.pdf,13,upr lined,0.110486
15_9_19_B_1997_11_26.pdf,14,hangoff,0.108011
15_9_19_B_1997_11_26.pdf,15,pumping pressure,0.108011
15_9_19_B_1997_11_27.pdf,1,circulation rate,0.221386
15_9_19_B_1997_11_27.pdf,2,lpm lpm,0.182685
15_9_19_B_1997_11_27.pdf,3,soft,0.161258
15_9_19_B_1997_11_27.pdf,4,controlled,0.161103
15_9_19_B_1997_11_27.pdf,5,emw,0.15405
15_9_19_B_1997_11_27.pdf,6,rate lpm,0.151613
15_9_19_B_1997_11_27.pdf,7,cuttings,0.149874
15_9_19_B_1997_11_27.pdf,8,firm cement,0.148779
15_9_19_B_1997_11_27.pdf,9,losses,0.144476
15_9_19_B_1997_11_27.pdf,10,firm,0.141681
15_9_19_B_1997_11_27.pdf,11,ecd,0.140534
15_9_19_B_1997_11_27.pdf,12,washing,0.139747
15_9_19_B_1997_11_27.pdf,13,staging,0.139342
15_9_19_B_1997_11_27.pdf,14,rate,0.134596
15_9_19_B_1997_11_27.pdf,15,pass through,0.132786
15_9_19_B_1997_11_28.pdf,1,jarred,0.193012
15_9_19_B_1997_11_28.pdf,2,losing mud,0.188147
15_9_19_B_1997_11_28.pdf,3,losing,0.180214
15_9_19_B_1997_11_28.pdf,4,reciprocation,0.176507
15_9_19_B_1997_11_28.pdf,5,meters,0.159011
15_9_19_B_1997_11_28.pdf,6,controlled rop,0.1565
15_9_19_B_1997_11_28.pdf,7,controlled,0.144796
15_9_19_B_1997_11_28.pdf,8,where,0.142261
15_9_19_B_1997_11_28.pdf,9,rate lpm,0.136266
15_9_19_B_1997_11_28.pdf,10,losses,0.135738
15_9_19_B_1997_11_28.pdf,11,reduced rate,0.134182
15_9_19_B_1997_11_28.pdf,12,full,0.132931
15_9_19_B_1997_11_28.pdf,13,began,0.131968
15_9_19_B_1997_11_28.pdf,14,lcm pill,0.130051
15_9_19_B_1997_11_28.pdf,15,lcm,0.125602
15_9_19_B_1997_11_29.pdf,1,atlas,0.20743
15_9_19_B_1997_11_29.pdf,2,backed,0.198191
15_9_19_B_1997_11_29.pdf,3,string atlas,0.180366
15_9_19_B_1997_11_29.pdf,4,screwed,0.172762
15_9_19_B_1997_11_29.pdf,5,atlas pooh,0.172762
15_9_19_B_1997_11_29.pdf,6,right hand,0.170735
15_9_19_B_1997_11_29.pdf,7,atlas rih,0.16669
15_9_19_B_1997_11_29.pdf,8,just,0.164057
15_9_19_B_1997_11_29.pdf,9,hand,0.155971
15_9_19_B_1997_11_29.pdf,10,tool string,0.149716
15_9_19_B_1997_11_29.pdf,11,right,0.145993
15_9_19_B_1997_11_29.pdf,12,lbs,0.145993
15_9_19_B_1997_11_29.pdf,13,locator,0.145518
15_9_19_B_1997_11_29.pdf,14,turns right,0.142259
15_9_19_B_1997_11_29.pdf,15,investigated problem,0.142259
15_9_19_B_1997_11_30.pdf,1,tons overpull,0.186533
15_9_19_B_1997_11_30.pdf,2,atlas,0.151131
15_9_19_B_1997_11_30.pdf,3,fired,0.149698
15_9_19_B_1997_11_30.pdf,4,lbs,0.14817
15_9_19_B_1997_11_30.pdf,5,tons,0.147286
15_9_19_B_1997_11_30.pdf,6,top fish,0.138674
15_9_19_B_1997_11_30.pdf,7,normal,0.127956
15_9_19_B_1997_11_30.pdf,8,maximum,0.119339
15_9_19_B_1997_11_30.pdf,9,cleanout assembly,0.117405
15_9_19_B_1997_11_30.pdf,10,down worked,0.117405
15_9_19_B_1997_11_30.pdf,11,drive meanwhile,0.117405
15_9_19_B_1997_11_30.pdf,12,navidrill,0.114445
15_9_19_B_1997_11_30.pdf,13,overpull worked,0.114445
15_9_19_B_1997_11_30.pdf,14,fish,0.113543
15_9_19_B_1997_11_30.pdf,15,stab,0.112177
15_9_19_B_1997_12_01.pdf,1,lpm full,0.183586
15_9_19_B_1997_12_01.pdf,2,full returns,0.174991
15_9_19_B_1997_12_01.pdf,3,slight,0.16176
15_9_19_B_1997_12_01.pdf,4,excessive,0.14691
15_9_19_B_1997_12_01.pdf,5,raised,0.140586
15_9_19_B_1997_12_01.pdf,6,normal,0.140435
15_9_19_B_1997_12_01.pdf,7,normal drag,0.137634
15_9_19_B_1997_12_01.pdf,8,cleanout assembly,0.136516
15_9_19_B_1997_12_01.pdf,9,circulating lpm,0.133721
15_9_19_B_1997_12_01.pdf,10,cuttings,0.130716
15_9_19_B_1997_12_01.pdf,11,top fish,0.130094
15_9_19_B_1997_12_01.pdf,12,full,0.128954
15_9_19_B_1997_12_01.pdf,13,cleanout,0.1176
15_9_19_B_1997_12_01.pdf,14,gain,0.115235
15_9_19_B_1997_12_01.pdf,15,drag,0.112732
15_9_19_B_1997_12_02.pdf,1,losses lpm,0.18913
15_9_19_B_1997_12_02.pdf,2,lpm losses,0.174789
15_9_19_B_1997_12_02.pdf,3,normal drag,0.172029
15_9_19_B_1997_12_02.pdf,4,full returns,0.169489
15_9_19_B_1997_12_02.pdf,5,gained,0.169489
15_9_19_B_1997_12_02.pdf,6,lpm full,0.151989
15_9_19_B_1997_12_02.pdf,7,sidetrack,0.151989
15_9_19_B_1997_12_02.pdf,8,normal,0.150036
15_9_19_B_1997_12_02.pdf,9,sidetrack plug,0.142172
15_9_19_B_1997_12_02.pdf,10,stinger,0.139127
15_9_19_B_1997_12_02.pdf,11,losses,0.136778
15_9_19_B_1997_12_02.pdf,12,rih cement,0.134625
15_9_19_B_1997_12_02.pdf,13,cement stinger,0.133747
15_9_19_B_1997_12_02.pdf,14,drag,0.13285
15_9_19_B_1997_12_02.pdf,15,passed,0.127138
15_9_19_B_1997_12_03.pdf,1,full returns,0.190285
15_9_19_B_1997_12_03.pdf,2,rih steerable,0.190084
15_9_19_B_1997_12_03.pdf,3,lpm full,0.180981
15_9_19_B_1997_12_03.pdf,4,staging,0.168797
15_9_19_B_1997_12_03.pdf,5,steerable,0.167354
15_9_19_B_1997_12_03.pdf,6,resistance,0.163658
15_9_19_B_1997_12_03.pdf,7,filled broke,0.157604
15_9_19_B_1997_12_03.pdf,8,lpm losses,0.152065
15_9_19_B_1997_12_03.pdf,9,full,0.140224
15_9_19_B_1997_12_03.pdf,10,steerable bha,0.138471
15_9_19_B_1997_12_03.pdf,11,day,0.134216
15_9_19_B_1997_12_03.pdf,12,pumps lpm,0.131004
15_9_19_B_1997_12_03.pdf,13,losses,0.129808
15_9_19_B_1997_12_03.pdf,14,returns,0.123546
15_9_19_B_1997_12_03.pdf,15,mud weight,0.119337
15_9_19_B_1997_12_04.pdf,1,sidetrack,0.172297
15_9_19_B_1997_12_04.pdf,2,losing mud,0.160022
15_9_19_B_1997_12_04.pdf,3,losing,0.153275
15_9_19_B_1997_12_04.pdf,4,losses lpm,0.136781
15_9_19_B_1997_12_04.pdf,5,sidetrack plug,0.136781
15_9_19_B_1997_12_04.pdf,6,cmt stinger,0.136047
15_9_19_B_1997_12_04.pdf,7,rih broke,0.12928
15_9_19_B_1997_12_04.pdf,8,cmt stand,0.128597
15_9_19_B_1997_12_04.pdf,9,coming,0.117812
15_9_19_B_1997_12_04.pdf,10,cmt,0.115984
15_9_19_B_1997_12_04.pdf,11,broke circ,0.115109
15_9_19_B_1997_12_04.pdf,12,tih,0.113055
15_9_19_B_1997_12_04.pdf,13,completed pooh,0.106303
15_9_19_B_1997_12_04.pdf,14,mud lpm,0.103387
15_9_19_B_1997_12_04.pdf,15,circ,0.103284
15_9_19_B_1997_12_05.pdf,1,sidetrack,0.184758
15_9_19_B_1997_12_05.pdf,2,tested motor,0.164213
15_9_19_B_1997_12_05.pdf,3,pooh cmt,0.157925
15_9_19_B_1997_12_05.pdf,4,tih,0.156741
15_9_19_B_1997_12_05.pdf,5,tried,0.155239
15_9_19_B_1997_12_05.pdf,6,cmt stinger,0.152787
15_9_19_B_1997_12_05.pdf,7,motor mwd,0.152787
15_9_19_B_1997_12_05.pdf,8,plugged,0.149657
15_9_19_B_1997_12_05.pdf,9,bit motor,0.144416
15_9_19_B_1997_12_05.pdf,10,motor,0.1421
15_9_19_B_1997_12_05.pdf,11,cmt,0.139785
15_9_19_B_1997_12_05.pdf,12,drillstring,0.126042
15_9_19_B_1997_12_05.pdf,13,stinger,0.125332
15_9_19_B_1997_12_05.pdf,14,sidetrack plug,0.119184
15_9_19_B_1997_12_05.pdf,15,non,0.119184
15_9_19_B_1997_12_06.pdf,1,sidetrack,0.379093
15_9_19_B_1997_12_06.pdf,2,sidetrack plug,0.318592
15_9_19_B_1997_12_06.pdf,3,wash ream,0.298883
15_9_19_B_1997_12_06.pdf,4,drilled cmt,0.256225
15_9_19_B_1997_12_06.pdf,5,ream,0.24798
15_9_19_B_1997_12_06.pdf,6,continued wash,0.198005
15_9_19_B_1997_12_06.pdf,7,continued tih,0.191046
15_9_19_B_1997_12_06.pdf,8,located,0.175949
15_9_19_B_1997_12_06.pdf,9,broke circ,0.173967
15_9_19_B_1997_12_06.pdf,10,bha broke,0.172092
15_9_19_B_1997_12_06.pdf,11,because,0.172092
15_9_19_B_1997_12_06.pdf,12,tagged top,0.170313
15_9_19_B_1997_12_06.pdf,13,obstruction,0.159905
15_9_19_B_1997_12_06.pdf,14,wash,0.159455
15_9_19_B_1997_12_06.pdf,15,tih,0.156251
15_9_19_ST2_1992_12_19.pdf,1,surveyed steered,0.394577
15_9_19_ST2_1992_12_19.pdf,2,drilled drilled,0.388752
15_9_19_ST2_1992_12_19.pdf,3,steered,0.357402
15_9_19_ST2_1992_12_19.pdf,4,drilled surveyed,0.353851
15_9_19_ST2_1992_12_19.pdf,5,surveyed,0.350465
15_9_19_ST2_1992_12_19.pdf,6,right,0.3088
15_9_19_ST2_1992_12_19.pdf,7,deg,0.300021
15_9_19_ST2_1992_12_19.pdf,8,drilled,0.236005
15_9_19_ST2_1992_12_19.pdf,9,increased,0.22288
15_9_19_ST2_1992_12_19.pdf,10,while,0.163293
15_9_19_ST2_1992_12_20.pdf,1,steered,0.218632
15_9_19_ST2_1992_12_20.pdf,2,surveyed steered,0.206317
15_9_19_ST2_1992_12_20.pdf,3,drilled surveyed,0.202324
15_9_19_ST2_1992_12_20.pdf,4,amount cuttings,0.200451
15_9_19_ST2_1992_12_20.pdf,5,surveyed,0.200388
15_9_19_ST2_1992_12_20.pdf,6,cuttings over,0.197826
15_9_19_ST2_1992_12_20.pdf,7,toolface,0.188831
15_9_19_ST2_1992_12_20.pdf,8,backreamed,0.183516
15_9_19_ST2_1992_12_20.pdf,9,amount,0.179941
15_9_19_ST2_1992_12_20.pdf,10,over shakers,0.17274
15_9_19_ST2_1992_12_20.pdf,11,toolface deg,0.170026
15_9_19_ST2_1992_12_20.pdf,12,degrees right,0.170026
15_9_19_ST2_1992_12_20.pdf,13,right,0.161466
15_9_19_ST2_1992_12_20.pdf,14,cont surveying,0.160941
15_9_19_ST2_1992_12_20.pdf,15,surveying steered,0.160941
15_9_19_ST2_1992_12_21.pdf,1,mud motor,0.26511
15_9_19_ST2_1992_12_21.pdf,2,mwd tool,0.202626
15_9_19_ST2_1992_12_21.pdf,3,reamed drilled,0.195824
15_9_19_ST2_1992_12_21.pdf,4,motor,0.189414
15_9_19_ST2_1992_12_21.pdf,5,new mwd,0.169209
15_9_19_ST2_1992_12_21.pdf,6,blockage,0.164944
15_9_19_ST2_1992_12_21.pdf,7,continued making,0.161249
15_9_19_ST2_1992_12_21.pdf,8,down mwd,0.161249
15_9_19_ST2_1992_12_21.pdf,9,tool face,0.161249
15_9_19_ST2_1992_12_21.pdf,10,picked new,0.15799
15_9_19_ST2_1992_12_21.pdf,11,same ran,0.152437
15_9_19_ST2_1992_12_21.pdf,12,mwd,0.152162
15_9_19_ST2_1992_12_21.pdf,13,surveyed steered,0.150029
15_9_19_ST2_1992_12_21.pdf,14,face,0.150029
15_9_19_ST2_1992_12_21.pdf,15,tool tested,0.145764
15_9_19_ST2_1992_12_22.pdf,1,direction degrees,0.403601
15_9_19_ST2_1992_12_22.pdf,2,degrees,0.337612
15_9_19_ST2_1992_12_22.pdf,3,direction,0.325168
15_9_19_ST2_1992_12_22.pdf,4,steered,0.314752
15_9_19_ST2_1992_12_22.pdf,5,surveying,0.296911
15_9_19_ST2_1992_12_22.pdf,6,degrees right,0.286367
15_9_19_ST2_1992_12_22.pdf,7,drilled surveyed,0.274057
15_9_19_ST2_1992_12_22.pdf,8,surveyed,0.271435
15_9_19_ST2_1992_12_22.pdf,9,surveying steered,0.271066
15_9_19_ST2_1992_12_22.pdf,10,surveyed steered,0.246556
15_9_19_ST2_1992_12_22.pdf,11,right,0.192957
15_9_19_ST2_1992_12_22.pdf,12,drilled,0.129692
15_9_19_ST2_1992_12_22.pdf,13,continued,0.075782
15_9_19_ST2_1992_12_22.pdf,14,continue,0.072887
15_9_19_ST2_1992_12_23.pdf,1,direction degrees,0.370028
15_9_19_ST2_1992_12_23.pdf,2,degrees right,0.370028
15_9_19_ST2_1992_12_23.pdf,3,degrees,0.309528
15_9_19_ST2_1992_12_23.pdf,4,direction,0.29812
15_9_19_ST2_1992_12_23.pdf,5,steered,0.28857
15_9_19_ST2_1992_12_23.pdf,6,back reamed,0.272213
15_9_19_ST2_1992_12_23.pdf,7,right,0.249329
15_9_19_ST2_1992_12_23.pdf,8,surveyed steered,0.226046
15_9_19_ST2_1992_12_23.pdf,9,circulated bottoms,0.215804
15_9_19_ST2_1992_12_23.pdf,10,drilled surveyed,0.202715
15_9_19_ST2_1992_12_23.pdf,11,surveyed,0.200776
15_9_19_ST2_1992_12_23.pdf,12,bottoms,0.191695
15_9_19_ST2_1992_12_23.pdf,13,reamed,0.158669
15_9_19_ST2_1992_12_23.pdf,14,drilled,0.135203
15_9_19_ST2_1992_12_23.pdf,15,shoe,0.135052
15_9_19_ST2_1992_12_24.pdf,1,direction degrees,0.296398
15_9_19_ST2_1992_12_24.pdf,2,degrees right,0.296398
15_9_19_ST2_1992_12_24.pdf,3,surveyed steered,0.255192
15_9_19_ST2_1992_12_24.pdf,4,drilled surveyed,0.250252
15_9_19_ST2_1992_12_24.pdf,5,degrees,0.247936
15_9_19_ST2_1992_12_24.pdf,6,surveyed,0.247858
15_9_19_ST2_1992_12_24.pdf,7,direction,0.238798
15_9_19_ST2_1992_12_24.pdf,8,steered,0.231149
15_9_19_ST2_1992_12_24.pdf,9,blower hose,0.204214
15_9_19_ST2_1992_12_24.pdf,10,blower,0.204214
15_9_19_ST2_1992_12_24.pdf,11,right,0.199716
15_9_19_ST2_1992_12_24.pdf,12,jumped,0.199066
15_9_19_ST2_1992_12_24.pdf,13,alarm,0.187155
15_9_19_ST2_1992_12_24.pdf,14,same ran,0.183972
15_9_19_ST2_1992_12_24.pdf,15,installed same,0.171459
15_9_19_ST2_1992_12_25.pdf,1,rotation circulation,0.235386
15_9_19_ST2_1992_12_25.pdf,2,packed off,0.221578
15_9_19_ST2_1992_12_25.pdf,3,full returns,0.215775
15_9_19_ST2_1992_12_25.pdf,4,packed,0.202062
15_9_19_ST2_1992_12_25.pdf,5,rotate,0.184783
15_9_19_ST2_1992_12_25.pdf,6,drilled surveyed,0.172726
15_9_19_ST2_1992_12_25.pdf,7,surveyed,0.171073
15_9_19_ST2_1992_12_25.pdf,8,returns,0.168574
15_9_19_ST2_1992_12_25.pdf,9,ran pumped,0.167014
15_9_19_ST2_1992_12_25.pdf,10,rate steps,0.167014
15_9_19_ST2_1992_12_25.pdf,11,established rotation,0.167014
15_9_19_ST2_1992_12_25.pdf,12,keeping,0.163638
15_9_19_ST2_1992_12_25.pdf,13,more than,0.163638
15_9_19_ST2_1992_12_25.pdf,14,lost returns,0.160618
15_9_19_ST2_1992_12_25.pdf,15,lcm pill,0.160055
15_9_19_ST2_1992_12_26.pdf,1,worked down,0.194554
15_9_19_ST2_1992_12_26.pdf,2,raised,0.184899
15_9_19_ST2_1992_12_26.pdf,3,circulation rate,0.178344
15_9_19_ST2_1992_12_26.pdf,4,full returns,0.178344
15_9_19_ST2_1992_12_26.pdf,5,pill circulated,0.17587
15_9_19_ST2_1992_12_26.pdf,6,rotation circulation,0.171099
15_9_19_ST2_1992_12_26.pdf,7,increasing,0.162333
15_9_19_ST2_1992_12_26.pdf,8,mudweight,0.156844
15_9_19_ST2_1992_12_26.pdf,9,vis pill,0.153026
15_9_19_ST2_1992_12_26.pdf,10,packed off,0.147289
15_9_19_ST2_1992_12_26.pdf,11,cuttings returns,0.141205
15_9_19_ST2_1992_12_26.pdf,12,followed vis,0.141205
15_9_19_ST2_1992_12_26.pdf,13,overpull worked,0.141205
15_9_19_ST2_1992_12_26.pdf,14,continued backreaming,0.141205
15_9_19_ST2_1992_12_26.pdf,15,tons,0.14082
15_9_19_ST2_1992_12_27.pdf,1,raised,0.339585
15_9_19_ST2_1992_12_27.pdf,2,cuttings returns,0.321441
15_9_19_ST2_1992_12_27.pdf,3,mudweight,0.288059
15_9_19_ST2_1992_12_27.pdf,4,circulated while,0.287368
15_9_19_ST2_1992_12_27.pdf,5,due tight,0.220342
15_9_19_ST2_1992_12_27.pdf,6,over shaker,0.208569
15_9_19_ST2_1992_12_27.pdf,7,recording,0.208569
15_9_19_ST2_1992_12_27.pdf,8,returns over,0.199775
15_9_19_ST2_1992_12_27.pdf,9,returns circulated,0.199775
15_9_19_ST2_1992_12_27.pdf,10,cuttings,0.19501
15_9_19_ST2_1992_12_27.pdf,11,backreamed,0.191268
15_9_19_ST2_1992_12_27.pdf,12,while working,0.186909
15_9_19_ST2_1992_12_27.pdf,13,stalled,0.175522
15_9_19_ST2_1992_12_27.pdf,14,returns,0.174391
15_9_19_ST2_1992_12_27.pdf,15,shaker,0.166945
15_9_19_ST2_1992_12_28.pdf,1,due tight,0.429775
15_9_19_ST2_1992_12_28.pdf,2,continued backreaming,0.293943
15_9_19_ST2_1992_12_28.pdf,3,backreaming,0.288049
15_9_19_ST2_1992_12_28.pdf,4,backreamed,0.268481
15_9_19_ST2_1992_12_28.pdf,5,tight,0.243161
15_9_19_ST2_1992_12_28.pdf,6,circulated bottoms,0.211879
15_9_19_ST2_1992_12_28.pdf,7,bottoms,0.188209
15_9_19_ST2_1992_12_28.pdf,8,worked,0.187916
15_9_19_ST2_1992_12_28.pdf,9,while working,0.186902
15_9_19_ST2_1992_12_28.pdf,10,amount cuttings,0.184309
15_9_19_ST2_1992_12_28.pdf,11,cuttings over,0.181895
15_9_19_ST2_1992_12_28.pdf,12,stalled,0.175516
15_9_19_ST2_1992_12_28.pdf,13,amount,0.16545
15_9_19_ST2_1992_12_28.pdf,14,over shakers,0.158829
15_9_19_ST2_1992_12_28.pdf,15,due,0.152221
15_9_19_ST2_1992_12_29.pdf,1,backreamed,0.329687
15_9_19_ST2_1992_12_29.pdf,2,continued backreaming,0.256107
15_9_19_ST2_1992_12_29.pdf,3,tight,0.25241
15_9_19_ST2_1992_12_29.pdf,4,sections,0.24531
15_9_19_ST2_1992_12_29.pdf,5,backreaming,0.22951
15_9_19_ST2_1992_12_29.pdf,6,worked tight,0.220589
15_9_19_ST2_1992_12_29.pdf,7,max torque,0.217984
15_9_19_ST2_1992_12_29.pdf,8,increasing,0.208905
15_9_19_ST2_1992_12_29.pdf,9,tight spots,0.201414
15_9_19_ST2_1992_12_29.pdf,10,spots,0.195037
15_9_19_ST2_1992_12_29.pdf,11,mud weight,0.185747
15_9_19_ST2_1992_12_29.pdf,12,max,0.177425
15_9_19_ST2_1992_12_29.pdf,13,mins,0.170783
15_9_19_ST2_1992_12_29.pdf,14,each,0.166764
15_9_19_ST2_1992_12_29.pdf,15,cuttings returns,0.151261
15_9_19_ST2_1992_12_30.pdf,1,backreamed,0.266676
15_9_19_ST2_1992_12_30.pdf,2,ester,0.236586
15_9_19_ST2_1992_12_30.pdf,3,max torque,0.228973
15_9_19_ST2_1992_12_30.pdf,4,pressure increase,0.21341
15_9_19_ST2_1992_12_30.pdf,5,new bha,0.201369
15_9_19_ST2_1992_12_30.pdf,6,down bottom,0.1866
15_9_19_ST2_1992_12_30.pdf,7,came down,0.173616
15_9_19_ST2_1992_12_30.pdf,8,amounts,0.173616
15_9_19_ST2_1992_12_30.pdf,9,comming,0.171053
15_9_19_ST2_1992_12_30.pdf,10,increase,0.169144
15_9_19_ST2_1992_12_30.pdf,11,while pulling,0.16868
15_9_19_ST2_1992_12_30.pdf,12,cuttings,0.163206
15_9_19_ST2_1992_12_30.pdf,13,large,0.160633
15_9_19_ST2_1992_12_30.pdf,14,circulated until,0.158901
15_9_19_ST2_1992_12_30.pdf,15,bottom assembly,0.157259
15_9_19_ST2_1992_12_31.pdf,1,reamed washed,0.256948
15_9_19_ST2_1992_12_31.pdf,2,past,0.245878
15_9_19_ST2_1992_12_31.pdf,3,spot,0.23262
15_9_19_ST2_1992_12_31.pdf,4,rih reamed,0.230264
15_9_19_ST2_1992_12_31.pdf,5,bar spm,0.219006
15_9_19_ST2_1992_12_31.pdf,6,drilled surveyed,0.209591
15_9_19_ST2_1992_12_31.pdf,7,surveyed,0.207586
15_9_19_ST2_1992_12_31.pdf,8,backreamed,0.190108
15_9_19_ST2_1992_12_31.pdf,9,penetration,0.185775
15_9_19_ST2_1992_12_31.pdf,10,max torque,0.176446
15_9_19_ST2_1992_12_31.pdf,11,limited,0.174458
15_9_19_ST2_1992_12_31.pdf,12,any,0.172578
15_9_19_ST2_1992_12_31.pdf,13,continued running,0.170794
15_9_19_ST2_1992_12_31.pdf,14,spm,0.169097
15_9_19_ST2_1992_12_31.pdf,15,washed,0.165341
15_9_19_ST2_1993_01_01.pdf,1,continued backreaming,0.266772
15_9_19_ST2_1993_01_01.pdf,2,backreaming,0.252268
15_9_19_ST2_1993_01_01.pdf,3,bar spm,0.240899
15_9_19_ST2_1993_01_01.pdf,4,circulation every,0.214383
15_9_19_ST2_1993_01_01.pdf,5,breaking,0.207408
15_9_19_ST2_1993_01_01.pdf,6,drilline,0.196045
15_9_19_ST2_1993_01_01.pdf,7,max torque,0.194084
15_9_19_ST2_1993_01_01.pdf,8,spm,0.186001
15_9_19_ST2_1993_01_01.pdf,9,changed bit,0.179711
15_9_19_ST2_1993_01_01.pdf,10,slipped cut,0.170686
15_9_19_ST2_1993_01_01.pdf,11,slipped,0.157712
15_9_19_ST2_1993_01_01.pdf,12,pressure bar,0.153588
15_9_19_ST2_1993_01_01.pdf,13,serviced top,0.152111
15_9_19_ST2_1993_01_01.pdf,14,took pressure,0.149524
15_9_19_ST2_1993_01_01.pdf,15,bha bha,0.142978
15_9_19_ST2_1993_01_02.pdf,1,mud motor,0.277228
15_9_19_ST2_1993_01_02.pdf,2,motor,0.198072
15_9_19_ST2_1993_01_02.pdf,3,test tool,0.192846
15_9_19_ST2_1993_01_02.pdf,4,tight spot,0.185128
15_9_19_ST2_1993_01_02.pdf,5,new bit,0.184139
15_9_19_ST2_1993_01_02.pdf,6,neg,0.181114
15_9_19_ST2_1993_01_02.pdf,7,motor made,0.172483
15_9_19_ST2_1993_01_02.pdf,8,much,0.16862
15_9_19_ST2_1993_01_02.pdf,9,made new,0.168133
15_9_19_ST2_1993_01_02.pdf,10,spot,0.165437
15_9_19_ST2_1993_01_02.pdf,11,attempted get,0.165211
15_9_19_ST2_1993_01_02.pdf,12,rih tested,0.165211
15_9_19_ST2_1993_01_02.pdf,13,noise,0.162163
15_9_19_ST2_1993_01_02.pdf,14,reamed tight,0.162163
15_9_19_ST2_1993_01_02.pdf,15,motor mwd,0.156887
15_9_19_ST2_1993_01_03.pdf,1,drilled steared,0.263824
15_9_19_ST2_1993_01_03.pdf,2,steared,0.254795
15_9_19_ST2_1993_01_03.pdf,3,obtain,0.213274
15_9_19_ST2_1993_01_03.pdf,4,trying,0.180785
15_9_19_ST2_1993_01_03.pdf,5,mud down,0.171125
15_9_19_ST2_1993_01_03.pdf,6,started circulating,0.167292
15_9_19_ST2_1993_01_03.pdf,7,much,0.167292
15_9_19_ST2_1993_01_03.pdf,8,circulation every,0.160886
15_9_19_ST2_1993_01_03.pdf,9,noise,0.160886
15_9_19_ST2_1993_01_03.pdf,10,reamed down,0.15815
15_9_19_ST2_1993_01_03.pdf,11,down drilled,0.15815
15_9_19_ST2_1993_01_03.pdf,12,circulating clean,0.155652
15_9_19_ST2_1993_01_03.pdf,13,rih reamed,0.153354
15_9_19_ST2_1993_01_03.pdf,14,sand,0.149246
15_9_19_ST2_1993_01_03.pdf,15,stalling,0.144011
15_9_19_ST2_1993_01_04.pdf,1,mwd tool,0.194754
15_9_19_ST2_1993_01_04.pdf,2,spm,0.182257
15_9_19_ST2_1993_01_04.pdf,3,hang off,0.180513
15_9_19_ST2_1993_01_04.pdf,4,hang,0.174252
15_9_19_ST2_1993_01_04.pdf,5,new mwd,0.162636
15_9_19_ST2_1993_01_04.pdf,6,over shaker,0.158536
15_9_19_ST2_1993_01_04.pdf,7,ester,0.158536
15_9_19_ST2_1993_01_04.pdf,8,pooh change,0.154537
15_9_19_ST2_1993_01_04.pdf,9,tool cleaned,0.151852
15_9_19_ST2_1993_01_04.pdf,10,picked new,0.151852
15_9_19_ST2_1993_01_04.pdf,11,continued pulling,0.151852
15_9_19_ST2_1993_01_04.pdf,12,attempted get,0.151852
15_9_19_ST2_1993_01_04.pdf,13,weather conditions,0.146515
15_9_19_ST2_1993_01_04.pdf,14,came down,0.144201
15_9_19_ST2_1993_01_04.pdf,15,estimated,0.144201
15_9_19_ST2_1993_01_05.pdf,1,details,0.238739
15_9_19_ST2_1993_01_05.pdf,2,off string,0.228673
15_9_19_ST2_1993_01_05.pdf,3,see,0.224453
15_9_19_ST2_1993_01_05.pdf,4,over template,0.197394
15_9_19_ST2_1993_01_05.pdf,5,hang off,0.192875
15_9_19_ST2_1993_01_05.pdf,6,hang,0.186184
15_9_19_ST2_1993_01_05.pdf,7,displaced riser,0.184673
15_9_19_ST2_1993_01_05.pdf,8,upper racking,0.178704
15_9_19_ST2_1993_01_05.pdf,9,racking arm,0.174786
15_9_19_ST2_1993_01_05.pdf,10,positioned rig,0.169623
15_9_19_ST2_1993_01_05.pdf,11,rih worked,0.165598
15_9_19_ST2_1993_01_05.pdf,12,redressed,0.162251
15_9_19_ST2_1993_01_05.pdf,13,string displaced,0.162251
15_9_19_ST2_1993_01_05.pdf,14,drillstring,0.157543
15_9_19_ST2_1993_01_05.pdf,15,wellhead pooh,0.156548
15_9_19_ST2_1993_01_06.pdf,1,problems mwd,0.17386
15_9_19_ST2_1993_01_06.pdf,2,mwd signal,0.164571
15_9_19_ST2_1993_01_06.pdf,3,directional,0.154723
15_9_19_ST2_1993_01_06.pdf,4,orientated,0.150853
15_9_19_ST2_1993_01_06.pdf,5,signals,0.14969
15_9_19_ST2_1993_01_06.pdf,6,suction,0.14748
15_9_19_ST2_1993_01_06.pdf,7,data,0.146623
15_9_19_ST2_1993_01_06.pdf,8,stalling,0.138495
15_9_19_ST2_1993_01_06.pdf,9,drilled orientated,0.134076
15_9_19_ST2_1993_01_06.pdf,10,drilled parameters,0.132955
15_9_19_ST2_1993_01_06.pdf,11,took survey,0.132955
15_9_19_ST2_1993_01_06.pdf,12,lost,0.129339
15_9_19_ST2_1993_01_06.pdf,13,signal,0.128343
15_9_19_ST2_1993_01_06.pdf,14,mud pumps,0.127301
15_9_19_ST2_1993_01_06.pdf,15,ltrs,0.123487
15_9_19_ST2_1993_01_07.pdf,1,problems mwd,0.226758
15_9_19_ST2_1993_01_07.pdf,2,having,0.225034
15_9_19_ST2_1993_01_07.pdf,3,worked tight,0.184874
15_9_19_ST2_1993_01_07.pdf,4,orientated,0.160579
15_9_19_ST2_1993_01_07.pdf,5,functioning,0.152295
15_9_19_ST2_1993_01_07.pdf,6,over shaker,0.152295
15_9_19_ST2_1993_01_07.pdf,7,mwd,0.151655
15_9_19_ST2_1993_01_07.pdf,8,tight area,0.148883
15_9_19_ST2_1993_01_07.pdf,9,rih worked,0.148883
15_9_19_ST2_1993_01_07.pdf,10,much,0.148883
15_9_19_ST2_1993_01_07.pdf,11,orient,0.148454
15_9_19_ST2_1993_01_07.pdf,12,keeping,0.145874
15_9_19_ST2_1993_01_07.pdf,13,noise,0.143182
15_9_19_ST2_1993_01_07.pdf,14,rpm pooh,0.143182
15_9_19_ST2_1993_01_07.pdf,15,able get,0.140747
15_9_19_ST2_1993_01_08.pdf,1,stand drilled,0.226473
15_9_19_ST2_1993_01_08.pdf,2,drilled orientated,0.217467
15_9_19_ST2_1993_01_08.pdf,3,drilled hard,0.213314
15_9_19_ST2_1993_01_08.pdf,4,orientated drilled,0.203279
15_9_19_ST2_1993_01_08.pdf,5,orientated,0.199696
15_9_19_ST2_1993_01_08.pdf,6,reamed circulated,0.19917
15_9_19_ST2_1993_01_08.pdf,7,each stand,0.164004
15_9_19_ST2_1993_01_08.pdf,8,last stand,0.162163
15_9_19_ST2_1993_01_08.pdf,9,picked new,0.160689
15_9_19_ST2_1993_01_08.pdf,10,angle,0.157724
15_9_19_ST2_1993_01_08.pdf,11,hard stringers,0.155041
15_9_19_ST2_1993_01_08.pdf,12,torque readings,0.155041
15_9_19_ST2_1993_01_08.pdf,13,hard,0.150811
15_9_19_ST2_1993_01_08.pdf,14,reamed,0.150354
15_9_19_ST2_1993_01_08.pdf,15,rih reamed,0.15034
15_9_19_ST2_1993_01_09.pdf,1,stalling,0.30262
15_9_19_ST2_1993_01_09.pdf,2,steering,0.269199
15_9_19_ST2_1993_01_09.pdf,3,orientated,0.257169
15_9_19_ST2_1993_01_09.pdf,4,drilled orientated,0.217017
15_9_19_ST2_1993_01_09.pdf,5,pumping lpm,0.214055
15_9_19_ST2_1993_01_09.pdf,6,hard,0.211262
15_9_19_ST2_1993_01_09.pdf,7,mode,0.211262
15_9_19_ST2_1993_01_09.pdf,8,hard stringers,0.191005
15_9_19_ST2_1993_01_09.pdf,9,problems,0.189188
15_9_19_ST2_1993_01_09.pdf,10,bar drilled,0.185213
15_9_19_ST2_1993_01_09.pdf,11,sec,0.182643
15_9_19_ST2_1993_01_09.pdf,12,stringers,0.180251
15_9_19_ST2_1993_01_09.pdf,13,cuttings over,0.180251
15_9_19_ST2_1993_01_09.pdf,14,orientated lpm,0.170276
15_9_19_ST2_1993_01_09.pdf,15,circulated clean,0.166486
15_9_19_ST2_1993_01_10.pdf,1,sec,0.302188
15_9_19_ST2_1993_01_10.pdf,2,orientate,0.272727
15_9_19_ST2_1993_01_10.pdf,3,cuttings over,0.239848
15_9_19_ST2_1993_01_10.pdf,4,pumping lpm,0.229798
15_9_19_ST2_1993_01_10.pdf,5,lpm rpm,0.221272
15_9_19_ST2_1993_01_10.pdf,6,orientating,0.216906
15_9_19_ST2_1993_01_10.pdf,7,cuttings,0.207453
15_9_19_ST2_1993_01_10.pdf,8,steering,0.205053
15_9_19_ST2_1993_01_10.pdf,9,bar max,0.205053
15_9_19_ST2_1993_01_10.pdf,10,circulated clean,0.195444
15_9_19_ST2_1993_01_10.pdf,11,stalling,0.186722
15_9_19_ST2_1993_01_10.pdf,12,over shakers,0.168969
15_9_19_ST2_1993_01_10.pdf,13,max,0.168084
15_9_19_ST2_1993_01_10.pdf,14,circ,0.160919
15_9_19_ST2_1993_01_10.pdf,15,pumping,0.160253
15_9_19_ST2_1993_01_11.pdf,1,off tool,0.211646
15_9_19_ST2_1993_01_11.pdf,2,hang off,0.204941
15_9_19_ST2_1993_01_11.pdf,3,hang,0.197831
15_9_19_ST2_1993_01_11.pdf,4,bar max,0.181669
15_9_19_ST2_1993_01_11.pdf,5,sec,0.173716
15_9_19_ST2_1993_01_11.pdf,6,treated mud,0.172876
15_9_19_ST2_1993_01_11.pdf,7,cuttings over,0.171441
15_9_19_ST2_1993_01_11.pdf,8,lpm rpm,0.16273
15_9_19_ST2_1993_01_11.pdf,9,waiting weather,0.150773
15_9_19_ST2_1993_01_11.pdf,10,treated,0.150773
15_9_19_ST2_1993_01_11.pdf,11,over shakers,0.149701
15_9_19_ST2_1993_01_11.pdf,12,pooh csg,0.148901
15_9_19_ST2_1993_01_11.pdf,13,sample,0.148901
15_9_19_ST2_1993_01_11.pdf,14,pumped lpm,0.146454
15_9_19_ST2_1993_01_11.pdf,15,cleaning,0.134486
15_9_19_ST2_1993_01_12.pdf,1,details,0.437558
15_9_19_ST2_1993_01_12.pdf,2,see,0.411377
15_9_19_ST2_1993_01_12.pdf,3,weather,0.336843
15_9_19_ST2_1993_01_12.pdf,4,waited weather,0.2756
15_9_19_ST2_1993_01_12.pdf,5,waiting weather,0.270766
15_9_19_ST2_1993_01_12.pdf,6,cont,0.21852
15_9_19_ST2_1993_01_12.pdf,7,general,0.218395
15_9_19_ST2_1993_01_12.pdf,8,waited,0.204115
15_9_19_ST2_1993_01_12.pdf,9,waiting,0.186251
15_9_19_ST2_1993_01_12.pdf,10,rih retrieve,0.166783
15_9_19_ST2_1993_01_12.pdf,11,off tool,0.159919
15_9_19_ST2_1993_01_12.pdf,12,pooh csg,0.157933
15_9_19_ST2_1993_01_12.pdf,13,hang off,0.148137
15_9_19_ST2_1993_01_12.pdf,14,tool pooh,0.144205
15_9_19_ST2_1993_01_12.pdf,15,hang,0.142999
15_9_19_ST2_1993_01_13.pdf,1,treated mud,0.213003
15_9_19_ST2_1993_01_13.pdf,2,circ every,0.213003
15_9_19_ST2_1993_01_13.pdf,3,waiting weather,0.211235
15_9_19_ST2_1993_01_13.pdf,4,treated,0.185769
15_9_19_ST2_1993_01_13.pdf,5,csg hanger,0.173746
15_9_19_ST2_1993_01_13.pdf,6,hang off,0.172084
15_9_19_ST2_1993_01_13.pdf,7,derrick rih,0.17185
15_9_19_ST2_1993_01_13.pdf,8,hanger assy,0.168
15_9_19_ST2_1993_01_13.pdf,9,hang,0.166114
15_9_19_ST2_1993_01_13.pdf,10,displaced riser,0.164766
15_9_19_ST2_1993_01_13.pdf,11,tool racked,0.164605
15_9_19_ST2_1993_01_13.pdf,12,reamed tight,0.161567
15_9_19_ST2_1993_01_13.pdf,13,rih circulated,0.161567
15_9_19_ST2_1993_01_13.pdf,14,continued waiting,0.156311
15_9_19_ST2_1993_01_13.pdf,15,retrieving tool,0.154003
15_9_19_ST2_1993_01_14.pdf,1,jnt,0.217293
15_9_19_ST2_1993_01_14.pdf,2,washed bop,0.154339
15_9_19_ST2_1993_01_14.pdf,3,cont pooh,0.151998
15_9_19_ST2_1993_01_14.pdf,4,retrieved wear,0.151901
15_9_19_ST2_1993_01_14.pdf,5,pooh casing,0.14689
15_9_19_ST2_1993_01_14.pdf,6,float,0.143352
15_9_19_ST2_1993_01_14.pdf,7,upper racking,0.142142
15_9_19_ST2_1993_01_14.pdf,8,cont,0.139158
15_9_19_ST2_1993_01_14.pdf,9,racking arm,0.139026
15_9_19_ST2_1993_01_14.pdf,10,treated mud,0.134736
15_9_19_ST2_1993_01_14.pdf,11,seal area,0.134736
15_9_19_ST2_1993_01_14.pdf,12,every jnt,0.134736
15_9_19_ST2_1993_01_14.pdf,13,inst,0.134736
15_9_19_ST2_1993_01_14.pdf,14,thread locked,0.131718
15_9_19_ST2_1993_01_14.pdf,15,bushing performed,0.131718
15_9_19_ST2_1993_01_15.pdf,1,tam,0.261646
15_9_19_ST2_1993_01_15.pdf,2,cont running,0.256357
15_9_19_ST2_1993_01_15.pdf,3,running casing,0.228363
15_9_19_ST2_1993_01_15.pdf,4,slowly lpm,0.162319
15_9_19_ST2_1993_01_15.pdf,5,tam packer,0.162319
15_9_19_ST2_1993_01_15.pdf,6,cont,0.160377
15_9_19_ST2_1993_01_15.pdf,7,checked surface,0.158683
15_9_19_ST2_1993_01_15.pdf,8,rate steps,0.158683
15_9_19_ST2_1993_01_15.pdf,9,casing installed,0.152607
15_9_19_ST2_1993_01_15.pdf,10,steps lpm,0.152607
15_9_19_ST2_1993_01_15.pdf,11,lpm full,0.152607
15_9_19_ST2_1993_01_15.pdf,12,leaks,0.150011
15_9_19_ST2_1993_01_15.pdf,13,tank static,0.150011
15_9_19_ST2_1993_01_15.pdf,14,during circulation,0.147642
15_9_19_ST2_1993_01_15.pdf,15,loss,0.146961
15_9_19_ST2_1993_01_16.pdf,1,equip,0.285629
15_9_19_ST2_1993_01_16.pdf,2,cont running,0.261701
15_9_19_ST2_1993_01_16.pdf,3,meeting crew,0.228307
15_9_19_ST2_1993_01_16.pdf,4,running casing,0.211346
15_9_19_ST2_1993_01_16.pdf,5,hanger landing,0.196725
15_9_19_ST2_1993_01_16.pdf,6,treated mud,0.165703
15_9_19_ST2_1993_01_16.pdf,7,tam packer,0.165703
15_9_19_ST2_1993_01_16.pdf,8,cont,0.16372
15_9_19_ST2_1993_01_16.pdf,9,circulated while,0.161991
15_9_19_ST2_1993_01_16.pdf,10,tam,0.161991
15_9_19_ST2_1993_01_16.pdf,11,landed hanger,0.158717
15_9_19_ST2_1993_01_16.pdf,12,csg,0.154841
15_9_19_ST2_1993_01_16.pdf,13,casing held,0.15072
15_9_19_ST2_1993_01_16.pdf,14,rih casing,0.14993
15_9_19_ST2_1993_01_16.pdf,15,shoe circulated,0.148495
15_9_19_ST2_1993_01_17.pdf,1,mud pumped,0.198041
15_9_19_ST2_1993_01_17.pdf,2,treated mud,0.183143
15_9_19_ST2_1993_01_17.pdf,3,treated,0.180323
15_9_19_ST2_1993_01_17.pdf,4,petrofree,0.173155
15_9_19_ST2_1993_01_17.pdf,5,petrofree mud,0.173155
15_9_19_ST2_1993_01_17.pdf,6,press,0.163364
15_9_19_ST2_1993_01_17.pdf,7,equip,0.148006
15_9_19_ST2_1993_01_17.pdf,8,checked surface,0.143991
15_9_19_ST2_1993_01_17.pdf,9,reduce,0.140945
15_9_19_ST2_1993_01_17.pdf,10,seal assy,0.139426
15_9_19_ST2_1993_01_17.pdf,11,bentonite,0.138477
15_9_19_ST2_1993_01_17.pdf,12,bentonite mud,0.138477
15_9_19_ST2_1993_01_17.pdf,13,csg bar,0.131994
15_9_19_ST2_1993_01_17.pdf,14,backed,0.130163
15_9_19_ST2_1993_01_17.pdf,15,pooh seal,0.125366
15_9_19_ST2_1993_01_18.pdf,1,lmrp,0.22451
15_9_19_ST2_1993_01_18.pdf,2,pooh due,0.211676
15_9_19_ST2_1993_01_18.pdf,3,bad,0.189175
15_9_19_ST2_1993_01_18.pdf,4,unlatched,0.185351
15_9_19_ST2_1993_01_18.pdf,5,links,0.156122
15_9_19_ST2_1993_01_18.pdf,6,cont,0.154254
15_9_19_ST2_1993_01_18.pdf,7,board,0.152625
15_9_19_ST2_1993_01_18.pdf,8,weather,0.150042
15_9_19_ST2_1993_01_18.pdf,9,displaced riser,0.149686
15_9_19_ST2_1993_01_18.pdf,10,sub washed,0.14954
15_9_19_ST2_1993_01_18.pdf,11,deballasted,0.144284
15_9_19_ST2_1993_01_18.pdf,12,deballasted rig,0.144284
15_9_19_ST2_1993_01_18.pdf,13,pulled rig,0.142005
15_9_19_ST2_1993_01_18.pdf,14,off location,0.142005
15_9_19_ST2_1993_01_18.pdf,15,overs,0.142005
15_9_19_ST2_1993_01_19.pdf,1,waiting weather,0.277167
15_9_19_ST2_1993_01_19.pdf,2,weather,0.216707
15_9_19_ST2_1993_01_19.pdf,3,deballasted,0.208391
15_9_19_ST2_1993_01_19.pdf,4,deballasted rig,0.208391
15_9_19_ST2_1993_01_19.pdf,5,continued waiting,0.205099
15_9_19_ST2_1993_01_19.pdf,6,pulled rig,0.205099
15_9_19_ST2_1993_01_19.pdf,7,stack,0.202071
15_9_19_ST2_1993_01_19.pdf,8,installed diverter,0.196658
15_9_19_ST2_1993_01_19.pdf,9,waiting,0.190654
15_9_19_ST2_1993_01_19.pdf,10,seal assy,0.187716
15_9_19_ST2_1993_01_19.pdf,11,handling tool,0.187716
15_9_19_ST2_1993_01_19.pdf,12,installed new,0.180489
15_9_19_ST2_1993_01_19.pdf,13,rov,0.178757
15_9_19_ST2_1993_01_19.pdf,14,location,0.174423
15_9_19_ST2_1993_01_19.pdf,15,around,0.14891
15_9_19_ST2_1993_01_20.pdf,1,press tested,0.21069
15_9_19_ST2_1993_01_20.pdf,2,press,0.199759
15_9_19_ST2_1993_01_20.pdf,3,seal assy,0.157761
15_9_19_ST2_1993_01_20.pdf,4,failsafe,0.152408
15_9_19_ST2_1993_01_20.pdf,5,lmrp,0.151143
15_9_19_ST2_1993_01_20.pdf,6,petrofree mud,0.134686
15_9_19_ST2_1993_01_20.pdf,7,petrofree,0.134686
15_9_19_ST2_1993_01_20.pdf,8,tested bop,0.127415
15_9_19_ST2_1993_01_20.pdf,9,ram bar,0.122962
15_9_19_ST2_1993_01_20.pdf,10,tam packer,0.122962
15_9_19_ST2_1993_01_20.pdf,11,circ every,0.122962
15_9_19_ST2_1993_01_20.pdf,12,acoustic system,0.120208
15_9_19_ST2_1993_01_20.pdf,13,service broke,0.120208
15_9_19_ST2_1993_01_20.pdf,14,tam,0.120208
15_9_19_ST2_1993_01_20.pdf,15,displaced riser,0.117893
15_9_19_ST2_1993_01_21.pdf,1,circ every,0.300389
15_9_19_ST2_1993_01_21.pdf,2,every drilled,0.287724
15_9_19_ST2_1993_01_21.pdf,3,broke circ,0.252794
15_9_19_ST2_1993_01_21.pdf,4,seal assy,0.25007
15_9_19_ST2_1993_01_21.pdf,5,rih broke,0.242682
15_9_19_ST2_1993_01_21.pdf,6,cmt,0.231027
15_9_19_ST2_1993_01_21.pdf,7,cont rih,0.220744
15_9_19_ST2_1993_01_21.pdf,8,dart,0.220744
15_9_19_ST2_1993_01_21.pdf,9,circ,0.217861
15_9_19_ST2_1993_01_21.pdf,10,retrieve,0.182934
15_9_19_ST2_1993_01_21.pdf,11,drilled cmt,0.177415
15_9_19_ST2_1993_01_21.pdf,12,cont,0.170581
15_9_19_ST2_1993_01_21.pdf,13,retrieve seal,0.169935
15_9_19_ST2_1993_01_21.pdf,14,assy,0.165878
15_9_19_ST2_1993_01_21.pdf,15,float shoe,0.156784
15_9_19_ST2_1993_01_22.pdf,1,hang off,0.323933
15_9_19_ST2_1993_01_22.pdf,2,hang,0.312696
15_9_19_ST2_1993_01_22.pdf,3,off tool,0.282132
15_9_19_ST2_1993_01_22.pdf,4,wow,0.215718
15_9_19_ST2_1993_01_22.pdf,5,float,0.208738
15_9_19_ST2_1993_01_22.pdf,6,tool rih,0.199314
15_9_19_ST2_1993_01_22.pdf,7,drilled cmt,0.19106
15_9_19_ST2_1993_01_22.pdf,8,string displaced,0.183005
15_9_19_ST2_1993_01_22.pdf,9,cmt,0.176528
15_9_19_ST2_1993_01_22.pdf,10,casing,0.170044
15_9_19_ST2_1993_01_22.pdf,11,petrofree,0.168843
15_9_19_ST2_1993_01_22.pdf,12,petrofree mud,0.168843
15_9_19_ST2_1993_01_22.pdf,13,float shoe,0.168843
15_9_19_ST2_1993_01_22.pdf,14,pooh landing,0.164563
15_9_19_ST2_1993_01_22.pdf,15,cement,0.163801
15_9_19_ST2_1993_01_23.pdf,1,casing circulated,0.195977
15_9_19_ST2_1993_01_23.pdf,2,hang off,0.193383
15_9_19_ST2_1993_01_23.pdf,3,hang,0.186675
15_9_19_ST2_1993_01_23.pdf,4,ballasted rig,0.178443
15_9_19_ST2_1993_01_23.pdf,5,shoe cleaned,0.175906
15_9_19_ST2_1993_01_23.pdf,6,ballasted,0.174147
15_9_19_ST2_1993_01_23.pdf,7,cleaned rat,0.172351
15_9_19_ST2_1993_01_23.pdf,8,float shoe,0.159013
15_9_19_ST2_1993_01_23.pdf,9,displaced riser,0.158267
15_9_19_ST2_1993_01_23.pdf,10,drilled cement,0.146774
15_9_19_ST2_1993_01_23.pdf,11,circ clean,0.144028
15_9_19_ST2_1993_01_23.pdf,12,bad,0.14192
15_9_19_ST2_1993_01_23.pdf,13,rat,0.141511
15_9_19_ST2_1993_01_23.pdf,14,washed drilled,0.139051
15_9_19_ST2_1993_01_23.pdf,15,rig draft,0.139051
15_9_19_ST2_1993_01_24.pdf,1,casing scraper,0.263093
15_9_19_ST2_1993_01_24.pdf,2,scraper,0.206908
15_9_19_ST2_1993_01_24.pdf,3,unable pass,0.199287
15_9_19_ST2_1993_01_24.pdf,4,worked casing,0.1915
15_9_19_ST2_1993_01_24.pdf,5,gyro,0.190909
15_9_19_ST2_1993_01_24.pdf,6,racked bha,0.175503
15_9_19_ST2_1993_01_24.pdf,7,slugged pooh,0.175503
15_9_19_ST2_1993_01_24.pdf,8,circulating clean,0.169793
15_9_19_ST2_1993_01_24.pdf,9,made bit,0.169793
15_9_19_ST2_1993_01_24.pdf,10,rigged wireline,0.167286
15_9_19_ST2_1993_01_24.pdf,11,wireline rih,0.167286
15_9_19_ST2_1993_01_24.pdf,12,pooh racked,0.162805
15_9_19_ST2_1993_01_24.pdf,13,slugged,0.160784
15_9_19_ST2_1993_01_24.pdf,14,broke bit,0.157095
15_9_19_ST2_1993_01_24.pdf,15,bha derrick,0.155402
15_9_19_ST2_1993_01_25.pdf,1,retainer,0.244899
15_9_19_ST2_1993_01_25.pdf,2,cement retainer,0.238064
15_9_19_ST2_1993_01_25.pdf,3,jet tool,0.20347
15_9_19_ST2_1993_01_25.pdf,4,fail safe,0.184479
15_9_19_ST2_1993_01_25.pdf,5,fail,0.177995
15_9_19_ST2_1993_01_25.pdf,6,ran gyro,0.162239
15_9_19_ST2_1993_01_25.pdf,7,safe,0.155599
15_9_19_ST2_1993_01_25.pdf,8,attempted pressure,0.141533
15_9_19_ST2_1993_01_25.pdf,9,casing scraper,0.136655
15_9_19_ST2_1993_01_25.pdf,10,unit lined,0.136655
15_9_19_ST2_1993_01_25.pdf,11,lines against,0.136655
15_9_19_ST2_1993_01_25.pdf,12,tons,0.136282
15_9_19_ST2_1993_01_25.pdf,13,test line,0.133593
15_9_19_ST2_1993_01_25.pdf,14,tool washed,0.133593
15_9_19_ST2_1993_01_25.pdf,15,baker,0.133208
15_9_19_ST2_1993_01_26.pdf,1,retainer,0.166337
15_9_19_ST2_1993_01_26.pdf,2,seal assembly,0.153905
15_9_19_ST2_1993_01_26.pdf,3,uap,0.148391
15_9_19_ST2_1993_01_26.pdf,4,mud pulled,0.137246
15_9_19_ST2_1993_01_26.pdf,5,back circulated,0.134171
15_9_19_ST2_1993_01_26.pdf,6,hose pressure,0.134171
15_9_19_ST2_1993_01_26.pdf,7,establish circulation,0.129034
15_9_19_ST2_1993_01_26.pdf,8,behind,0.12774
15_9_19_ST2_1993_01_26.pdf,9,tool ran,0.126839
15_9_19_ST2_1993_01_26.pdf,10,bar mins,0.124203
15_9_19_ST2_1993_01_26.pdf,11,cement hose,0.121824
15_9_19_ST2_1993_01_26.pdf,12,displaced same,0.121286
15_9_19_ST2_1993_01_26.pdf,13,pulling tool,0.116816
15_9_19_ST2_1993_01_26.pdf,14,seal,0.115857
15_9_19_ST2_1993_01_26.pdf,15,squeezed,0.115611
15_9_19_ST2_1993_01_27.pdf,1,assembly running,0.188153
15_9_19_ST2_1993_01_27.pdf,2,manually,0.179301
15_9_19_ST2_1993_01_27.pdf,3,seal assembly,0.169027
15_9_19_ST2_1993_01_27.pdf,4,set wear,0.157685
15_9_19_ST2_1993_01_27.pdf,5,negative,0.145269
15_9_19_ST2_1993_01_27.pdf,6,restriction,0.143035
15_9_19_ST2_1993_01_27.pdf,7,bar mins,0.141874
15_9_19_ST2_1993_01_27.pdf,8,guns,0.137841
15_9_19_ST2_1993_01_27.pdf,9,hung,0.13548
15_9_19_ST2_1993_01_27.pdf,10,stands derrick,0.130135
15_9_19_ST2_1993_01_27.pdf,11,pooh cement,0.129109
15_9_19_ST2_1993_01_27.pdf,12,seal,0.127241
15_9_19_ST2_1993_01_27.pdf,13,cement retainer,0.124648
15_9_19_ST2_1993_01_27.pdf,14,armed,0.122348
15_9_19_ST2_1993_01_27.pdf,15,mins,0.122305
15_9_19_ST2_1993_01_28.pdf,1,retainer,0.216275
15_9_19_ST2_1993_01_28.pdf,2,bentonite,0.178419
15_9_19_ST2_1993_01_28.pdf,3,bentonite mud,0.178419
15_9_19_ST2_1993_01_28.pdf,4,cement retainer,0.161011
15_9_19_ST2_1993_01_28.pdf,5,squeezed,0.161011
15_9_19_ST2_1993_01_28.pdf,6,perforations,0.153724
15_9_19_ST2_1993_01_28.pdf,7,bar mins,0.139115
15_9_19_ST2_1993_01_28.pdf,8,while rotating,0.135848
15_9_19_ST2_1993_01_28.pdf,9,mins,0.119927
15_9_19_ST2_1993_01_28.pdf,10,slurry,0.113076
15_9_19_ST2_1993_01_28.pdf,11,steps,0.112966
15_9_19_ST2_1993_01_28.pdf,12,down worked,0.111892
15_9_19_ST2_1993_01_28.pdf,13,mud pulled,0.109072
15_9_19_ST2_1993_01_28.pdf,14,installed cement,0.109072
15_9_19_ST2_1993_01_28.pdf,15,lines pressure,0.109072
15_9_19_ST2_1993_01_29.pdf,1,cont pooh,0.192618
15_9_19_ST2_1993_01_29.pdf,2,ballasted rig,0.179392
15_9_19_ST2_1993_01_29.pdf,3,ballasted,0.175073
15_9_19_ST2_1993_01_29.pdf,4,baker,0.161765
15_9_19_ST2_1993_01_29.pdf,5,pulled bop,0.159859
15_9_19_ST2_1993_01_29.pdf,6,bar mins,0.15911
15_9_19_ST2_1993_01_29.pdf,7,casing bar,0.152233
15_9_19_ST2_1993_01_29.pdf,8,tested casing,0.146143
15_9_19_ST2_1993_01_29.pdf,9,diverter installed,0.142675
15_9_19_ST2_1993_01_29.pdf,10,slipped line,0.142675
15_9_19_ST2_1993_01_29.pdf,11,unlatched,0.139791
15_9_19_ST2_1993_01_29.pdf,12,rig draft,0.139791
15_9_19_ST2_1993_01_29.pdf,13,pull bop,0.139791
15_9_19_ST2_1993_01_29.pdf,14,pulled same,0.137212
15_9_19_ST2_1993_01_29.pdf,15,mins,0.137163
15_9_19_ST2_1993_01_30.pdf,1,guide wire,0.212935
15_9_19_ST2_1993_01_30.pdf,2,temporary,0.192531
15_9_19_ST2_1993_01_30.pdf,3,backloaded,0.182977
15_9_19_ST2_1993_01_30.pdf,4,anchor handling,0.17649
15_9_19_ST2_1993_01_30.pdf,5,cap,0.165221
15_9_19_ST2_1993_01_30.pdf,6,corrosion,0.160645
15_9_19_ST2_1993_01_30.pdf,7,wire,0.160239
15_9_19_ST2_1993_01_30.pdf,8,anchor,0.153589
15_9_19_ST2_1993_01_30.pdf,9,petrofree mud,0.15306
15_9_19_ST2_1993_01_30.pdf,10,petrofree,0.15306
15_9_19_ST2_1993_01_30.pdf,11,guide,0.151611
15_9_19_ST2_1993_01_30.pdf,12,running tool,0.143862
15_9_19_ST2_1993_01_30.pdf,13,rig draft,0.133845
15_9_19_ST2_1993_01_30.pdf,14,down joints,0.133845
15_9_19_ST2_1993_01_30.pdf,15,inhibitor,0.133845
15_9_19_ST2_1993_01_31.pdf,1,anchor handling,0.465892
15_9_19_ST2_1993_01_31.pdf,2,anchor,0.405438
15_9_19_ST2_1993_01_31.pdf,3,ballasted rig,0.308996
15_9_19_ST2_1993_01_31.pdf,4,ballasted,0.301556
15_9_19_ST2_1993_01_31.pdf,5,continued waiting,0.259996
15_9_19_ST2_1993_01_31.pdf,6,weather,0.25122
15_9_19_ST2_1993_01_31.pdf,7,waiting weather,0.249296
15_9_19_ST2_1993_01_31.pdf,8,handling,0.223243
15_9_19_ST2_1993_01_31.pdf,9,waited weather,0.204721
15_9_19_ST2_1993_01_31.pdf,10,waiting,0.171483
15_9_19_ST2_1993_01_31.pdf,11,rig move,0.165042
15_9_19_ST2_1993_01_31.pdf,12,waited,0.15162
15_9_19_ST2_1993_01_31.pdf,13,rig,0.125188
15_9_19_ST2_1993_01_31.pdf,14,move,0.124062
15_9_19_ST2_1993_01_31.pdf,15,wow,0.112578
15_9_19_ST2_1993_02_01.pdf,1,anchor,0.445041
15_9_19_ST2_1993_02_01.pdf,2,anchors,0.393758
15_9_19_ST2_1993_02_01.pdf,3,scr,0.257864
15_9_19_ST2_1993_02_01.pdf,4,anchor handling,0.248464
15_9_19_ST2_1993_02_01.pdf,5,same pulled,0.241808
15_9_19_ST2_1993_02_01.pdf,6,gear,0.228427
15_9_19_ST2_1993_02_01.pdf,7,location,0.214469
15_9_19_ST2_1993_02_01.pdf,8,stop,0.211145
15_9_19_ST2_1993_02_01.pdf,9,hung off,0.187707
15_9_19_ST2_1993_02_01.pdf,10,hung,0.175058
15_9_19_ST2_1993_02_01.pdf,11,drop,0.165724
15_9_19_ST2_1993_02_01.pdf,12,connected,0.162798
15_9_19_ST2_1993_02_01.pdf,13,pulled,0.161412
15_9_19_ST2_1993_02_01.pdf,14,cont,0.157446
15_9_19_ST2_1993_02_01.pdf,15,faulty,0.153955
15_9_19_ST2_1993_02_18.pdf,1,anchors,0.467529
15_9_19_ST2_1993_02_18.pdf,2,anchor,0.34153
15_9_19_ST2_1993_02_18.pdf,3,dropped,0.226759
15_9_19_ST2_1993_02_18.pdf,4,ballasted rig,0.225581
15_9_19_ST2_1993_02_18.pdf,5,ballasted,0.220149
15_9_19_ST2_1993_02_18.pdf,6,corrosion cap,0.217669
15_9_19_ST2_1993_02_18.pdf,7,guide wires,0.21098
15_9_19_ST2_1993_02_18.pdf,8,corrosion,0.21098
15_9_19_ST2_1993_02_18.pdf,9,rig,0.209734
15_9_19_ST2_1993_02_18.pdf,10,hrs,0.206218
15_9_19_ST2_1993_02_18.pdf,11,set,0.197036
15_9_19_ST2_1993_02_18.pdf,12,wires,0.194081
15_9_19_ST2_1993_02_18.pdf,13,bop riser,0.179883
15_9_19_ST2_1993_02_18.pdf,14,test bop,0.165427
15_9_19_ST2_1993_02_18.pdf,15,hatch,0.161954
15_9_19_ST2_1993_02_19.pdf,1,anchors,0.293353
15_9_19_ST2_1993_02_19.pdf,2,ballasted rig,0.277641
15_9_19_ST2_1993_02_19.pdf,3,ballasted,0.270957
15_9_19_ST2_1993_02_19.pdf,4,positioned rig,0.257187
15_9_19_ST2_1993_02_19.pdf,5,anchor,0.199665
15_9_19_ST2_1993_02_19.pdf,6,hatch,0.19933
15_9_19_ST2_1993_02_19.pdf,7,positioned,0.198515
15_9_19_ST2_1993_02_19.pdf,8,assisted rov,0.19785
15_9_19_ST2_1993_02_19.pdf,9,rig draft,0.19785
15_9_19_ST2_1993_02_19.pdf,10,assisted,0.190897
15_9_19_ST2_1993_02_19.pdf,11,off location,0.187881
15_9_19_ST2_1993_02_19.pdf,12,pulled rig,0.187881
15_9_19_ST2_1993_02_19.pdf,13,rig off,0.180149
15_9_19_ST2_1993_02_19.pdf,14,rig over,0.177913
15_9_19_ST2_1993_02_19.pdf,15,draft,0.175812
15_9_19_ST2_1993_02_20.pdf,1,drillpipe,0.392655
15_9_19_ST2_1993_02_20.pdf,2,check tds,0.287282
15_9_19_ST2_1993_02_20.pdf,3,tds tested,0.271582
15_9_19_ST2_1993_02_20.pdf,4,load,0.262497
15_9_19_ST2_1993_02_20.pdf,5,back derrick,0.231108
15_9_19_ST2_1993_02_20.pdf,6,remaining,0.217421
15_9_19_ST2_1993_02_20.pdf,7,reading,0.217421
15_9_19_ST2_1993_02_20.pdf,8,against,0.216926
15_9_19_ST2_1993_02_20.pdf,9,tong,0.214619
15_9_19_ST2_1993_02_20.pdf,10,torque,0.202484
15_9_19_ST2_1993_02_20.pdf,11,tds,0.177669
15_9_19_ST2_1993_02_20.pdf,12,thoj,0.173561
15_9_19_ST2_1993_02_20.pdf,13,cont,0.166876
15_9_19_ST2_1993_02_20.pdf,14,check,0.165294
15_9_19_ST2_1993_02_20.pdf,15,racked back,0.161308
15_9_19_ST2_1993_02_21.pdf,1,drillpipe,0.457294
15_9_19_ST2_1993_02_21.pdf,2,waiting weather,0.365717
15_9_19_ST2_1993_02_21.pdf,3,jnts,0.329781
15_9_19_ST2_1993_02_21.pdf,4,wow,0.279627
15_9_19_ST2_1993_02_21.pdf,5,weather,0.261489
15_9_19_ST2_1993_02_21.pdf,6,waiting,0.251565
15_9_19_ST2_1993_02_21.pdf,7,thoj,0.247664
15_9_19_ST2_1993_02_21.pdf,8,cont,0.238125
15_9_19_ST2_1993_02_21.pdf,9,orientation,0.218865
15_9_19_ST2_1993_02_21.pdf,10,corrosion cap,0.208423
15_9_19_ST2_1993_02_21.pdf,11,corrosion,0.202018
15_9_19_ST2_1993_02_21.pdf,12,cap,0.155074
15_9_19_ST2_1993_02_21.pdf,13,bop,0.150875
15_9_19_ST2_1993_02_21.pdf,14,perform,0.125327
15_9_19_ST2_1993_02_21.pdf,15,continued,0.117233
15_9_19_ST2_1993_02_22.pdf,1,waited weather,0.445664
15_9_19_ST2_1993_02_22.pdf,2,weather,0.388033
15_9_19_ST2_1993_02_22.pdf,3,waited,0.330066
15_9_19_ST2_1993_02_22.pdf,4,waiting,0.30118
15_9_19_ST2_1993_02_22.pdf,5,thoj,0.29651
15_9_19_ST2_1993_02_22.pdf,6,orientation,0.262031
15_9_19_ST2_1993_02_22.pdf,7,corrosion cap,0.24953
15_9_19_ST2_1993_02_22.pdf,8,corrosion,0.241862
15_9_19_ST2_1993_02_22.pdf,9,wow,0.197725
15_9_19_ST2_1993_02_22.pdf,10,cap,0.185659
15_9_19_ST2_1993_02_22.pdf,11,bop,0.180632
15_9_19_ST2_1993_02_22.pdf,12,rov,0.166782
15_9_19_ST2_1993_02_22.pdf,13,perform,0.150045
15_9_19_ST2_1993_02_22.pdf,14,pull,0.131524
15_9_19_ST2_1993_02_23.pdf,1,thoj,0.246542
15_9_19_ST2_1993_02_23.pdf,2,bop using,0.222427
15_9_19_ST2_1993_02_23.pdf,3,tool pulled,0.220938
15_9_19_ST2_1993_02_23.pdf,4,corrosion cap,0.207479
15_9_19_ST2_1993_02_23.pdf,5,cap,0.206831
15_9_19_ST2_1993_02_23.pdf,6,corrosion,0.201103
15_9_19_ST2_1993_02_23.pdf,7,location,0.190709
15_9_19_ST2_1993_02_23.pdf,8,ret,0.179453
15_9_19_ST2_1993_02_23.pdf,9,waited weather,0.176574
15_9_19_ST2_1993_02_23.pdf,10,installed ring,0.174929
15_9_19_ST2_1993_02_23.pdf,11,off location,0.159111
15_9_19_ST2_1993_02_23.pdf,12,pulled rig,0.159111
15_9_19_ST2_1993_02_23.pdf,13,retrieving tool,0.156762
15_9_19_ST2_1993_02_23.pdf,14,press test,0.154588
15_9_19_ST2_1993_02_23.pdf,15,weather,0.15374
15_9_19_ST2_1993_02_24.pdf,1,press tested,0.222119
15_9_19_ST2_1993_02_24.pdf,2,press,0.221831
15_9_19_ST2_1993_02_24.pdf,3,jnt,0.200206
15_9_19_ST2_1993_02_24.pdf,4,tested lines,0.187765
15_9_19_ST2_1993_02_24.pdf,5,wor,0.169746
15_9_19_ST2_1993_02_24.pdf,6,test plug,0.169298
15_9_19_ST2_1993_02_24.pdf,7,conn,0.164831
15_9_19_ST2_1993_02_24.pdf,8,press test,0.161456
15_9_19_ST2_1993_02_24.pdf,9,thoj,0.160676
15_9_19_ST2_1993_02_24.pdf,10,bop pooh,0.153902
15_9_19_ST2_1993_02_24.pdf,11,tested shear,0.151062
15_9_19_ST2_1993_02_24.pdf,12,deballasted,0.148492
15_9_19_ST2_1993_02_24.pdf,13,jnts,0.143685
15_9_19_ST2_1993_02_24.pdf,14,rih test,0.135218
15_9_19_ST2_1993_02_24.pdf,15,lines bar,0.13426
15_9_19_ST2_1993_02_25.pdf,1,wor,0.287994
15_9_19_ST2_1993_02_25.pdf,2,ret,0.228243
15_9_19_ST2_1993_02_25.pdf,3,thoj,0.203464
15_9_19_ST2_1993_02_25.pdf,4,press,0.179921
15_9_19_ST2_1993_02_25.pdf,5,drilled cmt,0.178935
15_9_19_ST2_1993_02_25.pdf,6,retainer,0.173177
15_9_19_ST2_1993_02_25.pdf,7,adapter,0.161406
15_9_19_ST2_1993_02_25.pdf,8,tested tds,0.160352
15_9_19_ST2_1993_02_25.pdf,9,press test,0.158128
15_9_19_ST2_1993_02_25.pdf,10,petrofree,0.158128
15_9_19_ST2_1993_02_25.pdf,11,petrofree mud,0.158128
15_9_19_ST2_1993_02_25.pdf,12,jnt,0.15267
15_9_19_ST2_1993_02_25.pdf,13,equal,0.152512
15_9_19_ST2_1993_02_25.pdf,14,press tested,0.148961
15_9_19_ST2_1993_02_25.pdf,15,cmt,0.148759
15_9_19_ST2_1993_02_26.pdf,1,equal,0.336554
15_9_19_ST2_1993_02_26.pdf,2,press tested,0.253707
15_9_19_ST2_1993_02_26.pdf,3,press,0.230354
15_9_19_ST2_1993_02_26.pdf,4,retainer,0.229766
15_9_19_ST2_1993_02_26.pdf,5,csg bar,0.194558
15_9_19_ST2_1993_02_26.pdf,6,performed fit,0.191858
15_9_19_ST2_1993_02_26.pdf,7,even mudweight,0.175158
15_9_19_ST2_1993_02_26.pdf,8,bit change,0.171234
15_9_19_ST2_1993_02_26.pdf,9,mud drilled,0.156968
15_9_19_ST2_1993_02_26.pdf,10,mudweight,0.156968
15_9_19_ST2_1993_02_26.pdf,11,pooh bit,0.149085
15_9_19_ST2_1993_02_26.pdf,12,casing bar,0.147405
15_9_19_ST2_1993_02_26.pdf,13,cmt,0.14731
15_9_19_ST2_1993_02_26.pdf,14,closed annular,0.144309
15_9_19_ST2_1993_02_26.pdf,15,coring,0.144309
15_9_19_ST2_1993_02_27.pdf,1,new mwd,0.29058
15_9_19_ST2_1993_02_27.pdf,2,mwd tool,0.272333
15_9_19_ST2_1993_02_27.pdf,3,cont pooh,0.199394
15_9_19_ST2_1993_02_27.pdf,4,bit change,0.196476
15_9_19_ST2_1993_02_27.pdf,5,circulation each,0.192505
15_9_19_ST2_1993_02_27.pdf,6,pooh broke,0.180106
15_9_19_ST2_1993_02_27.pdf,7,mwd,0.179489
15_9_19_ST2_1993_02_27.pdf,8,cont,0.175893
15_9_19_ST2_1993_02_27.pdf,9,slugged,0.173106
15_9_19_ST2_1993_02_27.pdf,10,pooh bit,0.171061
15_9_19_ST2_1993_02_27.pdf,11,broke bit,0.169134
15_9_19_ST2_1993_02_27.pdf,12,samples,0.165582
15_9_19_ST2_1993_02_27.pdf,13,drilled surveyed,0.163937
15_9_19_ST2_1993_02_27.pdf,14,rih broke,0.162368
15_9_19_ST2_1993_02_27.pdf,15,surveyed,0.162368
15_9_19_ST2_1993_02_28.pdf,1,core,0.331475
15_9_19_ST2_1993_02_28.pdf,2,pooh broke,0.280086
15_9_19_ST2_1993_02_28.pdf,3,recovered core,0.274865
15_9_19_ST2_1993_02_28.pdf,4,stabilizers,0.21241
15_9_19_ST2_1993_02_28.pdf,5,collars,0.198729
15_9_19_ST2_1993_02_28.pdf,6,seated,0.195972
15_9_19_ST2_1993_02_28.pdf,7,recovered,0.194494
15_9_19_ST2_1993_02_28.pdf,8,jammed,0.193406
15_9_19_ST2_1993_02_28.pdf,9,core barrel,0.186623
15_9_19_ST2_1993_02_28.pdf,10,broke bit,0.186623
15_9_19_ST2_1993_02_28.pdf,11,coring,0.182703
15_9_19_ST2_1993_02_28.pdf,12,cut core,0.182703
15_9_19_ST2_1993_02_28.pdf,13,dropped ball,0.179157
15_9_19_ST2_1993_02_28.pdf,14,barrel,0.177504
15_9_19_ST2_1993_02_28.pdf,15,spaced,0.165218
15_9_19_ST2_1993_03_01.pdf,1,filled broke,0.293589
15_9_19_ST2_1993_03_01.pdf,2,core,0.233102
15_9_19_ST2_1993_03_01.pdf,3,drilled surveyed,0.219879
15_9_19_ST2_1993_03_01.pdf,4,surveyed,0.217775
15_9_19_ST2_1993_03_01.pdf,5,circulation each,0.20831
15_9_19_ST2_1993_03_01.pdf,6,each,0.199585
15_9_19_ST2_1993_03_01.pdf,7,surveyed steered,0.197814
15_9_19_ST2_1993_03_01.pdf,8,mud motor,0.19219
15_9_19_ST2_1993_03_01.pdf,9,rih filled,0.189673
15_9_19_ST2_1993_03_01.pdf,10,core barrel,0.183021
15_9_19_ST2_1993_03_01.pdf,11,broke circ,0.183021
15_9_19_ST2_1993_03_01.pdf,12,steered,0.179177
15_9_19_ST2_1993_03_01.pdf,13,bha filled,0.179177
15_9_19_ST2_1993_03_01.pdf,14,barrel,0.174078
15_9_19_ST2_1993_03_01.pdf,15,mwd tool,0.162029
15_9_19_ST2_1993_03_02.pdf,1,steered,0.25767
15_9_19_ST2_1993_03_02.pdf,2,steering,0.247059
15_9_19_ST2_1993_03_02.pdf,3,surveyed steered,0.243157
15_9_19_ST2_1993_03_02.pdf,4,drilled surveyed,0.218059
15_9_19_ST2_1993_03_02.pdf,5,tendencies,0.217274
15_9_19_ST2_1993_03_02.pdf,6,surveyed,0.215973
15_9_19_ST2_1993_03_02.pdf,7,wiper trip,0.202496
15_9_19_ST2_1993_03_02.pdf,8,surveying steered,0.189678
15_9_19_ST2_1993_03_02.pdf,9,circulated rotated,0.185429
15_9_19_ST2_1993_03_02.pdf,10,tons overpull,0.16998
15_9_19_ST2_1993_03_02.pdf,11,surveying,0.167622
15_9_19_ST2_1993_03_02.pdf,12,attempting,0.165426
15_9_19_ST2_1993_03_02.pdf,13,slipped cut,0.161444
15_9_19_ST2_1993_03_02.pdf,14,wiper,0.159996
15_9_19_ST2_1993_03_02.pdf,15,stalled,0.159625
15_9_19_ST2_1993_03_03.pdf,1,steering,0.430765
15_9_19_ST2_1993_03_03.pdf,2,drilled surveyed,0.415755
15_9_19_ST2_1993_03_03.pdf,3,surveyed,0.411777
15_9_19_ST2_1993_03_03.pdf,4,stalling,0.278317
15_9_19_ST2_1993_03_03.pdf,5,negative,0.223899
15_9_19_ST2_1993_03_03.pdf,6,motor,0.208812
15_9_19_ST2_1993_03_03.pdf,7,drilled,0.196748
15_9_19_ST2_1993_03_03.pdf,8,rih core,0.187092
15_9_19_ST2_1993_03_03.pdf,9,change bit,0.172614
15_9_19_ST2_1993_03_03.pdf,10,bit bha,0.170353
15_9_19_ST2_1993_03_03.pdf,11,core point,0.162607
15_9_19_ST2_1993_03_03.pdf,12,pooh change,0.153614
15_9_19_ST2_1993_03_03.pdf,13,attempted,0.136486
15_9_19_ST2_1993_03_03.pdf,14,core,0.135843
15_9_19_ST2_1993_03_03.pdf,15,point,0.131563
15_9_19_ST2_1993_03_04.pdf,1,cont pooh,0.190773
15_9_19_ST2_1993_03_04.pdf,2,oil,0.185029
15_9_19_ST2_1993_03_04.pdf,3,mwd tool,0.177568
15_9_19_ST2_1993_03_04.pdf,4,cont,0.167083
15_9_19_ST2_1993_03_04.pdf,5,acoustic system,0.165319
15_9_19_ST2_1993_03_04.pdf,6,bit change,0.165319
15_9_19_ST2_1993_03_04.pdf,7,repaired same,0.165319
15_9_19_ST2_1993_03_04.pdf,8,rih tested,0.161977
15_9_19_ST2_1993_03_04.pdf,9,pooh found,0.161977
15_9_19_ST2_1993_03_04.pdf,10,system continued,0.158988
15_9_19_ST2_1993_03_04.pdf,11,alarm,0.158988
15_9_19_ST2_1993_03_04.pdf,12,overs,0.153816
15_9_19_ST2_1993_03_04.pdf,13,pooh broke,0.151545
15_9_19_ST2_1993_03_04.pdf,14,motor,0.150484
15_9_19_ST2_1993_03_04.pdf,15,surveying,0.149443
15_9_19_ST2_1993_03_05.pdf,1,filled broke,0.266609
15_9_19_ST2_1993_03_05.pdf,2,cont rih,0.2393
15_9_19_ST2_1993_03_05.pdf,3,cont,0.203975
15_9_19_ST2_1993_03_05.pdf,4,weight washed,0.189167
15_9_19_ST2_1993_03_05.pdf,5,reamed tight,0.185677
15_9_19_ST2_1993_03_05.pdf,6,tool continued,0.182519
15_9_19_ST2_1993_03_05.pdf,7,circulation circulated,0.182519
15_9_19_ST2_1993_03_05.pdf,8,circulated condition,0.179636
15_9_19_ST2_1993_03_05.pdf,9,tds installed,0.176984
15_9_19_ST2_1993_03_05.pdf,10,surveying,0.174529
15_9_19_ST2_1993_03_05.pdf,11,rih filled,0.172243
15_9_19_ST2_1993_03_05.pdf,12,repairing,0.166202
15_9_19_ST2_1993_03_05.pdf,13,rih took,0.166202
15_9_19_ST2_1993_03_05.pdf,14,broke circ,0.166202
15_9_19_ST2_1993_03_05.pdf,15,drilled surveyed,0.161095
15_9_19_ST2_1993_03_06.pdf,1,surveying,0.511335
15_9_19_ST2_1993_03_06.pdf,2,cont surveying,0.410547
15_9_19_ST2_1993_03_06.pdf,3,break,0.28239
15_9_19_ST2_1993_03_06.pdf,4,negative,0.277945
15_9_19_ST2_1993_03_06.pdf,5,cont,0.233136
15_9_19_ST2_1993_03_06.pdf,6,core pooh,0.217295
15_9_19_ST2_1993_03_06.pdf,7,sample,0.208848
15_9_19_ST2_1993_03_06.pdf,8,drilled surveyed,0.197786
15_9_19_ST2_1993_03_06.pdf,9,surveyed,0.195894
15_9_19_ST2_1993_03_06.pdf,10,pooh rih,0.16959
15_9_19_ST2_1993_03_06.pdf,11,core,0.168633
15_9_19_ST2_1993_03_06.pdf,12,checked,0.15772
15_9_19_ST2_1993_03_06.pdf,13,due,0.145582
15_9_19_ST2_1993_03_06.pdf,14,circ,0.141882
15_9_19_ST2_1993_03_06.pdf,15,cut,0.115438
15_9_19_ST2_1993_03_07.pdf,1,upper racking,0.181436
15_9_19_ST2_1993_03_07.pdf,2,racking arm,0.177459
15_9_19_ST2_1993_03_07.pdf,3,racking,0.157716
15_9_19_ST2_1993_03_07.pdf,4,spot max,0.15516
15_9_19_ST2_1993_03_07.pdf,5,arm,0.153624
15_9_19_ST2_1993_03_07.pdf,6,cont surveying,0.151248
15_9_19_ST2_1993_03_07.pdf,7,max ton,0.151248
15_9_19_ST2_1993_03_07.pdf,8,checked negative,0.151248
15_9_19_ST2_1993_03_07.pdf,9,inner barrel,0.14786
15_9_19_ST2_1993_03_07.pdf,10,aluminium inner,0.14786
15_9_19_ST2_1993_03_07.pdf,11,circulation each,0.144872
15_9_19_ST2_1993_03_07.pdf,12,stabilizers,0.144872
15_9_19_ST2_1993_03_07.pdf,13,mud continued,0.144872
15_9_19_ST2_1993_03_07.pdf,14,negative,0.144316
15_9_19_ST2_1993_03_07.pdf,15,circulated condition,0.137572
15_9_19_ST2_1993_03_08.pdf,1,inner barrel,0.218093
15_9_19_ST2_1993_03_08.pdf,2,h2s,0.217536
15_9_19_ST2_1993_03_08.pdf,3,core,0.179613
15_9_19_ST2_1993_03_08.pdf,4,barrel,0.178569
15_9_19_ST2_1993_03_08.pdf,5,checked negative,0.172875
15_9_19_ST2_1993_03_08.pdf,6,inner,0.167398
15_9_19_ST2_1993_03_08.pdf,7,holes,0.159767
15_9_19_ST2_1993_03_08.pdf,8,personnel,0.150263
15_9_19_ST2_1993_03_08.pdf,9,hanging,0.1489
15_9_19_ST2_1993_03_08.pdf,10,levels,0.143916
15_9_19_ST2_1993_03_08.pdf,11,held safety,0.142429
15_9_19_ST2_1993_03_08.pdf,12,cut core,0.142429
15_9_19_ST2_1993_03_08.pdf,13,negative,0.136925
15_9_19_ST2_1993_03_08.pdf,14,kept,0.134819
15_9_19_ST2_1993_03_08.pdf,15,meeting involved,0.133725
15_9_19_ST2_1993_03_09.pdf,1,core barrel,0.219959
15_9_19_ST2_1993_03_09.pdf,2,barrel,0.219496
15_9_19_ST2_1993_03_09.pdf,3,core,0.20812
15_9_19_ST2_1993_03_09.pdf,4,h2s,0.189775
15_9_19_ST2_1993_03_09.pdf,5,checked negative,0.183558
15_9_19_ST2_1993_03_09.pdf,6,pooh core,0.172885
15_9_19_ST2_1993_03_09.pdf,7,inner,0.161137
15_9_19_ST2_1993_03_09.pdf,8,rih core,0.154623
15_9_19_ST2_1993_03_09.pdf,9,shaker room,0.142467
15_9_19_ST2_1993_03_09.pdf,10,cut core,0.132998
15_9_19_ST2_1993_03_09.pdf,11,circulated down,0.13024
15_9_19_ST2_1993_03_09.pdf,12,aluminium inner,0.127322
15_9_19_ST2_1993_03_09.pdf,13,inner barrel,0.127322
15_9_19_ST2_1993_03_09.pdf,14,stand continued,0.127322
15_9_19_ST2_1993_03_09.pdf,15,sub stand,0.127322
15_9_19_ST2_1993_03_10.pdf,1,h2s,0.220121
15_9_19_ST2_1993_03_10.pdf,2,ppm,0.189184
15_9_19_ST2_1993_03_10.pdf,3,barrel,0.157817
15_9_19_ST2_1993_03_10.pdf,4,core,0.147057
15_9_19_ST2_1993_03_10.pdf,5,pooh core,0.143902
15_9_19_ST2_1993_03_10.pdf,6,detected,0.1412
15_9_19_ST2_1993_03_10.pdf,7,acoustic,0.13325
15_9_19_ST2_1993_03_10.pdf,8,spring loaded,0.130042
15_9_19_ST2_1993_03_10.pdf,9,core barrel,0.128577
15_9_19_ST2_1993_03_10.pdf,10,mpr,0.127191
15_9_19_ST2_1993_03_10.pdf,11,spring,0.125876
15_9_19_ST2_1993_03_10.pdf,12,mwd tool,0.124474
15_9_19_ST2_1993_03_10.pdf,13,cont pooh,0.122294
15_9_19_ST2_1993_03_10.pdf,14,upr,0.118184
15_9_19_ST2_1993_03_10.pdf,15,pod,0.111533
15_9_19_ST2_1993_03_11.pdf,1,filled broke,0.296768
15_9_19_ST2_1993_03_11.pdf,2,circulation each,0.253666
15_9_19_ST2_1993_03_11.pdf,3,rih filled,0.230971
15_9_19_ST2_1993_03_11.pdf,4,cont rih,0.227682
15_9_19_ST2_1993_03_11.pdf,5,mwd tool,0.215759
15_9_19_ST2_1993_03_11.pdf,6,logged,0.206148
15_9_19_ST2_1993_03_11.pdf,7,drilled surveyed,0.189979
15_9_19_ST2_1993_03_11.pdf,8,surveyed,0.188162
15_9_19_ST2_1993_03_11.pdf,9,checked negative,0.187906
15_9_19_ST2_1993_03_11.pdf,10,radioactive source,0.183697
15_9_19_ST2_1993_03_11.pdf,11,continued bha,0.176663
15_9_19_ST2_1993_03_11.pdf,12,cont,0.175943
15_9_19_ST2_1993_03_11.pdf,13,broke circulation,0.172659
15_9_19_ST2_1993_03_11.pdf,14,each,0.172445
15_9_19_ST2_1993_03_11.pdf,15,circulated condition,0.170915
15_9_19_ST2_1993_03_12.pdf,1,drilled surveyed,0.343371
15_9_19_ST2_1993_03_12.pdf,2,surveyed,0.340085
15_9_19_ST2_1993_03_12.pdf,3,checked negative,0.273138
15_9_19_ST2_1993_03_12.pdf,4,high torque,0.26702
15_9_19_ST2_1993_03_12.pdf,5,surveying,0.241377
15_9_19_ST2_1993_03_12.pdf,6,poor,0.23248
15_9_19_ST2_1993_03_12.pdf,7,circulated clean,0.193499
15_9_19_ST2_1993_03_12.pdf,8,due high,0.191036
15_9_19_ST2_1993_03_12.pdf,9,cleaning,0.186868
15_9_19_ST2_1993_03_12.pdf,10,clean pooh,0.185882
15_9_19_ST2_1993_03_12.pdf,11,negative,0.184918
15_9_19_ST2_1993_03_12.pdf,12,drilled,0.162493
15_9_19_ST2_1993_03_12.pdf,13,pooh wireline,0.151667
15_9_19_ST2_1993_03_12.pdf,14,high,0.151286
15_9_19_ST2_1993_03_12.pdf,15,clean,0.151017
15_9_19_ST2_1993_03_13.pdf,1,worked tight,0.203712
15_9_19_ST2_1993_03_13.pdf,2,rih worked,0.185952
15_9_19_ST2_1993_03_13.pdf,3,spot max,0.157431
15_9_19_ST2_1993_03_13.pdf,4,derrick rigged,0.153462
15_9_19_ST2_1993_03_13.pdf,5,checked negative,0.153462
15_9_19_ST2_1993_03_13.pdf,6,spm bar,0.153462
15_9_19_ST2_1993_03_13.pdf,7,max ton,0.153462
15_9_19_ST2_1993_03_13.pdf,8,down mwd,0.150025
15_9_19_ST2_1993_03_13.pdf,9,tight spots,0.149592
15_9_19_ST2_1993_03_13.pdf,10,atlas wireline,0.14834
15_9_19_ST2_1993_03_13.pdf,11,checked min,0.146992
15_9_19_ST2_1993_03_13.pdf,12,overpull continued,0.146992
15_9_19_ST2_1993_03_13.pdf,13,spots,0.144856
15_9_19_ST2_1993_03_13.pdf,14,tight,0.14137
15_9_19_ST2_1993_03_13.pdf,15,cut line,0.136231
15_9_19_ST2_1993_03_14.pdf,1,catcher,0.21186
15_9_19_ST2_1993_03_14.pdf,2,atlas wireline,0.191269
15_9_19_ST2_1993_03_14.pdf,3,overshot,0.167802
15_9_19_ST2_1993_03_14.pdf,4,atlas,0.166043
15_9_19_ST2_1993_03_14.pdf,5,logging tools,0.16349
15_9_19_ST2_1993_03_14.pdf,6,stuck,0.160884
15_9_19_ST2_1993_03_14.pdf,7,sheave crown,0.157141
15_9_19_ST2_1993_03_14.pdf,8,shot,0.154055
15_9_19_ST2_1993_03_14.pdf,9,cable,0.153569
15_9_19_ST2_1993_03_14.pdf,10,zdl,0.152592
15_9_19_ST2_1993_03_14.pdf,11,gear,0.151895
15_9_19_ST2_1993_03_14.pdf,12,cht,0.148745
15_9_19_ST2_1993_03_14.pdf,13,installed top,0.148745
15_9_19_ST2_1993_03_14.pdf,14,log,0.147921
15_9_19_ST2_1993_03_14.pdf,15,down atlas,0.145413
15_9_19_ST2_1993_03_15.pdf,1,overshot,0.213869
15_9_19_ST2_1993_03_15.pdf,2,reterminated,0.212404
15_9_19_ST2_1993_03_15.pdf,3,stuffing box,0.20705
15_9_19_ST2_1993_03_15.pdf,4,stuffing,0.20705
15_9_19_ST2_1993_03_15.pdf,5,fish,0.193889
15_9_19_ST2_1993_03_15.pdf,6,cable,0.193678
15_9_19_ST2_1993_03_15.pdf,7,cable head,0.162833
15_9_19_ST2_1993_03_15.pdf,8,replacing,0.1552
15_9_19_ST2_1993_03_15.pdf,9,spm bar,0.146908
15_9_19_ST2_1993_03_15.pdf,10,head made,0.146908
15_9_19_ST2_1993_03_15.pdf,11,ton overpull,0.142005
15_9_19_ST2_1993_03_15.pdf,12,atlas,0.140175
15_9_19_ST2_1993_03_15.pdf,13,rih engaged,0.135769
15_9_19_ST2_1993_03_15.pdf,14,one single,0.135769
15_9_19_ST2_1993_03_15.pdf,15,catcher,0.135769
15_9_19_ST2_1993_03_16.pdf,1,down atlas,0.24078
15_9_19_ST2_1993_03_16.pdf,2,overshot,0.210919
15_9_19_ST2_1993_03_16.pdf,3,logging tools,0.205499
15_9_19_ST2_1993_03_16.pdf,4,pooh liner,0.193999
15_9_19_ST2_1993_03_16.pdf,5,atlas wireline,0.192079
15_9_19_ST2_1993_03_16.pdf,6,atlas,0.166746
15_9_19_ST2_1993_03_16.pdf,7,pooh drillpipe,0.156231
15_9_19_ST2_1993_03_16.pdf,8,rigged down,0.151156
15_9_19_ST2_1993_03_16.pdf,9,logging,0.148686
15_9_19_ST2_1993_03_16.pdf,10,down logging,0.147693
15_9_19_ST2_1993_03_16.pdf,11,tools,0.144216
15_9_19_ST2_1993_03_16.pdf,12,radioactive,0.143215
15_9_19_ST2_1993_03_16.pdf,13,mud prior,0.141228
15_9_19_ST2_1993_03_16.pdf,14,cable,0.14103
15_9_19_ST2_1993_03_16.pdf,15,liner,0.138105
15_9_19_ST2_1993_03_17.pdf,1,tight spot,0.224532
15_9_19_ST2_1993_03_17.pdf,2,spot,0.200649
15_9_19_ST2_1993_03_17.pdf,3,backreaming,0.198617
15_9_19_ST2_1993_03_17.pdf,4,scr,0.189102
15_9_19_ST2_1993_03_17.pdf,5,spot max,0.183437
15_9_19_ST2_1993_03_17.pdf,6,derrick rigged,0.178813
15_9_19_ST2_1993_03_17.pdf,7,continued backreaming,0.178813
15_9_19_ST2_1993_03_17.pdf,8,tight,0.176232
15_9_19_ST2_1993_03_17.pdf,9,circulated btm,0.171274
15_9_19_ST2_1993_03_17.pdf,10,reamed tight,0.168114
15_9_19_ST2_1993_03_17.pdf,11,troubleshooting,0.162644
15_9_19_ST2_1993_03_17.pdf,12,made cement,0.15802
15_9_19_ST2_1993_03_17.pdf,13,drifted,0.15595
15_9_19_ST2_1993_03_17.pdf,14,unable pass,0.154014
15_9_19_ST2_1993_03_17.pdf,15,worked tight,0.154014
15_9_19_ST2_1993_03_18.pdf,1,mud every,0.192857
15_9_19_ST2_1993_03_18.pdf,2,joints while,0.192857
15_9_19_ST2_1993_03_18.pdf,3,every stands,0.178234
15_9_19_ST2_1993_03_18.pdf,4,filled casing,0.175419
15_9_19_ST2_1993_03_18.pdf,5,casing filled,0.16415
15_9_19_ST2_1993_03_18.pdf,6,liner,0.153983
15_9_19_ST2_1993_03_18.pdf,7,while rih,0.14687
15_9_19_ST2_1993_03_18.pdf,8,liner filled,0.144562
15_9_19_ST2_1993_03_18.pdf,9,every joints,0.136838
15_9_19_ST2_1993_03_18.pdf,10,installed cement,0.136838
15_9_19_ST2_1993_03_18.pdf,11,cement plugs,0.133773
15_9_19_ST2_1993_03_18.pdf,12,running liner,0.133773
15_9_19_ST2_1993_03_18.pdf,13,meeting crew,0.133773
15_9_19_ST2_1993_03_18.pdf,14,liner hanger,0.131197
15_9_19_ST2_1993_03_18.pdf,15,checked float,0.131069
15_9_19_ST2_1993_03_19.pdf,1,liner filled,0.17477
15_9_19_ST2_1993_03_19.pdf,2,ftlbs,0.16971
15_9_19_ST2_1993_03_19.pdf,3,every stands,0.168642
15_9_19_ST2_1993_03_19.pdf,4,mud every,0.165431
15_9_19_ST2_1993_03_19.pdf,5,max rate,0.149387
15_9_19_ST2_1993_03_19.pdf,6,rig pumps,0.148998
15_9_19_ST2_1993_03_19.pdf,7,rih liner,0.142393
15_9_19_ST2_1993_03_19.pdf,8,max torque,0.140806
15_9_19_ST2_1993_03_19.pdf,9,dropped dart,0.138237
15_9_19_ST2_1993_03_19.pdf,10,filled broke,0.135443
15_9_19_ST2_1993_03_19.pdf,11,liner,0.134387
15_9_19_ST2_1993_03_19.pdf,12,using rig,0.128725
15_9_19_ST2_1993_03_19.pdf,13,pumped spacer,0.121606
15_9_19_ST2_1993_03_19.pdf,14,bump,0.119115
15_9_19_ST2_1993_03_19.pdf,15,backflow,0.117717
15_9_19_ST2_1993_03_20.pdf,1,down joints,0.249246
15_9_19_ST2_1993_03_20.pdf,2,joints while,0.237964
15_9_19_ST2_1993_03_20.pdf,3,pooh laid,0.204584
15_9_19_ST2_1993_03_20.pdf,4,top pbr,0.190353
15_9_19_ST2_1993_03_20.pdf,5,while pooh,0.181221
15_9_19_ST2_1993_03_20.pdf,6,hanger running,0.178125
15_9_19_ST2_1993_03_20.pdf,7,pbr,0.170227
15_9_19_ST2_1993_03_20.pdf,8,nodeco,0.165061
15_9_19_ST2_1993_03_20.pdf,9,scraper,0.164584
15_9_19_ST2_1993_03_20.pdf,10,laid down,0.16425
15_9_19_ST2_1993_03_20.pdf,11,rih washed,0.163207
15_9_19_ST2_1993_03_20.pdf,12,slugged pooh,0.15874
15_9_19_ST2_1993_03_20.pdf,13,washed reamed,0.157032
15_9_19_ST2_1993_03_20.pdf,14,made bit,0.153576
15_9_19_ST2_1993_03_20.pdf,15,surface laid,0.153576
15_9_19_ST2_1993_03_21.pdf,1,scraper,0.229637
15_9_19_ST2_1993_03_21.pdf,2,casing scraper,0.217934
15_9_19_ST2_1993_03_21.pdf,3,drillpipe,0.168629
15_9_19_ST2_1993_03_21.pdf,4,mill,0.168629
15_9_19_ST2_1993_03_21.pdf,5,down tagged,0.159554
15_9_19_ST2_1993_03_21.pdf,6,joints,0.152292
15_9_19_ST2_1993_03_21.pdf,7,pumping bar,0.151166
15_9_19_ST2_1993_03_21.pdf,8,continued making,0.151166
15_9_19_ST2_1993_03_21.pdf,9,down joints,0.148111
15_9_19_ST2_1993_03_21.pdf,10,lap bar,0.148111
15_9_19_ST2_1993_03_21.pdf,11,while rih,0.145958
15_9_19_ST2_1993_03_21.pdf,12,equipment picked,0.145378
15_9_19_ST2_1993_03_21.pdf,13,tested liner,0.145378
15_9_19_ST2_1993_03_21.pdf,14,making bha,0.142905
15_9_19_ST2_1993_03_21.pdf,15,rotating rpm,0.140648
15_9_19_ST2_1993_03_22.pdf,1,thick,0.336246
15_9_19_ST2_1993_03_22.pdf,2,cement liner,0.244295
15_9_19_ST2_1993_03_22.pdf,3,excess cement,0.233376
15_9_19_ST2_1993_03_22.pdf,4,excess,0.213128
15_9_19_ST2_1993_03_22.pdf,5,off top,0.190953
15_9_19_ST2_1993_03_22.pdf,6,slugged pooh,0.183641
15_9_19_ST2_1993_03_22.pdf,7,top pbr,0.177666
15_9_19_ST2_1993_03_22.pdf,8,liner,0.172361
15_9_19_ST2_1993_03_22.pdf,9,slugged,0.168239
15_9_19_ST2_1993_03_22.pdf,10,pbr,0.158881
15_9_19_ST2_1993_03_22.pdf,11,overflow,0.154059
15_9_19_ST2_1993_03_22.pdf,12,increase bar,0.154059
15_9_19_ST2_1993_03_22.pdf,13,pressures,0.150945
15_9_19_ST2_1993_03_22.pdf,14,torque readings,0.14564
15_9_19_ST2_1993_03_22.pdf,15,operating,0.14334
15_9_19_ST2_1993_03_23.pdf,1,basket,0.226902
15_9_19_ST2_1993_03_23.pdf,2,junk,0.200986
15_9_19_ST2_1993_03_23.pdf,3,ccl,0.183242
15_9_19_ST2_1993_03_23.pdf,4,mill,0.181922
15_9_19_ST2_1993_03_23.pdf,5,cbl,0.180408
15_9_19_ST2_1993_03_23.pdf,6,falling,0.164976
15_9_19_ST2_1993_03_23.pdf,7,top dress,0.15596
15_9_19_ST2_1993_03_23.pdf,8,dress mill,0.15596
15_9_19_ST2_1993_03_23.pdf,9,dressed,0.147262
15_9_19_ST2_1993_03_23.pdf,10,dress,0.143636
15_9_19_ST2_1993_03_23.pdf,11,cycle,0.139672
15_9_19_ST2_1993_03_23.pdf,12,pbr,0.137267
15_9_19_ST2_1993_03_23.pdf,13,float,0.135398
15_9_19_ST2_1993_03_23.pdf,14,failure,0.133452
15_9_19_ST2_1993_03_23.pdf,15,started circulating,0.133101
15_9_19_ST2_1993_03_24.pdf,1,vsp,0.26866
15_9_19_ST2_1993_03_24.pdf,2,cbl,0.239342
15_9_19_ST2_1993_03_24.pdf,3,ccl,0.196922
15_9_19_ST2_1993_03_24.pdf,4,top dress,0.189214
15_9_19_ST2_1993_03_24.pdf,5,dress mill,0.189214
15_9_19_ST2_1993_03_24.pdf,6,repaired hydraulic,0.183476
15_9_19_ST2_1993_03_24.pdf,7,dress,0.174262
15_9_19_ST2_1993_03_24.pdf,8,engaged top,0.169454
15_9_19_ST2_1993_03_24.pdf,9,logged,0.165721
15_9_19_ST2_1993_03_24.pdf,10,joints while,0.165182
15_9_19_ST2_1993_03_24.pdf,11,hydraulic leak,0.162418
15_9_19_ST2_1993_03_24.pdf,12,down joints,0.158218
15_9_19_ST2_1993_03_24.pdf,13,circulating bottoms,0.158218
15_9_19_ST2_1993_03_24.pdf,14,lap bar,0.158218
15_9_19_ST2_1993_03_24.pdf,15,slugged pooh,0.155298
15_9_19_ST2_1993_03_25.pdf,1,vsp,0.235688
15_9_19_ST2_1993_03_25.pdf,2,ester,0.179612
15_9_19_ST2_1993_03_25.pdf,3,swept,0.158726
15_9_19_ST2_1993_03_25.pdf,4,detergent,0.158514
15_9_19_ST2_1993_03_25.pdf,5,slipped cut,0.152876
15_9_19_ST2_1993_03_25.pdf,6,jetsub,0.148657
15_9_19_ST2_1993_03_25.pdf,7,gyro,0.148199
15_9_19_ST2_1993_03_25.pdf,8,tank pooh,0.141663
15_9_19_ST2_1993_03_25.pdf,9,down atlas,0.141663
15_9_19_ST2_1993_03_25.pdf,10,slipped,0.141255
15_9_19_ST2_1993_03_25.pdf,11,ran gyro,0.1388
15_9_19_ST2_1993_03_25.pdf,12,wellhead area,0.1388
15_9_19_ST2_1993_03_25.pdf,13,riser bop,0.13199
15_9_19_ST2_1993_03_25.pdf,14,observed trip,0.131807
15_9_19_ST2_1993_03_25.pdf,15,cycled,0.131807
15_9_19_ST2_1993_03_26.pdf,1,detergent,0.235962
15_9_19_ST2_1993_03_26.pdf,2,ntu,0.192846
15_9_19_ST2_1993_03_26.pdf,3,scraper,0.181498
15_9_19_ST2_1993_03_26.pdf,4,ester,0.173483
15_9_19_ST2_1993_03_26.pdf,5,rih tested,0.166169
15_9_19_ST2_1993_03_26.pdf,6,pbr,0.150972
15_9_19_ST2_1993_03_26.pdf,7,ram bar,0.139965
15_9_19_ST2_1993_03_26.pdf,8,failsafe,0.139965
15_9_19_ST2_1993_03_26.pdf,9,casing scraper,0.139965
15_9_19_ST2_1993_03_26.pdf,10,lines against,0.139965
15_9_19_ST2_1993_03_26.pdf,11,csg scraper,0.13683
15_9_19_ST2_1993_03_26.pdf,12,find,0.13683
15_9_19_ST2_1993_03_26.pdf,13,elevators,0.132199
15_9_19_ST2_1993_03_26.pdf,14,way,0.128355
15_9_19_ST2_1993_03_26.pdf,15,min tested,0.127309
15_9_19_ST2_1993_03_27.pdf,1,detergent,0.234612
15_9_19_ST2_1993_03_27.pdf,2,ntu,0.219176
15_9_19_ST2_1993_03_27.pdf,3,pill followed,0.191092
15_9_19_ST2_1993_03_27.pdf,4,torque readings,0.187842
15_9_19_ST2_1993_03_27.pdf,5,final,0.177268
15_9_19_ST2_1993_03_27.pdf,6,press,0.175944
15_9_19_ST2_1993_03_27.pdf,7,spm bar,0.173734
15_9_19_ST2_1993_03_27.pdf,8,followed,0.150381
15_9_19_ST2_1993_03_27.pdf,9,sea water,0.14648
15_9_19_ST2_1993_03_27.pdf,10,spm,0.141714
15_9_19_ST2_1993_03_27.pdf,11,readings,0.137605
15_9_19_ST2_1993_03_27.pdf,12,scraper,0.136632
15_9_19_ST2_1993_03_27.pdf,13,reading,0.12854
15_9_19_ST2_1993_03_27.pdf,14,bar bleed,0.126457
15_9_19_ST2_1993_03_27.pdf,15,sea,0.123779
15_9_19_ST2_1993_03_28.pdf,1,brine,0.246258
15_9_19_ST2_1993_03_28.pdf,2,ntu,0.219998
15_9_19_ST2_1993_03_28.pdf,3,press tested,0.197686
15_9_19_ST2_1993_03_28.pdf,4,press,0.187626
15_9_19_ST2_1993_03_28.pdf,5,leaked,0.17777
15_9_19_ST2_1993_03_28.pdf,6,reading,0.142318
15_9_19_ST2_1993_03_28.pdf,7,piping,0.140011
15_9_19_ST2_1993_03_28.pdf,8,bar bar,0.130906
15_9_19_ST2_1993_03_28.pdf,9,retrieve wear,0.128315
15_9_19_ST2_1993_03_28.pdf,10,torque readings,0.126133
15_9_19_ST2_1993_03_28.pdf,11,tested tie,0.126133
15_9_19_ST2_1993_03_28.pdf,12,closed mpr,0.124141
15_9_19_ST2_1993_03_28.pdf,13,test bop,0.123026
15_9_19_ST2_1993_03_28.pdf,14,bushing rih,0.122308
15_9_19_ST2_1993_03_28.pdf,15,displaced same,0.120611
15_9_19_ST2_1993_03_29.pdf,1,press,0.202591
15_9_19_ST2_1993_03_29.pdf,2,pits,0.197023
15_9_19_ST2_1993_03_29.pdf,3,completion,0.190722
15_9_19_ST2_1993_03_29.pdf,4,press tested,0.190722
15_9_19_ST2_1993_03_29.pdf,5,underneath,0.180557
15_9_19_ST2_1993_03_29.pdf,6,fluid,0.18053
15_9_19_ST2_1993_03_29.pdf,7,rig choke,0.166757
15_9_19_ST2_1993_03_29.pdf,8,opened mpr,0.162553
15_9_19_ST2_1993_03_29.pdf,9,plug closed,0.162553
15_9_19_ST2_1993_03_29.pdf,10,prepare,0.162111
15_9_19_ST2_1993_03_29.pdf,11,while cleaning,0.158912
15_9_19_ST2_1993_03_29.pdf,12,cleaning,0.156739
15_9_19_ST2_1993_03_29.pdf,13,rigfloor,0.155852
15_9_19_ST2_1993_03_29.pdf,14,indicated,0.150228
15_9_19_ST2_1993_03_29.pdf,15,overs,0.147855
15_9_19_ST2_1993_03_30.pdf,1,overs,0.238475
15_9_19_ST2_1993_03_30.pdf,2,tcp,0.216007
15_9_19_ST2_1993_03_30.pdf,3,tcp guns,0.208119
15_9_19_ST2_1993_03_30.pdf,4,pup joints,0.200029
15_9_19_ST2_1993_03_30.pdf,5,rih test,0.178727
15_9_19_ST2_1993_03_30.pdf,6,press tested,0.176801
15_9_19_ST2_1993_03_30.pdf,7,lubricator valve,0.160871
15_9_19_ST2_1993_03_30.pdf,8,press,0.160527
15_9_19_ST2_1993_03_30.pdf,9,cont rih,0.156068
15_9_19_ST2_1993_03_30.pdf,10,personel,0.154585
15_9_19_ST2_1993_03_30.pdf,11,dummy,0.152351
15_9_19_ST2_1993_03_30.pdf,12,rih tcp,0.150688
15_9_19_ST2_1993_03_30.pdf,13,guns,0.149188
15_9_19_ST2_1993_03_30.pdf,14,test string,0.148167
15_9_19_ST2_1993_03_30.pdf,15,meeting rig,0.147312
15_9_19_ST2_1993_03_31.pdf,1,test tubing,0.325855
15_9_19_ST2_1993_03_31.pdf,2,rih test,0.284698
15_9_19_ST2_1993_03_31.pdf,3,cont rih,0.274312
15_9_19_ST2_1993_03_31.pdf,4,tubing,0.234362
15_9_19_ST2_1993_03_31.pdf,5,flowhead,0.22313
15_9_19_ST2_1993_03_31.pdf,6,one single,0.213067
15_9_19_ST2_1993_03_31.pdf,7,cont,0.211976
15_9_19_ST2_1993_03_31.pdf,8,tubing installed,0.186005
15_9_19_ST2_1993_03_31.pdf,9,single tubing,0.186005
15_9_19_ST2_1993_03_31.pdf,10,press,0.174262
15_9_19_ST2_1993_03_31.pdf,11,standpipe,0.174262
15_9_19_ST2_1993_03_31.pdf,12,sstt,0.166688
15_9_19_ST2_1993_03_31.pdf,13,press test,0.164376
15_9_19_ST2_1993_03_31.pdf,14,equip,0.164376
15_9_19_ST2_1993_03_31.pdf,15,lubricator valve,0.160209
15_9_19_ST2_1993_04_01.pdf,1,press,0.181571
15_9_19_ST2_1993_04_01.pdf,2,test tubing,0.17119
15_9_19_ST2_1993_04_01.pdf,3,press tested,0.167437
15_9_19_ST2_1993_04_01.pdf,4,fluted,0.158545
15_9_19_ST2_1993_04_01.pdf,5,fluted hanger,0.158545
15_9_19_ST2_1993_04_01.pdf,6,lub valve,0.155356
15_9_19_ST2_1993_04_01.pdf,7,test string,0.154464
15_9_19_ST2_1993_04_01.pdf,8,lub,0.152216
15_9_19_ST2_1993_04_01.pdf,9,logs,0.14781
15_9_19_ST2_1993_04_01.pdf,10,rih test,0.143081
15_9_19_ST2_1993_04_01.pdf,11,sstt,0.142412
15_9_19_ST2_1993_04_01.pdf,12,tubing bar,0.142412
15_9_19_ST2_1993_04_01.pdf,13,string bar,0.142071
15_9_19_ST2_1993_04_01.pdf,14,press test,0.140437
15_9_19_ST2_1993_04_01.pdf,15,ccl,0.138778
15_9_19_ST2_1993_04_02.pdf,1,press,0.22257
15_9_19_ST2_1993_04_02.pdf,2,sstt,0.213892
15_9_19_ST2_1993_04_02.pdf,3,press tested,0.211167
15_9_19_ST2_1993_04_02.pdf,4,against lpr,0.203741
15_9_19_ST2_1993_04_02.pdf,5,tested tubing,0.186586
15_9_19_ST2_1993_04_02.pdf,6,string against,0.174151
15_9_19_ST2_1993_04_02.pdf,7,bar press,0.170631
15_9_19_ST2_1993_04_02.pdf,8,lpr,0.166818
15_9_19_ST2_1993_04_02.pdf,9,tubing bar,0.159641
15_9_19_ST2_1993_04_02.pdf,10,lpr valve,0.157426
15_9_19_ST2_1993_04_02.pdf,11,rih landing,0.156665
15_9_19_ST2_1993_04_02.pdf,12,valve bar,0.150684
15_9_19_ST2_1993_04_02.pdf,13,pooh found,0.15006
15_9_19_ST2_1993_04_02.pdf,14,lines function,0.147291
15_9_19_ST2_1993_04_02.pdf,15,helicopter,0.147291
15_9_19_ST2_1993_04_03.pdf,1,sstt,0.249032
15_9_19_ST2_1993_04_03.pdf,2,press tested,0.219237
15_9_19_ST2_1993_04_03.pdf,3,press,0.204802
15_9_19_ST2_1993_04_03.pdf,4,above rotary,0.167346
15_9_19_ST2_1993_04_03.pdf,5,leak observed,0.167346
15_9_19_ST2_1993_04_03.pdf,6,neg,0.165858
15_9_19_ST2_1993_04_03.pdf,7,tested tubing,0.160291
15_9_19_ST2_1993_04_03.pdf,8,pulled above,0.154657
15_9_19_ST2_1993_04_03.pdf,9,manifold,0.147089
15_9_19_ST2_1993_04_03.pdf,10,tubing,0.14668
15_9_19_ST2_1993_04_03.pdf,11,test string,0.132755
15_9_19_ST2_1993_04_03.pdf,12,tested tree,0.129322
15_9_19_ST2_1993_04_03.pdf,13,pooh test,0.127442
15_9_19_ST2_1993_04_03.pdf,14,lines function,0.126935
15_9_19_ST2_1993_04_03.pdf,15,body,0.126935
15_9_19_ST2_1993_04_04.pdf,1,press tested,0.211458
15_9_19_ST2_1993_04_04.pdf,2,lpr valve,0.206827
15_9_19_ST2_1993_04_04.pdf,3,lpr,0.203317
15_9_19_ST2_1993_04_04.pdf,4,press,0.198322
15_9_19_ST2_1993_04_04.pdf,5,test tubing,0.176452
15_9_19_ST2_1993_04_04.pdf,6,perforation guns,0.176452
15_9_19_ST2_1993_04_04.pdf,7,blind,0.167485
15_9_19_ST2_1993_04_04.pdf,8,plug bar,0.164458
15_9_19_ST2_1993_04_04.pdf,9,lubricator valve,0.163291
15_9_19_ST2_1993_04_04.pdf,10,lub valve,0.162993
15_9_19_ST2_1993_04_04.pdf,11,lub,0.159698
15_9_19_ST2_1993_04_04.pdf,12,rih test,0.159545
15_9_19_ST2_1993_04_04.pdf,13,guns,0.150348
15_9_19_ST2_1993_04_04.pdf,14,perforation,0.144177
15_9_19_ST2_1993_04_04.pdf,15,against,0.139387
15_9_19_ST2_1993_04_05.pdf,1,tested tubing,0.199695
15_9_19_ST2_1993_04_05.pdf,2,press tested,0.186137
15_9_19_ST2_1993_04_05.pdf,3,press,0.18243
15_9_19_ST2_1993_04_05.pdf,4,single tubing,0.176664
15_9_19_ST2_1993_04_05.pdf,5,tubing,0.173943
15_9_19_ST2_1993_04_05.pdf,6,rih tubing,0.173261
15_9_19_ST2_1993_04_05.pdf,7,tubing bar,0.169379
15_9_19_ST2_1993_04_05.pdf,8,tree,0.164758
15_9_19_ST2_1993_04_05.pdf,9,one single,0.163269
15_9_19_ST2_1993_04_05.pdf,10,weight worked,0.161557
15_9_19_ST2_1993_04_05.pdf,11,string free,0.142771
15_9_19_ST2_1993_04_05.pdf,12,cont rih,0.138895
15_9_19_ST2_1993_04_05.pdf,13,test tubing,0.137508
15_9_19_ST2_1993_04_05.pdf,14,flowhead,0.137508
15_9_19_ST2_1993_04_05.pdf,15,rih test,0.135959
15_9_19_ST2_1993_04_06.pdf,1,press,0.183407
15_9_19_ST2_1993_04_06.pdf,2,flowhead,0.182467
15_9_19_ST2_1993_04_06.pdf,3,press tested,0.163735
15_9_19_ST2_1993_04_06.pdf,4,attempted set,0.160523
15_9_19_ST2_1993_04_06.pdf,5,rtts packer,0.159421
15_9_19_ST2_1993_04_06.pdf,6,lubricator valve,0.147921
15_9_19_ST2_1993_04_06.pdf,7,valve bar,0.146535
15_9_19_ST2_1993_04_06.pdf,8,set rtts,0.143853
15_9_19_ST2_1993_04_06.pdf,9,kill valve,0.143508
15_9_19_ST2_1993_04_06.pdf,10,rtts,0.134849
15_9_19_ST2_1993_04_06.pdf,11,tubing,0.128793
15_9_19_ST2_1993_04_06.pdf,12,lub valve,0.126207
15_9_19_ST2_1993_04_06.pdf,13,lub,0.123656
15_9_19_ST2_1993_04_06.pdf,14,due problems,0.123537
15_9_19_ST2_1993_04_06.pdf,15,tree,0.114967
15_9_19_ST2_1993_04_07.pdf,1,atlas wireline,0.206695
15_9_19_ST2_1993_04_07.pdf,2,test tubing,0.199821
15_9_19_ST2_1993_04_07.pdf,3,magnet,0.198412
15_9_19_ST2_1993_04_07.pdf,4,locking,0.195278
15_9_19_ST2_1993_04_07.pdf,5,atlas,0.179434
15_9_19_ST2_1993_04_07.pdf,6,pooh test,0.178786
15_9_19_ST2_1993_04_07.pdf,7,cont pooh,0.171846
15_9_19_ST2_1993_04_07.pdf,8,missing,0.162624
15_9_19_ST2_1993_04_07.pdf,9,electro,0.160928
15_9_19_ST2_1993_04_07.pdf,10,flo,0.148917
15_9_19_ST2_1993_04_07.pdf,11,worked down,0.148917
15_9_19_ST2_1993_04_07.pdf,12,downweight,0.145907
15_9_19_ST2_1993_04_07.pdf,13,equipment prepared,0.143215
15_9_19_ST2_1993_04_07.pdf,14,helicopter,0.143215
15_9_19_ST2_1993_04_07.pdf,15,bypass,0.143215
15_9_19_ST2_1993_04_08.pdf,1,magnet,0.246833
15_9_19_ST2_1993_04_08.pdf,2,electro,0.23877
15_9_19_ST2_1993_04_08.pdf,3,junk,0.216483
15_9_19_ST2_1993_04_08.pdf,4,cup,0.205575
15_9_19_ST2_1993_04_08.pdf,5,liner pbr,0.196661
15_9_19_ST2_1993_04_08.pdf,6,fishing,0.189362
15_9_19_ST2_1993_04_08.pdf,7,atlas wireline,0.189031
15_9_19_ST2_1993_04_08.pdf,8,pbr,0.186786
15_9_19_ST2_1993_04_08.pdf,9,atlas,0.168836
15_9_19_ST2_1993_04_08.pdf,10,iron,0.166088
15_9_19_ST2_1993_04_08.pdf,11,top pbr,0.159303
15_9_19_ST2_1993_04_08.pdf,12,top liner,0.156951
15_9_19_ST2_1993_04_08.pdf,13,recovered,0.152991
15_9_19_ST2_1993_04_08.pdf,14,liner,0.143418
15_9_19_ST2_1993_04_08.pdf,15,half,0.140098
15_9_19_ST2_1993_04_09.pdf,1,mill,0.260153
15_9_19_ST2_1993_04_09.pdf,2,cont rih,0.20165
15_9_19_ST2_1993_04_09.pdf,3,single tubing,0.194699
15_9_19_ST2_1993_04_09.pdf,4,hanger area,0.194699
15_9_19_ST2_1993_04_09.pdf,5,test tool,0.191441
15_9_19_ST2_1993_04_09.pdf,6,cut slipped,0.190338
15_9_19_ST2_1993_04_09.pdf,7,slipped line,0.190338
15_9_19_ST2_1993_04_09.pdf,8,press,0.182407
15_9_19_ST2_1993_04_09.pdf,9,cont,0.182303
15_9_19_ST2_1993_04_09.pdf,10,one single,0.179936
15_9_19_ST2_1993_04_09.pdf,11,pbr,0.179509
15_9_19_ST2_1993_04_09.pdf,12,liner pbr,0.177094
15_9_19_ST2_1993_04_09.pdf,13,flowhead,0.165717
15_9_19_ST2_1993_04_09.pdf,14,press tested,0.162084
15_9_19_ST2_1993_04_09.pdf,15,cont pooh,0.155844
15_9_19_ST2_1993_04_10.pdf,1,jet tool,0.168206
15_9_19_ST2_1993_04_10.pdf,2,test tool,0.154738
15_9_19_ST2_1993_04_10.pdf,3,kill hose,0.142533
15_9_19_ST2_1993_04_10.pdf,4,tool wellhead,0.141111
15_9_19_ST2_1993_04_10.pdf,5,shear ram,0.135661
15_9_19_ST2_1993_04_10.pdf,6,tool washed,0.120617
15_9_19_ST2_1993_04_10.pdf,7,press,0.120347
15_9_19_ST2_1993_04_10.pdf,8,press tested,0.120165
15_9_19_ST2_1993_04_10.pdf,9,shear,0.11907
15_9_19_ST2_1993_04_10.pdf,10,ram,0.11907
15_9_19_ST2_1993_04_10.pdf,11,loaded tool,0.116207
15_9_19_ST2_1993_04_10.pdf,12,retrieve wear,0.115998
15_9_19_ST2_1993_04_10.pdf,13,wear bushing,0.114928
15_9_19_ST2_1993_04_10.pdf,14,spring loaded,0.114835
15_9_19_ST2_1993_04_10.pdf,15,uap,0.114025
15_9_19_ST2_1993_04_11.pdf,1,pull bop,0.309303
15_9_19_ST2_1993_04_11.pdf,2,pulled bop,0.243921
15_9_19_ST2_1993_04_11.pdf,3,through splash,0.237304
15_9_19_ST2_1993_04_11.pdf,4,splash zone,0.198004
15_9_19_ST2_1993_04_11.pdf,5,splash,0.194299
15_9_19_ST2_1993_04_11.pdf,6,prepared pull,0.191456
15_9_19_ST2_1993_04_11.pdf,7,preparations,0.184124
15_9_19_ST2_1993_04_11.pdf,8,starboard,0.180993
15_9_19_ST2_1993_04_11.pdf,9,disconnected,0.172121
15_9_19_ST2_1993_04_11.pdf,10,ballasted rig,0.170803
15_9_19_ST2_1993_04_11.pdf,11,metal,0.170803
15_9_19_ST2_1993_04_11.pdf,12,ballasted,0.166691
15_9_19_ST2_1993_04_11.pdf,13,zone,0.165196
15_9_19_ST2_1993_04_11.pdf,14,moved rig,0.15822
15_9_19_ST2_1993_04_11.pdf,15,displaced riser,0.151491
15_9_19_ST2_1993_04_12.pdf,1,bop carrier,0.242725
15_9_19_ST2_1993_04_12.pdf,2,pulled bop,0.215657
15_9_19_ST2_1993_04_12.pdf,3,carrier,0.213599
15_9_19_ST2_1993_04_12.pdf,4,shear ram,0.202019
15_9_19_ST2_1993_04_12.pdf,5,ram,0.195585
15_9_19_ST2_1993_04_12.pdf,6,shear,0.177313
15_9_19_ST2_1993_04_12.pdf,7,riser pup,0.17315
15_9_19_ST2_1993_04_12.pdf,8,seals,0.171785
15_9_19_ST2_1993_04_12.pdf,9,cont,0.171078
15_9_19_ST2_1993_04_12.pdf,10,kill valve,0.169271
15_9_19_ST2_1993_04_12.pdf,11,through splash,0.169271
15_9_19_ST2_1993_04_12.pdf,12,seal,0.155992
15_9_19_ST2_1993_04_12.pdf,13,metal,0.151011
15_9_19_ST2_1993_04_12.pdf,14,mpr,0.144145
15_9_19_ST2_1993_04_12.pdf,15,splash zone,0.141237
15_9_19_ST2_1993_04_13.pdf,1,rings,0.23908
15_9_19_ST2_1993_04_13.pdf,2,lap,0.211816
15_9_19_ST2_1993_04_13.pdf,3,ram,0.184828
15_9_19_ST2_1993_04_13.pdf,4,stack,0.178518
15_9_19_ST2_1993_04_13.pdf,5,spm,0.177686
15_9_19_ST2_1993_04_13.pdf,6,shear ram,0.174014
15_9_19_ST2_1993_04_13.pdf,7,attempted pressure,0.171262
15_9_19_ST2_1993_04_13.pdf,8,seat,0.169154
15_9_19_ST2_1993_04_13.pdf,9,twice,0.162491
15_9_19_ST2_1993_04_13.pdf,10,pressure testing,0.160303
15_9_19_ST2_1993_04_13.pdf,11,negative,0.15778
15_9_19_ST2_1993_04_13.pdf,12,shear,0.152733
15_9_19_ST2_1993_04_13.pdf,13,seal,0.146873
15_9_19_ST2_1993_04_13.pdf,14,seals,0.140228
15_9_19_ST2_1993_04_13.pdf,15,installed test,0.138176
15_9_19_ST2_1993_04_14.pdf,1,uap,0.167844
15_9_19_ST2_1993_04_14.pdf,2,lap,0.156428
15_9_19_ST2_1993_04_14.pdf,3,ram bar,0.140735
15_9_19_ST2_1993_04_14.pdf,4,bar mins,0.140485
15_9_19_ST2_1993_04_14.pdf,5,retrieve seal,0.134802
15_9_19_ST2_1993_04_14.pdf,6,seal assembly,0.124921
15_9_19_ST2_1993_04_14.pdf,7,ballasted rig,0.122741
15_9_19_ST2_1993_04_14.pdf,8,hanging,0.121218
15_9_19_ST2_1993_04_14.pdf,9,mins,0.121108
15_9_19_ST2_1993_04_14.pdf,10,pod,0.120193
15_9_19_ST2_1993_04_14.pdf,11,ballasted,0.119786
15_9_19_ST2_1993_04_14.pdf,12,changed leaking,0.118551
15_9_19_ST2_1993_04_14.pdf,13,rubber,0.118437
15_9_19_ST2_1993_04_14.pdf,14,shear ram,0.116505
15_9_19_ST2_1993_04_14.pdf,15,test tool,0.111644
15_9_19_ST2_1993_04_15.pdf,1,build bar,0.192399
15_9_19_ST2_1993_04_15.pdf,2,bar mins,0.176059
15_9_19_ST2_1993_04_15.pdf,3,metal,0.167799
15_9_19_ST2_1993_04_15.pdf,4,lap,0.165716
15_9_19_ST2_1993_04_15.pdf,5,mins,0.160154
15_9_19_ST2_1993_04_15.pdf,6,dst,0.15833
15_9_19_ST2_1993_04_15.pdf,7,through bop,0.157522
15_9_19_ST2_1993_04_15.pdf,8,seal assembly,0.15156
15_9_19_ST2_1993_04_15.pdf,9,rih dst,0.14837
15_9_19_ST2_1993_04_15.pdf,10,pooh seal,0.139976
15_9_19_ST2_1993_04_15.pdf,11,metal seal,0.138532
15_9_19_ST2_1993_04_15.pdf,12,dst string,0.134146
15_9_19_ST2_1993_04_15.pdf,13,pressure build,0.130462
15_9_19_ST2_1993_04_15.pdf,14,build,0.121995
15_9_19_ST2_1993_04_15.pdf,15,bled off,0.118266
15_9_19_ST2_1993_04_16.pdf,1,dst string,0.20542
15_9_19_ST2_1993_04_16.pdf,2,dst,0.199126
15_9_19_ST2_1993_04_16.pdf,3,string against,0.194875
15_9_19_ST2_1993_04_16.pdf,4,against lpr,0.194875
15_9_19_ST2_1993_04_16.pdf,5,tested dst,0.185391
15_9_19_ST2_1993_04_16.pdf,6,rih dst,0.185391
15_9_19_ST2_1993_04_16.pdf,7,cont rih,0.161636
15_9_19_ST2_1993_04_16.pdf,8,lpr valve,0.159703
15_9_19_ST2_1993_04_16.pdf,9,lpr,0.159559
15_9_19_ST2_1993_04_16.pdf,10,tubing joints,0.158466
15_9_19_ST2_1993_04_16.pdf,11,string worked,0.147958
15_9_19_ST2_1993_04_16.pdf,12,valve bar,0.139791
15_9_19_ST2_1993_04_16.pdf,13,bar mins,0.139791
15_9_19_ST2_1993_04_16.pdf,14,collars,0.138429
15_9_19_ST2_1993_04_16.pdf,15,left hand,0.136509
15_9_19_ST2_1993_04_17.pdf,1,below bar,0.180196
15_9_19_ST2_1993_04_17.pdf,2,dst string,0.169089
15_9_19_ST2_1993_04_17.pdf,3,bar mins,0.166233
15_9_19_ST2_1993_04_17.pdf,4,tested dst,0.163142
15_9_19_ST2_1993_04_17.pdf,5,dst,0.161662
15_9_19_ST2_1993_04_17.pdf,6,string against,0.155467
15_9_19_ST2_1993_04_17.pdf,7,against lpr,0.155467
15_9_19_ST2_1993_04_17.pdf,8,mins,0.147779
15_9_19_ST2_1993_04_17.pdf,9,lpr valve,0.140537
15_9_19_ST2_1993_04_17.pdf,10,valve bar,0.135691
15_9_19_ST2_1993_04_17.pdf,11,kill valve,0.132887
15_9_19_ST2_1993_04_17.pdf,12,lpr,0.127292
15_9_19_ST2_1993_04_17.pdf,13,mins pressure,0.121816
15_9_19_ST2_1993_04_17.pdf,14,aws,0.120126
15_9_19_ST2_1993_04_17.pdf,15,fluted,0.120126
15_9_19_ST2_1993_04_18.pdf,1,diesel,0.242227
15_9_19_ST2_1993_04_18.pdf,2,cycled omni,0.218734
15_9_19_ST2_1993_04_18.pdf,3,omni,0.212401
15_9_19_ST2_1993_04_18.pdf,4,pos,0.207047
15_9_19_ST2_1993_04_18.pdf,5,kill valve,0.202409
15_9_19_ST2_1993_04_18.pdf,6,cycled,0.188325
15_9_19_ST2_1993_04_18.pdf,7,shut build,0.174409
15_9_19_ST2_1993_04_18.pdf,8,dst string,0.168887
15_9_19_ST2_1993_04_18.pdf,9,flowed,0.168279
15_9_19_ST2_1993_04_18.pdf,10,dst,0.161469
15_9_19_ST2_1993_04_18.pdf,11,string bar,0.143615
15_9_19_ST2_1993_04_18.pdf,12,bar differential,0.138116
15_9_19_ST2_1993_04_18.pdf,13,against closed,0.135767
15_9_19_ST2_1993_04_18.pdf,14,above bar,0.133622
15_9_19_ST2_1993_04_18.pdf,15,bar against,0.133622
15_9_19_ST2_1993_04_19.pdf,1,lub valve,0.269761
15_9_19_ST2_1993_04_19.pdf,2,lub,0.264309
15_9_19_ST2_1993_04_19.pdf,3,shut build,0.225922
15_9_19_ST2_1993_04_19.pdf,4,hours,0.192395
15_9_19_ST2_1993_04_19.pdf,5,choke manifold,0.188795
15_9_19_ST2_1993_04_19.pdf,6,bhs,0.176801
15_9_19_ST2_1993_04_19.pdf,7,blind,0.167582
15_9_19_ST2_1993_04_19.pdf,8,adjustable,0.167354
15_9_19_ST2_1993_04_19.pdf,9,valve opened,0.167354
15_9_19_ST2_1993_04_19.pdf,10,failsafe,0.167354
15_9_19_ST2_1993_04_19.pdf,11,opened same,0.163605
15_9_19_ST2_1993_04_19.pdf,12,shut,0.158895
15_9_19_ST2_1993_04_19.pdf,13,tested lubricator,0.15734
15_9_19_ST2_1993_04_19.pdf,14,held pressure,0.15734
15_9_19_ST2_1993_04_19.pdf,15,flowed,0.154664
15_9_19_ST2_1993_04_20.pdf,1,bhs,0.27095
15_9_19_ST2_1993_04_20.pdf,2,lubricator valve,0.214708
15_9_19_ST2_1993_04_20.pdf,3,flowing,0.202718
15_9_19_ST2_1993_04_20.pdf,4,valve opened,0.180118
15_9_19_ST2_1993_04_20.pdf,5,opened same,0.176083
15_9_19_ST2_1993_04_20.pdf,6,lubricator,0.15967
15_9_19_ST2_1993_04_20.pdf,7,blind,0.145515
15_9_19_ST2_1993_04_20.pdf,8,while pooh,0.137168
15_9_19_ST2_1993_04_20.pdf,9,period,0.136435
15_9_19_ST2_1993_04_20.pdf,10,choke,0.132226
15_9_19_ST2_1993_04_20.pdf,11,main period,0.131104
15_9_19_ST2_1993_04_20.pdf,12,samples,0.130505
15_9_19_ST2_1993_04_20.pdf,13,equalized,0.129806
15_9_19_ST2_1993_04_20.pdf,14,valve,0.126088
15_9_19_ST2_1993_04_20.pdf,15,pick weight,0.124936
15_9_19_ST2_1993_04_21.pdf,1,period,0.56879
15_9_19_ST2_1993_04_21.pdf,2,main period,0.544833
15_9_19_ST2_1993_04_21.pdf,3,main,0.495517
15_9_19_ST2_1993_04_21.pdf,4,build,0.271693
15_9_19_ST2_1993_04_21.pdf,5,continued,0.168834
15_9_19_ST2_1993_04_21.pdf,6,continue,0.115216
15_9_19_ST2_1993_04_21.pdf,7,started,0.10847
15_9_19_ST2_1993_04_21.pdf,8,performed,0.082064
15_9_19_ST2_1993_04_22.pdf,1,lpr,0.314242
15_9_19_ST2_1993_04_22.pdf,2,lpr valve,0.281032
15_9_19_ST2_1993_04_22.pdf,3,shut build,0.267882
15_9_19_ST2_1993_04_22.pdf,4,period,0.240887
15_9_19_ST2_1993_04_22.pdf,5,build,0.235905
15_9_19_ST2_1993_04_22.pdf,6,main period,0.231474
15_9_19_ST2_1993_04_22.pdf,7,tubing pressure,0.220584
15_9_19_ST2_1993_04_22.pdf,8,down tubing,0.216126
15_9_19_ST2_1993_04_22.pdf,9,bleeding,0.205236
15_9_19_ST2_1993_04_22.pdf,10,manifold,0.199122
15_9_19_ST2_1993_04_22.pdf,11,shut,0.189765
15_9_19_ST2_1993_04_22.pdf,12,brine,0.185899
15_9_19_ST2_1993_04_22.pdf,13,choke manifold,0.180609
15_9_19_ST2_1993_04_22.pdf,14,main,0.16931
15_9_19_ST2_1993_04_22.pdf,15,bar closed,0.16931
15_9_19_ST2_1993_04_23.pdf,1,choke manifold,0.29057
15_9_19_ST2_1993_04_23.pdf,2,manifold,0.227301
15_9_19_ST2_1993_04_23.pdf,3,lpr,0.225166
15_9_19_ST2_1993_04_23.pdf,4,wing valve,0.195123
15_9_19_ST2_1993_04_23.pdf,5,kill valve,0.195123
15_9_19_ST2_1993_04_23.pdf,6,build,0.195047
15_9_19_ST2_1993_04_23.pdf,7,choke,0.192555
15_9_19_ST2_1993_04_23.pdf,8,below bar,0.191179
15_9_19_ST2_1993_04_23.pdf,9,main,0.185632
15_9_19_ST2_1993_04_23.pdf,10,through choke,0.181546
15_9_19_ST2_1993_04_23.pdf,11,flowcheck,0.176385
15_9_19_ST2_1993_04_23.pdf,12,test tubing,0.169883
15_9_19_ST2_1993_04_23.pdf,13,wing,0.16797
15_9_19_ST2_1993_04_23.pdf,14,shut,0.153506
15_9_19_ST2_1993_04_23.pdf,15,bar closed,0.149767
15_9_19_ST2_1993_04_24.pdf,1,omni,0.159249
15_9_19_ST2_1993_04_24.pdf,2,valve opened,0.155235
15_9_19_ST2_1993_04_24.pdf,3,max rate,0.140179
15_9_19_ST2_1993_04_24.pdf,4,lpr valve,0.137184
15_9_19_ST2_1993_04_24.pdf,5,observed min,0.132689
15_9_19_ST2_1993_04_24.pdf,6,opened mpr,0.132689
15_9_19_ST2_1993_04_24.pdf,7,wing valve,0.129717
15_9_19_ST2_1993_04_24.pdf,8,mpr,0.129231
15_9_19_ST2_1993_04_24.pdf,9,brine,0.127895
15_9_19_ST2_1993_04_24.pdf,10,lpr,0.124255
15_9_19_ST2_1993_04_24.pdf,11,lubricator valve,0.114287
15_9_19_ST2_1993_04_24.pdf,12,flowchecked min,0.112938
15_9_19_ST2_1993_04_24.pdf,13,wing,0.111665
15_9_19_ST2_1993_04_24.pdf,14,circulated until,0.110462
15_9_19_ST2_1993_04_24.pdf,15,increased bar,0.110462
15_9_19_ST2_1993_04_25.pdf,1,service broke,0.346341
15_9_19_ST2_1993_04_25.pdf,2,pooh laid,0.278535
15_9_19_ST2_1993_04_25.pdf,3,service,0.265098
15_9_19_ST2_1993_04_25.pdf,4,laid down,0.239825
15_9_19_ST2_1993_04_25.pdf,5,lub valve,0.224725
15_9_19_ST2_1993_04_25.pdf,6,lub,0.220183
15_9_19_ST2_1993_04_25.pdf,7,broke laid,0.21194
15_9_19_ST2_1993_04_25.pdf,8,testing,0.204457
15_9_19_ST2_1993_04_25.pdf,9,tree,0.204063
15_9_19_ST2_1993_04_25.pdf,10,laid,0.202075
15_9_19_ST2_1993_04_25.pdf,11,cleared floor,0.200483
15_9_19_ST2_1993_04_25.pdf,12,string pooh,0.187507
15_9_19_ST2_1993_04_25.pdf,13,dst,0.179271
15_9_19_ST2_1993_04_25.pdf,14,landing string,0.133139
15_9_19_ST2_1993_04_25.pdf,15,broke,0.132335
15_9_19_ST2_1993_04_26.pdf,1,service broke,0.204497
15_9_19_ST2_1993_04_26.pdf,2,filled broke,0.18323
15_9_19_ST2_1993_04_26.pdf,3,circulation every,0.179848
15_9_19_ST2_1993_04_26.pdf,4,every stands,0.17679
15_9_19_ST2_1993_04_26.pdf,5,rearranged,0.173997
15_9_19_ST2_1993_04_26.pdf,6,same cleared,0.168233
15_9_19_ST2_1993_04_26.pdf,7,cleared floor,0.166836
15_9_19_ST2_1993_04_26.pdf,8,tubing joint,0.158167
15_9_19_ST2_1993_04_26.pdf,9,service,0.146305
15_9_19_ST2_1993_04_26.pdf,10,pooh laid,0.140575
15_9_19_ST2_1993_04_26.pdf,11,down equipment,0.135729
15_9_19_ST2_1993_04_26.pdf,12,dst,0.131199
15_9_19_ST2_1993_04_26.pdf,13,hight,0.130007
15_9_19_ST2_1993_04_26.pdf,14,topdrive,0.127608
15_9_19_ST2_1993_04_26.pdf,15,equipment picked,0.127608
15_9_19_ST2_1993_04_27.pdf,1,ezsv,0.198723
15_9_19_ST2_1993_04_27.pdf,2,bar lpm,0.17035
15_9_19_ST2_1993_04_27.pdf,3,injection test,0.16585
15_9_19_ST2_1993_04_27.pdf,4,stung ezsv,0.153472
15_9_19_ST2_1993_04_27.pdf,5,retainer,0.151937
15_9_19_ST2_1993_04_27.pdf,6,set ezsv,0.150225
15_9_19_ST2_1993_04_27.pdf,7,mpr,0.148606
15_9_19_ST2_1993_04_27.pdf,8,stung,0.130691
15_9_19_ST2_1993_04_27.pdf,9,injection,0.128909
15_9_19_ST2_1993_04_27.pdf,10,kept bar,0.126658
15_9_19_ST2_1993_04_27.pdf,11,opened mpr,0.126658
15_9_19_ST2_1993_04_27.pdf,12,sub made,0.126658
15_9_19_ST2_1993_04_27.pdf,13,tested ezsv,0.126658
15_9_19_ST2_1993_04_27.pdf,14,kelly cock,0.12382
15_9_19_ST2_1993_04_27.pdf,15,cock,0.12382
15_9_19_ST2_1993_04_28.pdf,1,bridge plug,0.165293
15_9_19_ST2_1993_04_28.pdf,2,ezsv,0.160064
15_9_19_ST2_1993_04_28.pdf,3,bridge,0.154469
15_9_19_ST2_1993_04_28.pdf,4,sleeve,0.137229
15_9_19_ST2_1993_04_28.pdf,5,excess cement,0.125179
15_9_19_ST2_1993_04_28.pdf,6,slurry displaced,0.122333
15_9_19_ST2_1993_04_28.pdf,7,cement hose,0.119382
15_9_19_ST2_1993_04_28.pdf,8,permanent,0.118855
15_9_19_ST2_1993_04_28.pdf,9,squeeze,0.114474
15_9_19_ST2_1993_04_28.pdf,10,excess,0.112692
15_9_19_ST2_1993_04_28.pdf,11,mpr,0.111965
15_9_19_ST2_1993_04_28.pdf,12,pooh cement,0.107654
15_9_19_ST2_1993_04_28.pdf,13,seawater,0.10666
15_9_19_ST2_1993_04_28.pdf,14,down cement,0.104527
15_9_19_ST2_1993_04_28.pdf,15,contaminated mud,0.100815
15_9_19_ST2_1993_04_29.pdf,1,packoff,0.183053
15_9_19_ST2_1993_04_29.pdf,2,riser lpm,0.161755
15_9_19_ST2_1993_04_29.pdf,3,lpm max,0.157677
15_9_19_ST2_1993_04_29.pdf,4,down choke,0.146644
15_9_19_ST2_1993_04_29.pdf,5,ppm,0.145721
15_9_19_ST2_1993_04_29.pdf,6,circulated down,0.142947
15_9_19_ST2_1993_04_29.pdf,7,ftlbs,0.125346
15_9_19_ST2_1993_04_29.pdf,8,bushing pulled,0.122186
15_9_19_ST2_1993_04_29.pdf,9,max gas,0.120078
15_9_19_ST2_1993_04_29.pdf,10,wear bushing,0.11941
15_9_19_ST2_1993_04_29.pdf,11,choke line,0.115485
15_9_19_ST2_1993_04_29.pdf,12,wear,0.115252
15_9_19_ST2_1993_04_29.pdf,13,gas,0.107979
15_9_19_ST2_1993_04_29.pdf,14,loaded tool,0.10524
15_9_19_ST2_1993_04_29.pdf,15,small,0.10524
15_9_19_ST2_1993_04_30.pdf,1,launched,0.191598
15_9_19_ST2_1993_04_30.pdf,2,housing,0.164514
15_9_19_ST2_1993_04_30.pdf,3,bop connector,0.162266
15_9_19_ST2_1993_04_30.pdf,4,rov,0.158236
15_9_19_ST2_1993_04_30.pdf,5,hatch cover,0.156563
15_9_19_ST2_1993_04_30.pdf,6,ring,0.156264
15_9_19_ST2_1993_04_30.pdf,7,connector,0.153159
15_9_19_ST2_1993_04_30.pdf,8,template,0.152766
15_9_19_ST2_1993_04_30.pdf,9,direction degrees,0.144393
15_9_19_ST2_1993_04_30.pdf,10,packoff,0.140213
15_9_19_ST2_1993_04_30.pdf,11,riser lpm,0.140213
15_9_19_ST2_1993_04_30.pdf,12,moved rig,0.136864
15_9_19_ST2_1993_04_30.pdf,13,lpm max,0.136678
15_9_19_ST2_1993_04_30.pdf,14,circulated down,0.136678
15_9_19_ST2_1993_04_30.pdf,15,bop set,0.130916
15_9_19_ST2_1997_07_17.pdf,1,anchor,0.395428
15_9_19_ST2_1997_07_17.pdf,2,anchor handling,0.365438
15_9_19_ST2_1997_07_17.pdf,3,movement,0.283372
15_9_19_ST2_1997_07_17.pdf,4,template,0.26196
15_9_19_ST2_1997_07_17.pdf,5,location,0.254493
15_9_19_ST2_1997_07_17.pdf,6,remove,0.241769
15_9_19_ST2_1997_07_17.pdf,7,hatch cover,0.179579
15_9_19_ST2_1997_07_17.pdf,8,handling,0.175108
15_9_19_ST2_1997_07_17.pdf,9,stack,0.174133
15_9_19_ST2_1997_07_17.pdf,10,dropped,0.170353
15_9_19_ST2_1997_07_17.pdf,11,anchors,0.167364
15_9_19_ST2_1997_07_17.pdf,12,corrosion cap,0.163525
15_9_19_ST2_1997_07_17.pdf,13,corrosion,0.1585
15_9_19_ST2_1997_07_17.pdf,14,positioned rig,0.156983
15_9_19_ST2_1997_07_17.pdf,15,moved rig,0.156983
15_9_19_ST2_1997_07_18.pdf,1,bottom hrs,0.407405
15_9_19_ST2_1997_07_18.pdf,2,anchor bottom,0.392985
15_9_19_ST2_1997_07_18.pdf,3,anchor,0.30494
15_9_19_ST2_1997_07_18.pdf,4,anchor handling,0.221103
15_9_19_ST2_1997_07_18.pdf,5,red,0.212126
15_9_19_ST2_1997_07_18.pdf,6,hrs,0.173211
15_9_19_ST2_1997_07_18.pdf,7,bottom,0.16982
15_9_19_ST2_1997_07_18.pdf,8,bop set,0.153339
15_9_19_ST2_1997_07_18.pdf,9,orientation,0.141473
15_9_19_ST2_1997_07_18.pdf,10,stb,0.141473
15_9_19_ST2_1997_07_18.pdf,11,ballasted rig,0.13962
15_9_19_ST2_1997_07_18.pdf,12,anchors,0.137887
15_9_19_ST2_1997_07_18.pdf,13,ballasted,0.136259
15_9_19_ST2_1997_07_18.pdf,14,draft,0.136259
15_9_19_ST2_1997_07_18.pdf,15,spool,0.131894
15_9_19_ST2_1997_07_19.pdf,1,assisted rov,0.190627
15_9_19_ST2_1997_07_19.pdf,2,frame,0.189921
15_9_19_ST2_1997_07_19.pdf,3,moved rig,0.188104
15_9_19_ST2_1997_07_19.pdf,4,assisted,0.183927
15_9_19_ST2_1997_07_19.pdf,5,off location,0.181022
15_9_19_ST2_1997_07_19.pdf,6,location,0.180105
15_9_19_ST2_1997_07_19.pdf,7,rig off,0.173572
15_9_19_ST2_1997_07_19.pdf,8,hatch,0.166962
15_9_19_ST2_1997_07_19.pdf,9,removing,0.162338
15_9_19_ST2_1997_07_19.pdf,10,slot,0.158868
15_9_19_ST2_1997_07_19.pdf,11,cap,0.153838
15_9_19_ST2_1997_07_19.pdf,12,slings,0.149335
15_9_19_ST2_1997_07_19.pdf,13,corrosion cap,0.147293
15_9_19_ST2_1997_07_19.pdf,14,conn,0.144861
15_9_19_ST2_1997_07_19.pdf,15,rov,0.144461
15_9_19_ST2_1997_07_20.pdf,1,conn,0.260788
15_9_19_ST2_1997_07_20.pdf,2,pos,0.232475
15_9_19_ST2_1997_07_20.pdf,3,while preparing,0.222674
15_9_19_ST2_1997_07_20.pdf,4,pin,0.205442
15_9_19_ST2_1997_07_20.pdf,5,orientation,0.205442
15_9_19_ST2_1997_07_20.pdf,6,lmrp,0.202751
15_9_19_ST2_1997_07_20.pdf,7,preparing,0.19787
15_9_19_ST2_1997_07_20.pdf,8,yellow pod,0.189629
15_9_19_ST2_1997_07_20.pdf,9,yellow,0.189629
15_9_19_ST2_1997_07_20.pdf,10,latch,0.181299
15_9_19_ST2_1997_07_20.pdf,11,pod,0.169706
15_9_19_ST2_1997_07_20.pdf,12,inst,0.164948
15_9_19_ST2_1997_07_20.pdf,13,bop riser,0.161678
15_9_19_ST2_1997_07_20.pdf,14,riser joints,0.155078
15_9_19_ST2_1997_07_20.pdf,15,lines function,0.155078
15_9_19_ST2_1997_07_21.pdf,1,conn,0.208477
15_9_19_ST2_1997_07_21.pdf,2,choke lines,0.179591
15_9_19_ST2_1997_07_21.pdf,3,ran bop,0.15794
15_9_19_ST2_1997_07_21.pdf,4,kill choke,0.154763
15_9_19_ST2_1997_07_21.pdf,5,attempted set,0.144192
15_9_19_ST2_1997_07_21.pdf,6,joint landing,0.144192
15_9_19_ST2_1997_07_21.pdf,7,inner barrel,0.140962
15_9_19_ST2_1997_07_21.pdf,8,bails elevators,0.140962
15_9_19_ST2_1997_07_21.pdf,9,sub washed,0.138113
15_9_19_ST2_1997_07_21.pdf,10,riser handling,0.138113
15_9_19_ST2_1997_07_21.pdf,11,bar attempted,0.133259
15_9_19_ST2_1997_07_21.pdf,12,slip joint,0.133259
15_9_19_ST2_1997_07_21.pdf,13,tested kill,0.127425
15_9_19_ST2_1997_07_21.pdf,14,installed diverter,0.125756
15_9_19_ST2_1997_07_21.pdf,15,cmt plug,0.125756
15_9_19_ST2_1997_07_22.pdf,1,drilled hard,0.309251
15_9_19_ST2_1997_07_22.pdf,2,inside csg,0.253691
15_9_19_ST2_1997_07_22.pdf,3,hard,0.218637
15_9_19_ST2_1997_07_22.pdf,4,cmt,0.20308
15_9_19_ST2_1997_07_22.pdf,5,bentonite,0.201093
15_9_19_ST2_1997_07_22.pdf,6,bentonite mud,0.201093
15_9_19_ST2_1997_07_22.pdf,7,flushed kill,0.201093
15_9_19_ST2_1997_07_22.pdf,8,down last,0.197673
15_9_19_ST2_1997_07_22.pdf,9,choke lines,0.189019
15_9_19_ST2_1997_07_22.pdf,10,performed choke,0.182053
15_9_19_ST2_1997_07_22.pdf,11,inside,0.180414
15_9_19_ST2_1997_07_22.pdf,12,bridge plug,0.180002
15_9_19_ST2_1997_07_22.pdf,13,tagged top,0.176221
15_9_19_ST2_1997_07_22.pdf,14,bridge,0.168214
15_9_19_ST2_1997_07_22.pdf,15,kill choke,0.162888
15_9_19_ST2_1997_07_23.pdf,1,bridge plug,0.303996
15_9_19_ST2_1997_07_23.pdf,2,bridge,0.284089
15_9_19_ST2_1997_07_23.pdf,3,pooh bit,0.210534
15_9_19_ST2_1997_07_23.pdf,4,drilled hard,0.180043
15_9_19_ST2_1997_07_23.pdf,5,plug closed,0.175505
15_9_19_ST2_1997_07_23.pdf,6,plug setting,0.168105
15_9_19_ST2_1997_07_23.pdf,7,milled,0.168105
15_9_19_ST2_1997_07_23.pdf,8,scraped,0.165003
15_9_19_ST2_1997_07_23.pdf,9,rih bit,0.162197
15_9_19_ST2_1997_07_23.pdf,10,uap,0.162197
15_9_19_ST2_1997_07_23.pdf,11,through choke,0.159635
15_9_19_ST2_1997_07_23.pdf,12,hit,0.157278
15_9_19_ST2_1997_07_23.pdf,13,top liner,0.157278
15_9_19_ST2_1997_07_23.pdf,14,planned,0.151165
15_9_19_ST2_1997_07_23.pdf,15,plug,0.15092
15_9_19_ST2_1997_07_24.pdf,1,cmt stinger,0.297723
15_9_19_ST2_1997_07_24.pdf,2,pooh cmt,0.269396
15_9_19_ST2_1997_07_24.pdf,3,stinger,0.204006
15_9_19_ST2_1997_07_24.pdf,4,cmt,0.193694
15_9_19_ST2_1997_07_24.pdf,5,pill pooh,0.176222
15_9_19_ST2_1997_07_24.pdf,6,balanced,0.148523
15_9_19_ST2_1997_07_24.pdf,7,mud pooh,0.146502
15_9_19_ST2_1997_07_24.pdf,8,mud displaced,0.143611
15_9_19_ST2_1997_07_24.pdf,9,mped,0.140708
15_9_19_ST2_1997_07_24.pdf,10,cmt slurry,0.140708
15_9_19_ST2_1997_07_24.pdf,11,stinger rih,0.140708
15_9_19_ST2_1997_07_24.pdf,12,displaced vis,0.140708
15_9_19_ST2_1997_07_24.pdf,13,racked bha,0.138112
15_9_19_ST2_1997_07_24.pdf,14,vis pill,0.136078
15_9_19_ST2_1997_07_24.pdf,15,pumped cmt,0.135763
15_9_19_ST2_1997_07_25.pdf,1,bridge plug,0.284958
15_9_19_ST2_1997_07_25.pdf,2,bridge,0.266297
15_9_19_ST2_1997_07_25.pdf,3,atlas,0.232222
15_9_19_ST2_1997_07_25.pdf,4,ccl,0.212307
15_9_19_ST2_1997_07_25.pdf,5,atlas wireline,0.20616
15_9_19_ST2_1997_07_25.pdf,6,wireline rih,0.183576
15_9_19_ST2_1997_07_25.pdf,7,setting tool,0.18112
15_9_19_ST2_1997_07_25.pdf,8,setting,0.152233
15_9_19_ST2_1997_07_25.pdf,9,firing head,0.149106
15_9_19_ST2_1997_07_25.pdf,10,reterminated,0.149106
15_9_19_ST2_1997_07_25.pdf,11,plug,0.143432
15_9_19_ST2_1997_07_25.pdf,12,baker,0.141681
15_9_19_ST2_1997_07_25.pdf,13,wireline,0.141394
15_9_19_ST2_1997_07_25.pdf,14,replace,0.139219
15_9_19_ST2_1997_07_25.pdf,15,pooh cmt,0.13665
15_9_19_ST2_1997_07_26.pdf,1,bridge plug,0.404749
15_9_19_ST2_1997_07_26.pdf,2,tested casing,0.388557
15_9_19_ST2_1997_07_26.pdf,3,plug bar,0.381537
15_9_19_ST2_1997_07_26.pdf,4,bridge,0.378243
15_9_19_ST2_1997_07_26.pdf,5,bar minutes,0.353434
15_9_19_ST2_1997_07_26.pdf,6,minutes,0.306272
15_9_19_ST2_1997_07_26.pdf,7,pressure tested,0.222164
15_9_19_ST2_1997_07_26.pdf,8,plug,0.196427
15_9_19_ST2_1997_07_26.pdf,9,casing,0.179378
15_9_19_ST2_1997_07_26.pdf,10,pressure,0.151371
15_9_19_ST2_1997_07_26.pdf,11,tested,0.143787
15_9_19_ST2_1997_07_26.pdf,12,bar,0.118915
15_9_19_S_1992_09_09.pdf,1,move rig,0.513904
15_9_19_S_1992_09_09.pdf,2,move,0.368128
15_9_19_S_1992_09_09.pdf,3,anchors,0.348111
15_9_19_S_1992_09_09.pdf,4,items,0.329673
15_9_19_S_1992_09_09.pdf,5,working,0.254116
15_9_19_S_1992_09_09.pdf,6,waiting,0.242464
15_9_19_S_1992_09_09.pdf,7,according,0.21557
15_9_19_S_1992_09_09.pdf,8,vessel,0.2056
15_9_19_S_1992_09_09.pdf,9,anchor,0.186158
15_9_19_S_1992_09_09.pdf,10,location,0.184646
15_9_19_S_1992_09_09.pdf,11,continue,0.184003
15_9_19_S_1992_09_09.pdf,12,rig,0.155668
15_9_19_S_1992_09_09.pdf,13,pulled,0.1427
15_9_19_S_1992_09_09.pdf,14,pull,0.105883
15_9_19_S_1992_09_10.pdf,1,move rig,0.495123
15_9_19_S_1992_09_10.pdf,2,move,0.354675
15_9_19_S_1992_09_10.pdf,3,anchor,0.344209
15_9_19_S_1992_09_10.pdf,4,anchors,0.334328
15_9_19_S_1992_09_10.pdf,5,punch,0.273124
15_9_19_S_1992_09_10.pdf,6,items,0.255447
15_9_19_S_1992_09_10.pdf,7,continue waiting,0.231701
15_9_19_S_1992_09_10.pdf,8,waiting,0.187873
15_9_19_S_1992_09_10.pdf,9,waited,0.166113
15_9_19_S_1992_09_10.pdf,10,pulling,0.16476
15_9_19_S_1992_09_10.pdf,11,pulled,0.155837
15_9_19_S_1992_09_10.pdf,12,rig,0.14998
15_9_19_S_1992_09_10.pdf,13,worked,0.144659
15_9_19_S_1992_09_10.pdf,14,location,0.143073
15_9_19_S_1992_09_10.pdf,15,continue,0.142575
15_9_19_S_1992_09_11.pdf,1,move rig,0.364214
15_9_19_S_1992_09_11.pdf,2,move,0.322084
15_9_19_S_1992_09_11.pdf,3,move location,0.320305
15_9_19_S_1992_09_11.pdf,4,punch,0.309639
15_9_19_S_1992_09_11.pdf,5,rig move,0.305237
15_9_19_S_1992_09_11.pdf,6,items,0.289598
15_9_19_S_1992_09_11.pdf,7,cts,0.268354
15_9_19_S_1992_09_11.pdf,8,location,0.241521
15_9_19_S_1992_09_11.pdf,9,continued waiting,0.229128
15_9_19_S_1992_09_11.pdf,10,waiting,0.21299
15_9_19_S_1992_09_11.pdf,11,anchor,0.196453
15_9_19_S_1992_09_11.pdf,12,worked,0.163998
15_9_19_S_1992_09_11.pdf,13,function tested,0.137463
15_9_19_S_1992_09_11.pdf,14,rig,0.136198
15_9_19_S_1992_09_11.pdf,15,anchors,0.128146
15_9_19_S_1992_09_12.pdf,1,rig move,0.535127
15_9_19_S_1992_09_12.pdf,2,move location,0.451616
15_9_19_S_1992_09_12.pdf,3,move,0.402255
15_9_19_S_1992_09_12.pdf,4,move rig,0.364361
15_9_19_S_1992_09_12.pdf,5,location,0.340534
15_9_19_S_1992_09_12.pdf,6,anchor handling,0.187988
15_9_19_S_1992_09_12.pdf,7,rig,0.1701
15_9_19_S_1992_09_12.pdf,8,anchor,0.163595
15_9_19_S_1992_09_12.pdf,9,handling,0.090079
15_9_19_S_1992_09_13.pdf,1,move location,0.550127
15_9_19_S_1992_09_13.pdf,2,rig move,0.524246
15_9_19_S_1992_09_13.pdf,3,location,0.414815
15_9_19_S_1992_09_13.pdf,4,move,0.394076
15_9_19_S_1992_09_13.pdf,5,anchor handling,0.184165
15_9_19_S_1992_09_13.pdf,6,rig,0.166641
15_9_19_S_1992_09_13.pdf,7,anchor,0.160268
15_9_19_S_1992_09_13.pdf,8,handling,0.088247
15_9_19_S_1992_09_14.pdf,1,move location,0.495671
15_9_19_S_1992_09_14.pdf,2,rig move,0.472352
15_9_19_S_1992_09_14.pdf,3,location,0.373753
15_9_19_S_1992_09_14.pdf,4,move,0.355067
15_9_19_S_1992_09_14.pdf,5,anchor,0.26736
15_9_19_S_1992_09_14.pdf,6,transponder,0.231261
15_9_19_S_1992_09_14.pdf,7,anchor handling,0.181452
15_9_19_S_1992_09_14.pdf,8,cts,0.153046
15_9_19_S_1992_09_14.pdf,9,rig,0.150146
15_9_19_S_1992_09_14.pdf,10,template,0.130072
15_9_19_S_1992_09_14.pdf,11,set,0.124444
15_9_19_S_1992_09_14.pdf,12,rov,0.113891
15_9_19_S_1992_09_14.pdf,13,hose,0.092946
15_9_19_S_1992_09_14.pdf,14,handling,0.086947
15_9_19_S_1992_09_15.pdf,1,transponder,0.346846
15_9_19_S_1992_09_15.pdf,2,borg,0.293508
15_9_19_S_1992_09_15.pdf,3,normand borg,0.266088
15_9_19_S_1992_09_15.pdf,4,normand,0.266088
15_9_19_S_1992_09_15.pdf,5,anchor,0.214932
15_9_19_S_1992_09_15.pdf,6,jumped,0.199137
15_9_19_S_1992_09_15.pdf,7,length,0.188216
15_9_19_S_1992_09_15.pdf,8,template,0.165083
15_9_19_S_1992_09_15.pdf,9,rov,0.163579
15_9_19_S_1992_09_15.pdf,10,bottom hrs,0.161377
15_9_19_S_1992_09_15.pdf,11,anchor bottom,0.161377
15_9_19_S_1992_09_15.pdf,12,btm,0.158548
15_9_19_S_1992_09_15.pdf,13,move location,0.144947
15_9_19_S_1992_09_15.pdf,14,pos,0.141293
15_9_19_S_1992_09_15.pdf,15,rig move,0.138128
15_9_19_S_1992_09_16.pdf,1,normand,0.279579
15_9_19_S_1992_09_16.pdf,2,normand borg,0.279579
15_9_19_S_1992_09_16.pdf,3,borg,0.279579
15_9_19_S_1992_09_16.pdf,4,cts,0.199721
15_9_19_S_1992_09_16.pdf,5,anchor,0.196408
15_9_19_S_1992_09_16.pdf,6,guide wire,0.191232
15_9_19_S_1992_09_16.pdf,7,wire,0.187583
15_9_19_S_1992_09_16.pdf,8,dir,0.186853
15_9_19_S_1992_09_16.pdf,9,jumped,0.17687
15_9_19_S_1992_09_16.pdf,10,rearranged,0.160877
15_9_19_S_1992_09_16.pdf,11,guide,0.152644
15_9_19_S_1992_09_16.pdf,12,installed guide,0.15234
15_9_19_S_1992_09_16.pdf,13,hatch,0.148381
15_9_19_S_1992_09_16.pdf,14,template,0.146623
15_9_19_S_1992_09_16.pdf,15,deg,0.143109
15_9_19_S_1992_09_17.pdf,1,cts,0.300863
15_9_19_S_1992_09_17.pdf,2,cts hose,0.261464
15_9_19_S_1992_09_17.pdf,3,wire,0.228802
15_9_19_S_1992_09_17.pdf,4,back derrick,0.186949
15_9_19_S_1992_09_17.pdf,5,hoses,0.175593
15_9_19_S_1992_09_17.pdf,6,spud,0.173027
15_9_19_S_1992_09_17.pdf,7,stabbed cts,0.164887
15_9_19_S_1992_09_17.pdf,8,holeopener,0.164887
15_9_19_S_1992_09_17.pdf,9,picked ran,0.161554
15_9_19_S_1992_09_17.pdf,10,rov,0.15643
15_9_19_S_1992_09_17.pdf,11,opener,0.155876
15_9_19_S_1992_09_17.pdf,12,closed ram,0.151149
15_9_19_S_1992_09_17.pdf,13,middle,0.151149
15_9_19_S_1992_09_17.pdf,14,collars,0.151149
15_9_19_S_1992_09_17.pdf,15,short,0.1471
15_9_19_S_1992_09_18.pdf,1,cts,0.244429
15_9_19_S_1992_09_18.pdf,2,cts hose,0.219064
15_9_19_S_1992_09_18.pdf,3,max rate,0.177862
15_9_19_S_1992_09_18.pdf,4,moved rig,0.159127
15_9_19_S_1992_09_18.pdf,5,stabbing,0.148782
15_9_19_S_1992_09_18.pdf,6,frame,0.13733
15_9_19_S_1992_09_18.pdf,7,approx min,0.122545
15_9_19_S_1992_09_18.pdf,8,pilothole,0.122545
15_9_19_S_1992_09_18.pdf,9,direction deg,0.122545
15_9_19_S_1992_09_18.pdf,10,back stands,0.119456
15_9_19_S_1992_09_18.pdf,11,rate approx,0.119456
15_9_19_S_1992_09_18.pdf,12,while observing,0.119456
15_9_19_S_1992_09_18.pdf,13,wire,0.117088
15_9_19_S_1992_09_18.pdf,14,memory mwd,0.11678
15_9_19_S_1992_09_18.pdf,15,meeting crew,0.11678
15_9_19_S_1992_09_19.pdf,1,pilothole,0.350328
15_9_19_S_1992_09_19.pdf,2,vis mud,0.276801
15_9_19_S_1992_09_19.pdf,3,cts,0.203948
15_9_19_S_1992_09_19.pdf,4,vis,0.185049
15_9_19_S_1992_09_19.pdf,5,pumped vis,0.178188
15_9_19_S_1992_09_19.pdf,6,mud every,0.175076
15_9_19_S_1992_09_19.pdf,7,every connection,0.171154
15_9_19_S_1992_09_19.pdf,8,meeting crew,0.171154
15_9_19_S_1992_09_19.pdf,9,pill every,0.167695
15_9_19_S_1992_09_19.pdf,10,stand drilled,0.167695
15_9_19_S_1992_09_19.pdf,11,cts hose,0.1646
15_9_19_S_1992_09_19.pdf,12,shallow gas,0.161801
15_9_19_S_1992_09_19.pdf,13,mud pooh,0.15355
15_9_19_S_1992_09_19.pdf,14,mwd rih,0.150796
15_9_19_S_1992_09_19.pdf,15,sensor,0.149015
15_9_19_S_1992_09_20.pdf,1,vis mud,0.249288
15_9_19_S_1992_09_20.pdf,2,cts ram,0.193176
15_9_19_S_1992_09_20.pdf,3,pilothole,0.193176
15_9_19_S_1992_09_20.pdf,4,holeopener,0.184088
15_9_19_S_1992_09_20.pdf,5,cts,0.183676
15_9_19_S_1992_09_20.pdf,6,displaced vis,0.180367
15_9_19_S_1992_09_20.pdf,7,draw work,0.180367
15_9_19_S_1992_09_20.pdf,8,draw,0.177039
15_9_19_S_1992_09_20.pdf,9,above template,0.171279
15_9_19_S_1992_09_20.pdf,10,vis,0.151453
15_9_19_S_1992_09_20.pdf,11,template,0.141521
15_9_19_S_1992_09_20.pdf,12,cts holeopener,0.141151
15_9_19_S_1992_09_20.pdf,13,direction deg,0.137064
15_9_19_S_1992_09_20.pdf,14,shot survey,0.137064
15_9_19_S_1992_09_20.pdf,15,single shot,0.133609
15_9_19_S_1992_09_21.pdf,1,direction deg,0.188262
15_9_19_S_1992_09_21.pdf,2,cts,0.18585
15_9_19_S_1992_09_21.pdf,3,shoe checked,0.172535
15_9_19_S_1992_09_21.pdf,4,pulled rig,0.166922
15_9_19_S_1992_09_21.pdf,5,direction,0.156199
15_9_19_S_1992_09_21.pdf,6,lead,0.152774
15_9_19_S_1992_09_21.pdf,7,trolley,0.13756
15_9_19_S_1992_09_21.pdf,8,cts ram,0.133577
15_9_19_S_1992_09_21.pdf,9,lead slurry,0.127293
15_9_19_S_1992_09_21.pdf,10,hose pressure,0.127293
15_9_19_S_1992_09_21.pdf,11,flo,0.127293
15_9_19_S_1992_09_21.pdf,12,extension,0.127293
15_9_19_S_1992_09_21.pdf,13,holeopener,0.127293
15_9_19_S_1992_09_21.pdf,14,picked shoe,0.127293
15_9_19_S_1992_09_21.pdf,15,deg,0.126921
15_9_19_S_1992_09_22.pdf,1,cts,0.256958
15_9_19_S_1992_09_22.pdf,2,holeopener,0.25541
15_9_19_S_1992_09_22.pdf,3,cts holeopener,0.244485
15_9_19_S_1992_09_22.pdf,4,loop,0.237407
15_9_19_S_1992_09_22.pdf,5,sorted,0.237407
15_9_19_S_1992_09_22.pdf,6,cts hose,0.217575
15_9_19_S_1992_09_22.pdf,7,pilothole,0.217105
15_9_19_S_1992_09_22.pdf,8,cement shoe,0.174982
15_9_19_S_1992_09_22.pdf,9,over template,0.174982
15_9_19_S_1992_09_22.pdf,10,housing,0.168938
15_9_19_S_1992_09_22.pdf,11,tagged cement,0.162322
15_9_19_S_1992_09_22.pdf,12,rig over,0.160307
15_9_19_S_1992_09_22.pdf,13,cts ram,0.154043
15_9_19_S_1992_09_22.pdf,14,drilled cement,0.151816
15_9_19_S_1992_09_22.pdf,15,positioned rig,0.150364
15_9_19_S_1992_09_23.pdf,1,pilothole,0.285198
15_9_19_S_1992_09_23.pdf,2,pill every,0.243516
15_9_19_S_1992_09_23.pdf,3,vis mud,0.229367
15_9_19_S_1992_09_23.pdf,4,vis pill,0.22388
15_9_19_S_1992_09_23.pdf,5,vis,0.215767
15_9_19_S_1992_09_23.pdf,6,pumped vis,0.207266
15_9_19_S_1992_09_23.pdf,7,pill,0.182705
15_9_19_S_1992_09_23.pdf,8,rih worked,0.176346
15_9_19_S_1992_09_23.pdf,9,displaced vis,0.172782
15_9_19_S_1992_09_23.pdf,10,every drilled,0.172782
15_9_19_S_1992_09_23.pdf,11,pill followed,0.169593
15_9_19_S_1992_09_23.pdf,12,cts,0.168999
15_9_19_S_1992_09_23.pdf,13,casing shoe,0.166578
15_9_19_S_1992_09_23.pdf,14,followed,0.165424
15_9_19_S_1992_09_23.pdf,15,seawater,0.163319
15_9_19_S_1992_09_24.pdf,1,holeopener,0.199562
15_9_19_S_1992_09_24.pdf,2,cts,0.192607
15_9_19_S_1992_09_24.pdf,3,cts holeopener,0.184337
15_9_19_S_1992_09_24.pdf,4,cts ram,0.179
15_9_19_S_1992_09_24.pdf,5,ran casing,0.131888
15_9_19_S_1992_09_24.pdf,6,trolley,0.130792
15_9_19_S_1992_09_24.pdf,7,followed,0.129098
15_9_19_S_1992_09_24.pdf,8,direction deg,0.127006
15_9_19_S_1992_09_24.pdf,9,vis mud,0.127006
15_9_19_S_1992_09_24.pdf,10,sorted,0.127006
15_9_19_S_1992_09_24.pdf,11,bar bumped,0.123804
15_9_19_S_1992_09_24.pdf,12,followed vis,0.123804
15_9_19_S_1992_09_24.pdf,13,dart displaced,0.121031
15_9_19_S_1992_09_24.pdf,14,cement mud,0.121031
15_9_19_S_1992_09_24.pdf,15,lead slurry,0.121031
15_9_19_S_1992_09_25.pdf,1,cap,0.176017
15_9_19_S_1992_09_25.pdf,2,running tool,0.175521
15_9_19_S_1992_09_25.pdf,3,direction deg,0.174898
15_9_19_S_1992_09_25.pdf,4,inhibitor,0.163301
15_9_19_S_1992_09_25.pdf,5,head pooh,0.163301
15_9_19_S_1992_09_25.pdf,6,pins,0.160287
15_9_19_S_1992_09_25.pdf,7,over template,0.160287
15_9_19_S_1992_09_25.pdf,8,above template,0.155073
15_9_19_S_1992_09_25.pdf,9,washed wellhead,0.155073
15_9_19_S_1992_09_25.pdf,10,template,0.154357
15_9_19_S_1992_09_25.pdf,11,pooh running,0.152783
15_9_19_S_1992_09_25.pdf,12,observed rov,0.150664
15_9_19_S_1992_09_25.pdf,13,hand turns,0.150664
15_9_19_S_1992_09_25.pdf,14,guide,0.149838
15_9_19_S_1992_09_25.pdf,15,released running,0.14869
15_9_19_S_1992_11_18.pdf,1,test stump,0.301574
15_9_19_S_1992_11_18.pdf,2,stump,0.288991
15_9_19_S_1992_11_18.pdf,3,hatch cover,0.269474
15_9_19_S_1992_11_18.pdf,4,carrier,0.265387
15_9_19_S_1992_11_18.pdf,5,off test,0.22533
15_9_19_S_1992_11_18.pdf,6,removed riser,0.221172
15_9_19_S_1992_11_18.pdf,7,cover,0.218792
15_9_19_S_1992_11_18.pdf,8,lifted bop,0.21741
15_9_19_S_1992_11_18.pdf,9,bop carrier,0.213976
15_9_19_S_1992_11_18.pdf,10,moved,0.193339
15_9_19_S_1992_11_18.pdf,11,moved rig,0.190055
15_9_19_S_1992_11_18.pdf,12,hatch,0.182574
15_9_19_S_1992_11_18.pdf,13,bop,0.174213
15_9_19_S_1992_11_18.pdf,14,slot,0.171731
15_9_19_S_1992_11_18.pdf,15,forward,0.168485
15_9_19_S_1992_11_19.pdf,1,corrosion cap,0.225155
15_9_19_S_1992_11_19.pdf,2,corrosion,0.218236
15_9_19_S_1992_11_19.pdf,3,shear ram,0.199768
15_9_19_S_1992_11_19.pdf,4,cap,0.184786
15_9_19_S_1992_11_19.pdf,5,moved rig,0.184756
15_9_19_S_1992_11_19.pdf,6,bar mins,0.176899
15_9_19_S_1992_11_19.pdf,7,shear,0.175338
15_9_19_S_1992_11_19.pdf,8,ram,0.175338
15_9_19_S_1992_11_19.pdf,9,guide,0.166838
15_9_19_S_1992_11_19.pdf,10,tons,0.161819
15_9_19_S_1992_11_19.pdf,11,pull tested,0.15542
15_9_19_S_1992_11_19.pdf,12,ran guide,0.152552
15_9_19_S_1992_11_19.pdf,13,bop function,0.152552
15_9_19_S_1992_11_19.pdf,14,mins,0.152499
15_9_19_S_1992_11_19.pdf,15,tool ran,0.149958
15_9_19_S_1992_11_20.pdf,1,shear ram,0.281239
15_9_19_S_1992_11_20.pdf,2,bop riser,0.252779
15_9_19_S_1992_11_20.pdf,3,changed saver,0.247019
15_9_19_S_1992_11_20.pdf,4,ram,0.246846
15_9_19_S_1992_11_20.pdf,5,shear,0.246846
15_9_19_S_1992_11_20.pdf,6,tool changed,0.242461
15_9_19_S_1992_11_20.pdf,7,measurements,0.23111
15_9_19_S_1992_11_20.pdf,8,calibration,0.23111
15_9_19_S_1992_11_20.pdf,9,repairing,0.21703
15_9_19_S_1992_11_20.pdf,10,saver sub,0.21703
15_9_19_S_1992_11_20.pdf,11,saver,0.214691
15_9_19_S_1992_11_20.pdf,12,carried,0.214691
15_9_19_S_1992_11_20.pdf,13,cont,0.206402
15_9_19_S_1992_11_20.pdf,14,damaged,0.182483
15_9_19_S_1992_11_20.pdf,15,riser,0.172775
15_9_19_S_1992_11_21.pdf,1,carrier,0.238175
15_9_19_S_1992_11_21.pdf,2,ran bop,0.179203
15_9_19_S_1992_11_21.pdf,3,wow,0.168139
15_9_19_S_1992_11_21.pdf,4,through splash,0.159939
15_9_19_S_1992_11_21.pdf,5,away,0.156706
15_9_19_S_1992_11_21.pdf,6,riser joints,0.153815
15_9_19_S_1992_11_21.pdf,7,deballasted,0.151199
15_9_19_S_1992_11_21.pdf,8,deballasted rig,0.151199
15_9_19_S_1992_11_21.pdf,9,lifted bop,0.151199
15_9_19_S_1992_11_21.pdf,10,rearranged,0.148811
15_9_19_S_1992_11_21.pdf,11,bop carrier,0.148811
15_9_19_S_1992_11_21.pdf,12,moved bop,0.14458
15_9_19_S_1992_11_21.pdf,13,ballasted rig,0.142686
15_9_19_S_1992_11_21.pdf,14,bha racked,0.142686
15_9_19_S_1992_11_21.pdf,15,installed guide,0.140915
15_9_19_S_1992_11_22.pdf,1,loaded tool,0.161218
15_9_19_S_1992_11_22.pdf,2,spring loaded,0.159315
15_9_19_S_1992_11_22.pdf,3,spring,0.154211
15_9_19_S_1992_11_22.pdf,4,slip joint,0.14786
15_9_19_S_1992_11_22.pdf,5,choke lines,0.141388
15_9_19_S_1992_11_22.pdf,6,ballasted rig,0.139536
15_9_19_S_1992_11_22.pdf,7,installed diverter,0.139536
15_9_19_S_1992_11_22.pdf,8,lines bar,0.137549
15_9_19_S_1992_11_22.pdf,9,ballasted,0.136176
15_9_19_S_1992_11_22.pdf,10,loaded,0.134894
15_9_19_S_1992_11_22.pdf,11,tested lines,0.133191
15_9_19_S_1992_11_22.pdf,12,diverter,0.129565
15_9_19_S_1992_11_22.pdf,13,bore,0.124177
15_9_19_S_1992_11_22.pdf,14,bar mins,0.123759
15_9_19_S_1992_11_22.pdf,15,kill choke,0.121841
15_9_19_S_1992_11_23.pdf,1,mud drilled,0.151513
15_9_19_S_1992_11_23.pdf,2,drilled new,0.143904
15_9_19_S_1992_11_23.pdf,3,kcl mud,0.140749
15_9_19_S_1992_11_23.pdf,4,kcl,0.13791
15_9_19_S_1992_11_23.pdf,5,even mudweight,0.136405
15_9_19_S_1992_11_23.pdf,6,float,0.13565
15_9_19_S_1992_11_23.pdf,7,shoe cleaned,0.13335
15_9_19_S_1992_11_23.pdf,8,mud displaced,0.13335
15_9_19_S_1992_11_23.pdf,9,cont running,0.130654
15_9_19_S_1992_11_23.pdf,10,trouble shooting,0.130654
15_9_19_S_1992_11_23.pdf,11,off test,0.130654
15_9_19_S_1992_11_23.pdf,12,cleaned rat,0.130654
15_9_19_S_1992_11_23.pdf,13,cement shoe,0.128243
15_9_19_S_1992_11_23.pdf,14,number,0.128243
15_9_19_S_1992_11_23.pdf,15,flushed kill,0.128243
15_9_19_S_1992_11_24.pdf,1,steered,0.300279
15_9_19_S_1992_11_24.pdf,2,dump,0.2984
15_9_19_S_1992_11_24.pdf,3,surveyed steered,0.283365
15_9_19_S_1992_11_24.pdf,4,drilled surveyed,0.27788
15_9_19_S_1992_11_24.pdf,5,surveyed,0.275221
15_9_19_S_1992_11_24.pdf,6,dog,0.254117
15_9_19_S_1992_11_24.pdf,7,shaker,0.249363
15_9_19_S_1992_11_24.pdf,8,surveying steered,0.221043
15_9_19_S_1992_11_24.pdf,9,cont surveying,0.221043
15_9_19_S_1992_11_24.pdf,10,cleaned shaker,0.221043
15_9_19_S_1992_11_24.pdf,11,screens,0.216091
15_9_19_S_1992_11_24.pdf,12,surveying,0.195339
15_9_19_S_1992_11_24.pdf,13,reduce,0.18602
15_9_19_S_1992_11_24.pdf,14,reaming,0.184015
15_9_19_S_1992_11_24.pdf,15,cont,0.17691
15_9_19_S_1992_11_25.pdf,1,surveying,0.34119
15_9_19_S_1992_11_25.pdf,2,surveying steered,0.330012
15_9_19_S_1992_11_25.pdf,3,cont surveying,0.330012
15_9_19_S_1992_11_25.pdf,4,steered,0.318088
15_9_19_S_1992_11_25.pdf,5,back reamed,0.291637
15_9_19_S_1992_11_25.pdf,6,dog,0.269189
15_9_19_S_1992_11_25.pdf,7,drilled surveyed,0.236737
15_9_19_S_1992_11_25.pdf,8,surveyed,0.234472
15_9_19_S_1992_11_25.pdf,9,cont,0.219245
15_9_19_S_1992_11_25.pdf,10,surveyed steered,0.21298
15_9_19_S_1992_11_25.pdf,11,pulled back,0.211067
15_9_19_S_1992_11_25.pdf,12,reamed,0.169991
15_9_19_S_1992_11_25.pdf,13,rotation,0.130486
15_9_19_S_1992_11_25.pdf,14,backream,0.13002
15_9_19_S_1992_11_25.pdf,15,sand,0.120613
15_9_19_S_1992_11_26.pdf,1,cont surveying,0.303089
15_9_19_S_1992_11_26.pdf,2,surveying,0.267845
15_9_19_S_1992_11_26.pdf,3,steered,0.249709
15_9_19_S_1992_11_26.pdf,4,surveying steered,0.215051
15_9_19_S_1992_11_26.pdf,5,assembly changed,0.210233
15_9_19_S_1992_11_26.pdf,6,changed saver,0.205984
15_9_19_S_1992_11_26.pdf,7,reamed circulated,0.205984
15_9_19_S_1992_11_26.pdf,8,back reamed,0.190044
15_9_19_S_1992_11_26.pdf,9,broke bit,0.180977
15_9_19_S_1992_11_26.pdf,10,saver sub,0.180977
15_9_19_S_1992_11_26.pdf,11,saver,0.179027
15_9_19_S_1992_11_26.pdf,12,cont,0.172114
15_9_19_S_1992_11_26.pdf,13,way,0.15911
15_9_19_S_1992_11_26.pdf,14,cement head,0.156987
15_9_19_S_1992_11_26.pdf,15,loaded,0.154982
15_9_19_S_1992_11_27.pdf,1,washed wellhead,0.193607
15_9_19_S_1992_11_27.pdf,2,bore,0.188606
15_9_19_S_1992_11_27.pdf,3,joint float,0.16515
15_9_19_S_1992_11_27.pdf,4,shoe joint,0.140641
15_9_19_S_1992_11_27.pdf,5,running casing,0.133372
15_9_19_S_1992_11_27.pdf,6,circulated bottom,0.1255
15_9_19_S_1992_11_27.pdf,7,casing hanger,0.125113
15_9_19_S_1992_11_27.pdf,8,tam packer,0.122336
15_9_19_S_1992_11_27.pdf,9,continued making,0.119596
15_9_19_S_1992_11_27.pdf,10,thread locked,0.119596
15_9_19_S_1992_11_27.pdf,11,board,0.119596
15_9_19_S_1992_11_27.pdf,12,tam,0.119596
15_9_19_S_1992_11_27.pdf,13,joint,0.11922
15_9_19_S_1992_11_27.pdf,14,jet sub,0.11796
15_9_19_S_1992_11_27.pdf,15,floats,0.117179
15_9_19_S_1992_11_28.pdf,1,contaminated mud,0.189964
15_9_19_S_1992_11_28.pdf,2,flush tool,0.177558
15_9_19_S_1992_11_28.pdf,3,seal assy,0.171433
15_9_19_S_1992_11_28.pdf,4,contaminated,0.169055
15_9_19_S_1992_11_28.pdf,5,seal area,0.135169
15_9_19_S_1992_11_28.pdf,6,attempted set,0.135169
15_9_19_S_1992_11_28.pdf,7,ran casing,0.127038
15_9_19_S_1992_11_28.pdf,8,flush,0.127038
15_9_19_S_1992_11_28.pdf,9,washed wellhead,0.122947
15_9_19_S_1992_11_28.pdf,10,mill,0.118926
15_9_19_S_1992_11_28.pdf,11,seal,0.116223
15_9_19_S_1992_11_28.pdf,12,return,0.114379
15_9_19_S_1992_11_28.pdf,13,assy,0.113716
15_9_19_S_1992_11_28.pdf,14,over shaker,0.109054
15_9_19_S_1992_11_28.pdf,15,flushed line,0.109054
15_9_19_S_1992_11_29.pdf,1,cbl,0.217104
15_9_19_S_1992_11_29.pdf,2,tam packer,0.164504
15_9_19_S_1992_11_29.pdf,3,tam,0.160819
15_9_19_S_1992_11_29.pdf,4,ran gyro,0.157569
15_9_19_S_1992_11_29.pdf,5,bottom assembly,0.154111
15_9_19_S_1992_11_29.pdf,6,gyro,0.153235
15_9_19_S_1992_11_29.pdf,7,kelly,0.149725
15_9_19_S_1992_11_29.pdf,8,logged,0.145605
15_9_19_S_1992_11_29.pdf,9,pod,0.13655
15_9_19_S_1992_11_29.pdf,10,laid down,0.134049
15_9_19_S_1992_11_29.pdf,11,wear bushing,0.133809
15_9_19_S_1992_11_29.pdf,12,made wear,0.132721
15_9_19_S_1992_11_29.pdf,13,kelly cock,0.129748
15_9_19_S_1992_11_29.pdf,14,board,0.129748
15_9_19_S_1992_11_29.pdf,15,down bottom,0.129748
15_9_19_S_1992_11_30.pdf,1,overload,0.179423
15_9_19_S_1992_11_30.pdf,2,equivalent,0.179423
15_9_19_S_1992_11_30.pdf,3,shoe cleaned,0.175404
15_9_19_S_1992_11_30.pdf,4,black,0.171859
15_9_19_S_1992_11_30.pdf,5,cleaned rat,0.171859
15_9_19_S_1992_11_30.pdf,6,rih bit,0.165819
15_9_19_S_1992_11_30.pdf,7,orientated,0.163296
15_9_19_S_1992_11_30.pdf,8,float shoe,0.15856
15_9_19_S_1992_11_30.pdf,9,drilled orientated,0.152001
15_9_19_S_1992_11_30.pdf,10,made bottom,0.148501
15_9_19_S_1992_11_30.pdf,11,drilled cement,0.146355
15_9_19_S_1992_11_30.pdf,12,orientated orientated,0.144758
15_9_19_S_1992_11_30.pdf,13,continued logging,0.141515
15_9_19_S_1992_11_30.pdf,14,continued make,0.141515
15_9_19_S_1992_11_30.pdf,15,down atlas,0.141515
15_9_19_S_1992_12_01.pdf,1,orientated orientated,0.469494
15_9_19_S_1992_12_01.pdf,2,orientated drilled,0.458976
15_9_19_S_1992_12_01.pdf,3,orientated,0.414505
15_9_19_S_1992_12_01.pdf,4,drilled orientated,0.349788
15_9_19_S_1992_12_01.pdf,5,drilled,0.198177
15_9_19_S_1992_12_01.pdf,6,backream,0.184973
15_9_19_S_1992_12_01.pdf,7,continue pooh,0.173868
15_9_19_S_1992_12_01.pdf,8,change bit,0.173868
15_9_19_S_1992_12_01.pdf,9,bit rih,0.162095
15_9_19_S_1992_12_01.pdf,10,pooh change,0.15473
15_9_19_S_1992_12_01.pdf,11,continue,0.15166
15_9_19_S_1992_12_01.pdf,12,backreamed,0.145566
15_9_19_S_1992_12_01.pdf,13,bottoms,0.107679
15_9_19_S_1992_12_01.pdf,14,circulate,0.107363
15_9_19_S_1992_12_01.pdf,15,change,0.104649
15_9_19_S_1992_12_02.pdf,1,backreamed,0.214283
15_9_19_S_1992_12_02.pdf,2,rih reamed,0.208737
15_9_19_S_1992_12_02.pdf,3,pooh due,0.205566
15_9_19_S_1992_12_02.pdf,4,sleeve,0.203145
15_9_19_S_1992_12_02.pdf,5,stabilizer,0.188179
15_9_19_S_1992_12_02.pdf,6,continued backreaming,0.187923
15_9_19_S_1992_12_02.pdf,7,orientated orientated,0.187923
15_9_19_S_1992_12_02.pdf,8,tested motor,0.183714
15_9_19_S_1992_12_02.pdf,9,orientated,0.181201
15_9_19_S_1992_12_02.pdf,10,through kill,0.18
15_9_19_S_1992_12_02.pdf,11,angle,0.176679
15_9_19_S_1992_12_02.pdf,12,motor mwd,0.170931
15_9_19_S_1992_12_02.pdf,13,backreaming,0.168407
15_9_19_S_1992_12_02.pdf,14,pooh broke,0.168407
15_9_19_S_1992_12_02.pdf,15,mwd rih,0.161861
15_9_19_S_1992_12_03.pdf,1,electro,0.268457
15_9_19_S_1992_12_03.pdf,2,orientated orientated,0.254113
15_9_19_S_1992_12_03.pdf,3,overload,0.254113
15_9_19_S_1992_12_03.pdf,4,orientated drilled,0.248421
15_9_19_S_1992_12_03.pdf,5,circulated rotated,0.248421
15_9_19_S_1992_12_03.pdf,6,orientated,0.245023
15_9_19_S_1992_12_03.pdf,7,drillstring,0.236338
15_9_19_S_1992_12_03.pdf,8,mudweight,0.227723
15_9_19_S_1992_12_03.pdf,9,top drive,0.225316
15_9_19_S_1992_12_03.pdf,10,drive,0.218918
15_9_19_S_1992_12_03.pdf,11,drilled orientated,0.189322
15_9_19_S_1992_12_03.pdf,12,drilled,0.178404
15_9_19_S_1992_12_03.pdf,13,break,0.174788
15_9_19_S_1992_12_03.pdf,14,cleaning,0.173851
15_9_19_S_1992_12_03.pdf,15,negative,0.172037
15_9_19_S_1992_12_04.pdf,1,joints while,0.247749
15_9_19_S_1992_12_04.pdf,2,top drive,0.217153
15_9_19_S_1992_12_04.pdf,3,electro,0.211165
15_9_19_S_1992_12_04.pdf,4,drive,0.210987
15_9_19_S_1992_12_04.pdf,5,cuttings returns,0.199882
15_9_19_S_1992_12_04.pdf,6,overload,0.199882
15_9_19_S_1992_12_04.pdf,7,circulated rotated,0.195405
15_9_19_S_1992_12_04.pdf,8,while rih,0.188672
15_9_19_S_1992_12_04.pdf,9,amounts,0.181808
15_9_19_S_1992_12_04.pdf,10,large,0.168212
15_9_19_S_1992_12_04.pdf,11,packed off,0.168212
15_9_19_S_1992_12_04.pdf,12,due problems,0.168212
15_9_19_S_1992_12_04.pdf,13,pills,0.158565
15_9_19_S_1992_12_04.pdf,14,drilled circulated,0.155881
15_9_19_S_1992_12_04.pdf,15,packed,0.153396
15_9_19_S_1992_12_05.pdf,1,orientated orientated,0.429169
15_9_19_S_1992_12_05.pdf,2,orientated,0.413818
15_9_19_S_1992_12_05.pdf,3,stand drilled,0.411075
15_9_19_S_1992_12_05.pdf,4,drilled drilled,0.384599
15_9_19_S_1992_12_05.pdf,5,drilled orientated,0.319745
15_9_19_S_1992_12_05.pdf,6,drilled,0.255317
15_9_19_S_1992_12_05.pdf,7,orientated drilled,0.247796
15_9_19_S_1992_12_05.pdf,8,continued rih,0.209481
15_9_19_S_1992_12_05.pdf,9,stand,0.174078
15_9_19_S_1992_12_05.pdf,10,continued,0.119983
15_9_19_S_1992_12_05.pdf,11,rih,0.101299
15_9_19_S_1992_12_06.pdf,1,over shaker,0.282502
15_9_19_S_1992_12_06.pdf,2,back reamed,0.249651
15_9_19_S_1992_12_06.pdf,3,cuttings over,0.246382
15_9_19_S_1992_12_06.pdf,4,packed off,0.237741
15_9_19_S_1992_12_06.pdf,5,shaker,0.226124
15_9_19_S_1992_12_06.pdf,6,packed,0.216801
15_9_19_S_1992_12_06.pdf,7,orientated orientated,0.200443
15_9_19_S_1992_12_06.pdf,8,orientated drilled,0.195953
15_9_19_S_1992_12_06.pdf,9,orientated,0.193274
15_9_19_S_1992_12_06.pdf,10,cuttings,0.171387
15_9_19_S_1992_12_06.pdf,11,large,0.168684
15_9_19_S_1992_12_06.pdf,12,vis,0.164174
15_9_19_S_1992_12_06.pdf,13,increasing,0.163501
15_9_19_S_1992_12_06.pdf,14,amount,0.15901
15_9_19_S_1992_12_06.pdf,15,formation,0.156472
15_9_19_S_1992_12_07.pdf,1,mud motor,0.281631
15_9_19_S_1992_12_07.pdf,2,back reamed,0.228132
15_9_19_S_1992_12_07.pdf,3,acoustic system,0.221943
15_9_19_S_1992_12_07.pdf,4,system continued,0.213444
15_9_19_S_1992_12_07.pdf,5,shoe circulated,0.203451
15_9_19_S_1992_12_07.pdf,6,rih reamed,0.203451
15_9_19_S_1992_12_07.pdf,7,motor,0.201218
15_9_19_S_1992_12_07.pdf,8,acoustic,0.198001
15_9_19_S_1992_12_07.pdf,9,due tight,0.193504
15_9_19_S_1992_12_07.pdf,10,backreamed,0.167972
15_9_19_S_1992_12_07.pdf,11,motor mwd,0.166603
15_9_19_S_1992_12_07.pdf,12,reamed,0.164159
15_9_19_S_1992_12_07.pdf,13,changed wash,0.161866
15_9_19_S_1992_12_07.pdf,14,mwd rih,0.157763
15_9_19_S_1992_12_07.pdf,15,boosted riser,0.150906
15_9_19_S_1992_12_08.pdf,1,mudpump,0.343253
15_9_19_S_1992_12_08.pdf,2,reamed each,0.274684
15_9_19_S_1992_12_08.pdf,3,circulated rotated,0.261762
15_9_19_S_1992_12_08.pdf,4,improve,0.256471
15_9_19_S_1992_12_08.pdf,5,rpm string,0.247457
15_9_19_S_1992_12_08.pdf,6,piston,0.247457
15_9_19_S_1992_12_08.pdf,7,mudpumps,0.247457
15_9_19_S_1992_12_08.pdf,8,nitrogen,0.239953
15_9_19_S_1992_12_08.pdf,9,drilled drilled,0.239953
15_9_19_S_1992_12_08.pdf,10,repairing,0.225335
15_9_19_S_1992_12_08.pdf,11,twice,0.218411
15_9_19_S_1992_12_08.pdf,12,drilled orientated,0.19949
15_9_19_S_1992_12_08.pdf,13,orientated,0.183188
15_9_19_S_1992_12_08.pdf,14,cleaning,0.183188
15_9_19_S_1992_12_08.pdf,15,drilled,0.179833
15_9_19_S_1992_12_09.pdf,1,improve,0.29346
15_9_19_S_1992_12_09.pdf,2,rpm string,0.283145
15_9_19_S_1992_12_09.pdf,3,twice,0.24991
15_9_19_S_1992_12_09.pdf,4,back reamed,0.23811
15_9_19_S_1992_12_09.pdf,5,drilled orientated,0.22826
15_9_19_S_1992_12_09.pdf,6,reamed each,0.223005
15_9_19_S_1992_12_09.pdf,7,circulated rotated,0.212514
15_9_19_S_1992_12_09.pdf,8,orientated,0.209608
15_9_19_S_1992_12_09.pdf,9,cleaning,0.209608
15_9_19_S_1992_12_09.pdf,10,reamed drilled,0.208218
15_9_19_S_1992_12_09.pdf,11,reamed,0.194827
15_9_19_S_1992_12_09.pdf,12,oriented,0.194266
15_9_19_S_1992_12_09.pdf,13,pumped vis,0.177935
15_9_19_S_1992_12_09.pdf,14,vis pill,0.17709
15_9_19_S_1992_12_09.pdf,15,rotated string,0.160835
15_9_19_S_1992_12_10.pdf,1,full circulation,0.227385
15_9_19_S_1992_12_10.pdf,2,back reamed,0.214195
15_9_19_S_1992_12_10.pdf,3,circulation circulated,0.204846
15_9_19_S_1992_12_10.pdf,4,packed off,0.203976
15_9_19_S_1992_12_10.pdf,5,ltr min,0.199972
15_9_19_S_1992_12_10.pdf,6,kcl,0.197708
15_9_19_S_1992_12_10.pdf,7,packed,0.18601
15_9_19_S_1992_12_10.pdf,8,pill circulated,0.172264
15_9_19_S_1992_12_10.pdf,9,rotated,0.170949
15_9_19_S_1992_12_10.pdf,10,return,0.164949
15_9_19_S_1992_12_10.pdf,11,full,0.160064
15_9_19_S_1992_12_10.pdf,12,worked,0.159098
15_9_19_S_1992_12_10.pdf,13,followed vis,0.157269
15_9_19_S_1992_12_10.pdf,14,ltr,0.156029
15_9_19_S_1992_12_10.pdf,15,established,0.1544
15_9_19_S_1992_12_11.pdf,1,work free,0.284972
15_9_19_S_1992_12_11.pdf,2,ltr min,0.253267
15_9_19_S_1992_12_11.pdf,3,torque lbs,0.222938
15_9_19_S_1992_12_11.pdf,4,free max,0.222938
15_9_19_S_1992_12_11.pdf,5,attempted work,0.211026
15_9_19_S_1992_12_11.pdf,6,followed vis,0.211026
15_9_19_S_1992_12_11.pdf,7,ltr,0.208525
15_9_19_S_1992_12_11.pdf,8,downweight,0.202129
15_9_19_S_1992_12_11.pdf,9,pill followed,0.198399
15_9_19_S_1992_12_11.pdf,10,max torque,0.179614
15_9_19_S_1992_12_11.pdf,11,pill,0.169095
15_9_19_S_1992_12_11.pdf,12,vis pill,0.162264
15_9_19_S_1992_12_11.pdf,13,max,0.158185
15_9_19_S_1992_12_11.pdf,14,followed,0.156132
15_9_19_S_1992_12_11.pdf,15,work,0.151396
15_9_19_S_1992_12_12.pdf,1,work free,0.233675
15_9_19_S_1992_12_12.pdf,2,free max,0.182807
15_9_19_S_1992_12_12.pdf,3,torque lbs,0.182807
15_9_19_S_1992_12_12.pdf,4,downweight,0.165744
15_9_19_S_1992_12_12.pdf,5,continued work,0.157393
15_9_19_S_1992_12_12.pdf,6,tons overpull,0.155069
15_9_19_S_1992_12_12.pdf,7,free,0.148672
15_9_19_S_1992_12_12.pdf,8,max torque,0.147282
15_9_19_S_1992_12_12.pdf,9,ltr,0.138507
15_9_19_S_1992_12_12.pdf,10,spot,0.13777
15_9_19_S_1992_12_12.pdf,11,work,0.134734
15_9_19_S_1992_12_12.pdf,12,indicator,0.132722
15_9_19_S_1992_12_12.pdf,13,free pooh,0.125952
15_9_19_S_1992_12_12.pdf,14,ltr min,0.125952
15_9_19_S_1992_12_12.pdf,15,ftlbs,0.125952
15_9_19_S_1992_12_13.pdf,1,ccl,0.214173
15_9_19_S_1992_12_13.pdf,2,cutter,0.204852
15_9_19_S_1992_12_13.pdf,3,reterminated,0.172262
15_9_19_S_1992_12_13.pdf,4,ftlbs,0.172262
15_9_19_S_1992_12_13.pdf,5,free pooh,0.172262
15_9_19_S_1992_12_13.pdf,6,track,0.170558
15_9_19_S_1992_12_13.pdf,7,lubricated,0.16792
15_9_19_S_1992_12_13.pdf,8,stuffing,0.16792
15_9_19_S_1992_12_13.pdf,9,stuffing box,0.16792
15_9_19_S_1992_12_13.pdf,10,extension,0.164158
15_9_19_S_1992_12_13.pdf,11,free,0.163352
15_9_19_S_1992_12_13.pdf,12,checked inside,0.16084
15_9_19_S_1992_12_13.pdf,13,tool found,0.16084
15_9_19_S_1992_12_13.pdf,14,pooh wireline,0.157872
15_9_19_S_1992_12_13.pdf,15,side,0.155547
15_9_19_S_1992_12_14.pdf,1,lost returns,0.258328
15_9_19_S_1992_12_14.pdf,2,packed off,0.185967
15_9_19_S_1992_12_14.pdf,3,kcl mud,0.183963
15_9_19_S_1992_12_14.pdf,4,full circulation,0.182896
15_9_19_S_1992_12_14.pdf,5,kcl,0.180253
15_9_19_S_1992_12_14.pdf,6,lost,0.176152
15_9_19_S_1992_12_14.pdf,7,service broke,0.174292
15_9_19_S_1992_12_14.pdf,8,changed saver,0.170769
15_9_19_S_1992_12_14.pdf,9,string worked,0.170769
15_9_19_S_1992_12_14.pdf,10,rotate string,0.170769
15_9_19_S_1992_12_14.pdf,11,packed,0.169588
15_9_19_S_1992_12_14.pdf,12,rotate,0.169588
15_9_19_S_1992_12_14.pdf,13,returns,0.168292
15_9_19_S_1992_12_14.pdf,14,circulation circulated,0.164767
15_9_19_S_1992_12_14.pdf,15,back reamed,0.157554
15_9_19_S_1992_12_15.pdf,1,fresh water,0.222722
15_9_19_S_1992_12_15.pdf,2,fresh,0.20935
15_9_19_S_1992_12_15.pdf,3,mud pulled,0.183574
15_9_19_S_1992_12_15.pdf,4,cont running,0.175835
15_9_19_S_1992_12_15.pdf,5,lost returns,0.17259
15_9_19_S_1992_12_15.pdf,6,full returns,0.16451
15_9_19_S_1992_12_15.pdf,7,spm,0.149741
15_9_19_S_1992_12_15.pdf,8,pulled back,0.137359
15_9_19_S_1992_12_15.pdf,9,cont,0.134526
15_9_19_S_1992_12_15.pdf,10,cement head,0.134009
15_9_19_S_1992_12_15.pdf,11,slowly lpm,0.130251
15_9_19_S_1992_12_15.pdf,12,water,0.129654
15_9_19_S_1992_12_15.pdf,13,returns,0.128523
15_9_19_S_1992_12_15.pdf,14,back circulated,0.127334
15_9_19_S_1992_12_15.pdf,15,mud displaced,0.127334
15_9_19_S_1992_12_16.pdf,1,full circulation,0.217031
15_9_19_S_1992_12_16.pdf,2,back reamed,0.204442
15_9_19_S_1992_12_16.pdf,3,reamed circulated,0.202641
15_9_19_S_1992_12_16.pdf,4,washed reamed,0.17359
15_9_19_S_1992_12_16.pdf,5,stuck,0.162358
15_9_19_S_1992_12_16.pdf,6,reamed,0.150821
15_9_19_S_1992_12_16.pdf,7,derrick rih,0.150108
15_9_19_S_1992_12_16.pdf,8,circulated while,0.146746
15_9_19_S_1992_12_16.pdf,9,full,0.139712
15_9_19_S_1992_12_16.pdf,10,worked free,0.138726
15_9_19_S_1992_12_16.pdf,11,continued working,0.138726
15_9_19_S_1992_12_16.pdf,12,tendencies,0.138726
15_9_19_S_1992_12_16.pdf,13,cement returns,0.136535
15_9_19_S_1992_12_16.pdf,14,petrofree,0.132653
15_9_19_S_1992_12_16.pdf,15,swept,0.132653
15_9_19_S_1992_12_17.pdf,1,back cement,0.189938
15_9_19_S_1992_12_17.pdf,2,bar mins,0.171888
15_9_19_S_1992_12_17.pdf,3,mins,0.148179
15_9_19_S_1992_12_17.pdf,4,cement head,0.138654
15_9_19_S_1992_12_17.pdf,5,spare,0.131748
15_9_19_S_1992_12_17.pdf,6,tool stand,0.131748
15_9_19_S_1992_12_17.pdf,7,acoustic system,0.131748
15_9_19_S_1992_12_17.pdf,8,back circulated,0.131748
15_9_19_S_1992_12_17.pdf,9,cock,0.131748
15_9_19_S_1992_12_17.pdf,10,ran pumped,0.131748
15_9_19_S_1992_12_17.pdf,11,installed test,0.131748
15_9_19_S_1992_12_17.pdf,12,kelly cock,0.131748
15_9_19_S_1992_12_17.pdf,13,rih washed,0.130269
15_9_19_S_1992_12_17.pdf,14,disconnected cement,0.129085
15_9_19_S_1992_12_17.pdf,15,washed rotated,0.126703
15_9_19_S_1992_12_18.pdf,1,petrofree,0.200964
15_9_19_S_1992_12_18.pdf,2,petrofree mud,0.183779
15_9_19_S_1992_12_18.pdf,3,pits,0.16355
15_9_19_S_1992_12_18.pdf,4,plugged,0.158372
15_9_19_S_1992_12_18.pdf,5,washed reamed,0.156046
15_9_19_S_1992_12_18.pdf,6,packed off,0.153913
15_9_19_S_1992_12_18.pdf,7,drilled cement,0.149183
15_9_19_S_1992_12_18.pdf,8,cleaned shaker,0.147555
15_9_19_S_1992_12_18.pdf,9,tons,0.147153
15_9_19_S_1992_12_18.pdf,10,spacer displaced,0.14425
15_9_19_S_1992_12_18.pdf,11,returns over,0.141334
15_9_19_S_1992_12_18.pdf,12,packed,0.140356
15_9_19_S_1992_12_18.pdf,13,preparations,0.138726
15_9_19_S_1992_12_18.pdf,14,worked free,0.136366
15_9_19_S_1992_12_18.pdf,15,ton weight,0.136366
15_9_19_S_1992_12_19.pdf,1,washed reamed,0.255621
15_9_19_S_1992_12_19.pdf,2,reamed washed,0.241712
15_9_19_S_1992_12_19.pdf,3,equivalent,0.241712
15_9_19_S_1992_12_19.pdf,4,back circulated,0.236297
15_9_19_S_1992_12_19.pdf,5,reamed drilled,0.231521
15_9_19_S_1992_12_19.pdf,6,lpm full,0.227249
15_9_19_S_1992_12_19.pdf,7,pulled back,0.217881
15_9_19_S_1992_12_19.pdf,8,full returns,0.21661
15_9_19_S_1992_12_19.pdf,9,drilled cement,0.197163
15_9_19_S_1992_12_19.pdf,10,tested surface,0.186972
15_9_19_S_1992_12_19.pdf,11,bar mins,0.186972
15_9_19_S_1992_12_19.pdf,12,lines bar,0.177625
15_9_19_S_1992_12_19.pdf,13,reamed,0.175479
15_9_19_S_1992_12_19.pdf,14,mud weight,0.175307
15_9_19_S_1992_12_19.pdf,15,mins,0.161183
15_9_F_10_2009_04_07.pdf,1,stopped rotation,0.201882
15_9_F_10_2009_04_07.pdf,2,observe,0.172562
15_9_F_10_2009_04_07.pdf,3,rpm drilled,0.17116
15_9_F_10_2009_04_07.pdf,4,template,0.142581
15_9_F_10_2009_04_07.pdf,5,position,0.140138
15_9_F_10_2009_04_07.pdf,6,continued lpm,0.13809
15_9_F_10_2009_04_07.pdf,7,ton wob,0.13809
15_9_F_10_2009_04_07.pdf,8,stopped,0.136432
15_9_F_10_2009_04_07.pdf,9,rpm ton,0.134609
15_9_F_10_2009_04_07.pdf,10,survey inclination,0.134609
15_9_F_10_2009_04_07.pdf,11,knm took,0.134609
15_9_F_10_2009_04_07.pdf,12,straight,0.134609
15_9_F_10_2009_04_07.pdf,13,hivis pills,0.134609
15_9_F_10_2009_04_07.pdf,14,lpm rpm,0.134243
15_9_F_10_2009_04_07.pdf,15,foxhole,0.128934
15_9_F_10_2009_04_08.pdf,1,survey inclination,0.199739
15_9_F_10_2009_04_08.pdf,2,inclination deg,0.181678
15_9_F_10_2009_04_08.pdf,3,inclination,0.16628
15_9_F_10_2009_04_08.pdf,4,took survey,0.161367
15_9_F_10_2009_04_08.pdf,5,conductor,0.151857
15_9_F_10_2009_04_08.pdf,6,pumped hivis,0.148254
15_9_F_10_2009_04_08.pdf,7,hivis,0.143044
15_9_F_10_2009_04_08.pdf,8,deg,0.138141
15_9_F_10_2009_04_08.pdf,9,holeopener,0.133071
15_9_F_10_2009_04_08.pdf,10,shoe joint,0.126253
15_9_F_10_2009_04_08.pdf,11,wbm,0.123891
15_9_F_10_2009_04_08.pdf,12,wbm lpm,0.112661
15_9_F_10_2009_04_08.pdf,13,ton wob,0.112661
15_9_F_10_2009_04_08.pdf,14,rpm ton,0.109821
15_9_F_10_2009_04_08.pdf,15,talk rigged,0.109821
15_9_F_10_2009_04_09.pdf,1,weather meanwhile,0.232236
15_9_F_10_2009_04_09.pdf,2,waiting weather,0.211072
15_9_F_10_2009_04_09.pdf,3,weather,0.153015
15_9_F_10_2009_04_09.pdf,4,wave height,0.148448
15_9_F_10_2009_04_09.pdf,5,collars,0.145472
15_9_F_10_2009_04_09.pdf,6,waiting,0.145189
15_9_F_10_2009_04_09.pdf,7,wave,0.14219
15_9_F_10_2009_04_09.pdf,8,tension cylinder,0.139566
15_9_F_10_2009_04_09.pdf,9,conductor,0.13688
15_9_F_10_2009_04_09.pdf,10,cement stand,0.135137
15_9_F_10_2009_04_09.pdf,11,height,0.133032
15_9_F_10_2009_04_09.pdf,12,moon pool,0.11993
15_9_F_10_2009_04_09.pdf,13,pool,0.11993
15_9_F_10_2009_04_09.pdf,14,lpr,0.118823
15_9_F_10_2009_04_09.pdf,15,jar,0.118191
15_9_F_10_2009_04_10.pdf,1,weather meanwhile,0.144549
15_9_F_10_2009_04_10.pdf,2,ran conductor,0.131703
15_9_F_10_2009_04_10.pdf,3,conductor,0.130371
15_9_F_10_2009_04_10.pdf,4,inclinometer,0.130221
15_9_F_10_2009_04_10.pdf,5,adjacent wells,0.123556
15_9_F_10_2009_04_10.pdf,6,waiting weather,0.12289
15_9_F_10_2009_04_10.pdf,7,housing,0.121682
15_9_F_10_2009_04_10.pdf,8,issued,0.120441
15_9_F_10_2009_04_10.pdf,9,conductor housing,0.114936
15_9_F_10_2009_04_10.pdf,10,lcm,0.11346
15_9_F_10_2009_04_10.pdf,11,cart,0.112385
15_9_F_10_2009_04_10.pdf,12,installed plate,0.111308
15_9_F_10_2009_04_10.pdf,13,plate,0.110639
15_9_F_10_2009_04_10.pdf,14,mudpump,0.10955
15_9_F_10_2009_04_10.pdf,15,aluminium,0.10955
15_9_F_10_2009_04_11.pdf,1,cart,0.131146
15_9_F_10_2009_04_11.pdf,2,aluminium,0.121071
15_9_F_10_2009_04_11.pdf,3,worn,0.106967
15_9_F_10_2009_04_11.pdf,4,inclinometer,0.105148
15_9_F_10_2009_04_11.pdf,5,cleared drillfloor,0.105148
15_9_F_10_2009_04_11.pdf,6,sponge ball,0.10196
15_9_F_10_2009_04_11.pdf,7,coupling,0.10196
15_9_F_10_2009_04_11.pdf,8,cts,0.10061
15_9_F_10_2009_04_11.pdf,9,shoe cleaned,0.097818
15_9_F_10_2009_04_11.pdf,10,modified,0.096839
15_9_F_10_2009_04_11.pdf,11,conductor,0.096249
15_9_F_10_2009_04_11.pdf,12,plate,0.094752
15_9_F_10_2009_04_11.pdf,13,conductor housing,0.092806
15_9_F_10_2009_04_11.pdf,14,cleaned rathole,0.089668
15_9_F_10_2009_04_11.pdf,15,rov,0.08857
15_9_F_10_2009_04_12.pdf,1,knm secured,0.184068
15_9_F_10_2009_04_12.pdf,2,performed gmwd,0.16135
15_9_F_10_2009_04_12.pdf,3,gmwd survey,0.16116
15_9_F_10_2009_04_12.pdf,4,shot survey,0.156678
15_9_F_10_2009_04_12.pdf,5,gmwd,0.153072
15_9_F_10_2009_04_12.pdf,6,deck performed,0.14629
15_9_F_10_2009_04_12.pdf,7,singel,0.145691
15_9_F_10_2009_04_12.pdf,8,deg drilled,0.14241
15_9_F_10_2009_04_12.pdf,9,drilled parameters,0.135959
15_9_F_10_2009_04_12.pdf,10,wob torque,0.126559
15_9_F_10_2009_04_12.pdf,11,rpm wob,0.121802
15_9_F_10_2009_04_12.pdf,12,hivis,0.119316
15_9_F_10_2009_04_12.pdf,13,inclination,0.118554
15_9_F_10_2009_04_12.pdf,14,every singel,0.116584
15_9_F_10_2009_04_12.pdf,15,deg,0.11639
15_9_F_10_2009_04_13.pdf,1,slided parameters,0.219987
15_9_F_10_2009_04_13.pdf,2,drilled slided,0.219987
15_9_F_10_2009_04_13.pdf,3,gmwd,0.193755
15_9_F_10_2009_04_13.pdf,4,slided,0.186608
15_9_F_10_2009_04_13.pdf,5,pills stand,0.182477
15_9_F_10_2009_04_13.pdf,6,pumped hivis,0.168605
15_9_F_10_2009_04_13.pdf,7,hivis pills,0.166816
15_9_F_10_2009_04_13.pdf,8,knm secured,0.162856
15_9_F_10_2009_04_13.pdf,9,hivis,0.162679
15_9_F_10_2009_04_13.pdf,10,pooh gyro,0.150637
15_9_F_10_2009_04_13.pdf,11,wob torque,0.146483
15_9_F_10_2009_04_13.pdf,12,gmwd survey,0.142588
15_9_F_10_2009_04_13.pdf,13,perfomed,0.141984
15_9_F_10_2009_04_13.pdf,14,gyro,0.141354
15_9_F_10_2009_04_13.pdf,15,rpm wob,0.140976
15_9_F_10_2009_04_14.pdf,1,pills stand,0.226543
15_9_F_10_2009_04_14.pdf,2,drilled slided,0.223816
15_9_F_10_2009_04_14.pdf,3,slided parameters,0.218791
15_9_F_10_2009_04_14.pdf,4,survey every,0.214691
15_9_F_10_2009_04_14.pdf,5,hivis pills,0.2071
15_9_F_10_2009_04_14.pdf,6,every connection,0.202461
15_9_F_10_2009_04_14.pdf,7,pumped hivis,0.198369
15_9_F_10_2009_04_14.pdf,8,hivis,0.191397
15_9_F_10_2009_04_14.pdf,9,slided,0.189856
15_9_F_10_2009_04_14.pdf,10,rop performed,0.183005
15_9_F_10_2009_04_14.pdf,11,knm rop,0.167315
15_9_F_10_2009_04_14.pdf,12,pills,0.164292
15_9_F_10_2009_04_14.pdf,13,stand drilled,0.158913
15_9_F_10_2009_04_14.pdf,14,wob torque,0.145686
15_9_F_10_2009_04_14.pdf,15,mwd survey,0.14156
15_9_F_10_2009_04_15.pdf,1,skade,0.236253
15_9_F_10_2009_04_15.pdf,2,hivis pills,0.180349
15_9_F_10_2009_04_15.pdf,3,pumped hivis,0.172745
15_9_F_10_2009_04_15.pdf,4,pills stand,0.168628
15_9_F_10_2009_04_15.pdf,5,hivis,0.166674
15_9_F_10_2009_04_15.pdf,6,drilled slided,0.162857
15_9_F_10_2009_04_15.pdf,7,limited torque,0.158142
15_9_F_10_2009_04_15.pdf,8,sand,0.15729
15_9_F_10_2009_04_15.pdf,9,kcl mud,0.150138
15_9_F_10_2009_04_15.pdf,10,kcl,0.14711
15_9_F_10_2009_04_15.pdf,11,utsira,0.145193
15_9_F_10_2009_04_15.pdf,12,pills,0.14307
15_9_F_10_2009_04_15.pdf,13,rpm torque,0.139136
15_9_F_10_2009_04_15.pdf,14,slided,0.138146
15_9_F_10_2009_04_15.pdf,15,took overpull,0.131209
15_9_F_10_2009_04_16.pdf,1,adjacent wells,0.116351
15_9_F_10_2009_04_16.pdf,2,made connection,0.112938
15_9_F_10_2009_04_16.pdf,3,hydraulics,0.108636
15_9_F_10_2009_04_16.pdf,4,lafleur,0.106632
15_9_F_10_2009_04_16.pdf,5,gmwd,0.103162
15_9_F_10_2009_04_16.pdf,6,cts funnel,0.103162
15_9_F_10_2009_04_16.pdf,7,adjacent,0.101639
15_9_F_10_2009_04_16.pdf,8,wells,0.098917
15_9_F_10_2009_04_16.pdf,9,kcl mud,0.094419
15_9_F_10_2009_04_16.pdf,10,kcl,0.092515
15_9_F_10_2009_04_16.pdf,11,casing tong,0.089373
15_9_F_10_2009_04_16.pdf,12,n80 tenaris,0.088028
15_9_F_10_2009_04_16.pdf,13,rih n80,0.088028
15_9_F_10_2009_04_16.pdf,14,n80,0.088028
15_9_F_10_2009_04_16.pdf,15,tenaris,0.088028
15_9_F_10_2009_04_17.pdf,1,tenaris,0.236514
15_9_F_10_2009_04_17.pdf,2,n80,0.236514
15_9_F_10_2009_04_17.pdf,3,rih n80,0.236514
15_9_F_10_2009_04_17.pdf,4,tenaris casing,0.236514
15_9_F_10_2009_04_17.pdf,5,n80 tenaris,0.236514
15_9_F_10_2009_04_17.pdf,6,mud every,0.196224
15_9_F_10_2009_04_17.pdf,7,filled casing,0.17848
15_9_F_10_2009_04_17.pdf,8,casing filled,0.167015
15_9_F_10_2009_04_17.pdf,9,kcl mud,0.163353
15_9_F_10_2009_04_17.pdf,10,kcl,0.160059
15_9_F_10_2009_04_17.pdf,11,every joint,0.153028
15_9_F_10_2009_04_17.pdf,12,link tilt,0.131031
15_9_F_10_2009_04_17.pdf,13,link,0.118031
15_9_F_10_2009_04_17.pdf,14,tilt,0.118031
15_9_F_10_2009_04_17.pdf,15,isolated,0.109673
15_9_F_10_2009_04_18.pdf,1,cart,0.129292
15_9_F_10_2009_04_18.pdf,2,cup bar,0.112927
15_9_F_10_2009_04_18.pdf,3,string while,0.109614
15_9_F_10_2009_04_18.pdf,4,bottom wiper,0.107615
15_9_F_10_2009_04_18.pdf,5,cup,0.100127
15_9_F_10_2009_04_18.pdf,6,bar mixed,0.098649
15_9_F_10_2009_04_18.pdf,7,rotary installed,0.096006
15_9_F_10_2009_04_18.pdf,8,movement,0.094814
15_9_F_10_2009_04_18.pdf,9,set down,0.094266
15_9_F_10_2009_04_18.pdf,10,rih casing,0.094013
15_9_F_10_2009_04_18.pdf,11,split,0.092639
15_9_F_10_2009_04_18.pdf,12,lead,0.09164
15_9_F_10_2009_04_18.pdf,13,kcl mud,0.09164
15_9_F_10_2009_04_18.pdf,14,made casing,0.091017
15_9_F_10_2009_04_18.pdf,15,kcl,0.089792
15_9_F_10_2009_04_19.pdf,1,brought,0.141232
15_9_F_10_2009_04_19.pdf,2,adjacent wells,0.140597
15_9_F_10_2009_04_19.pdf,3,wells,0.12819
15_9_F_10_2009_04_19.pdf,4,adjacent,0.122819
15_9_F_10_2009_04_19.pdf,5,tbc,0.120955
15_9_F_10_2009_04_19.pdf,6,lift deck,0.116174
15_9_F_10_2009_04_19.pdf,7,running hpdr,0.113533
15_9_F_10_2009_04_19.pdf,8,double,0.111081
15_9_F_10_2009_04_19.pdf,9,simultaneous lift,0.10895
15_9_F_10_2009_04_19.pdf,10,crane tds,0.10895
15_9_F_10_2009_04_19.pdf,11,cup bar,0.10895
15_9_F_10_2009_04_19.pdf,12,tension cylinders,0.107649
15_9_F_10_2009_04_19.pdf,13,simultaneous,0.106203
15_9_F_10_2009_04_19.pdf,14,centralizer deck,0.104005
15_9_F_10_2009_04_19.pdf,15,cylinders,0.100843
15_9_F_10_2009_04_20.pdf,1,caps fairings,0.148452
15_9_F_10_2009_04_20.pdf,2,bolt caps,0.148452
15_9_F_10_2009_04_20.pdf,3,installed bolt,0.148452
15_9_F_10_2009_04_20.pdf,4,caps,0.137314
15_9_F_10_2009_04_20.pdf,5,rlgf,0.133338
15_9_F_10_2009_04_20.pdf,6,flange,0.130263
15_9_F_10_2009_04_20.pdf,7,lift deck,0.128897
15_9_F_10_2009_04_20.pdf,8,fairings,0.127065
15_9_F_10_2009_04_20.pdf,9,double,0.1263
15_9_F_10_2009_04_20.pdf,10,ran hpdr,0.124497
15_9_F_10_2009_04_20.pdf,11,bolt tensioner,0.124486
15_9_F_10_2009_04_20.pdf,12,double made,0.124486
15_9_F_10_2009_04_20.pdf,13,simultaneous lift,0.120882
15_9_F_10_2009_04_20.pdf,14,made riser,0.120882
15_9_F_10_2009_04_20.pdf,15,crane tds,0.120882
15_9_F_10_2009_04_21.pdf,1,nsp,0.17543
15_9_F_10_2009_04_21.pdf,2,tensioning,0.135718
15_9_F_10_2009_04_21.pdf,3,half,0.131486
15_9_F_10_2009_04_21.pdf,4,bop connector,0.12942
15_9_F_10_2009_04_21.pdf,5,claxton tool,0.117994
15_9_F_10_2009_04_21.pdf,6,tension cylinders,0.117847
15_9_F_10_2009_04_21.pdf,7,cylinders,0.117326
15_9_F_10_2009_04_21.pdf,8,claxton,0.117063
15_9_F_10_2009_04_21.pdf,9,die,0.114193
15_9_F_10_2009_04_21.pdf,10,tension,0.11093
15_9_F_10_2009_04_21.pdf,11,deck installed,0.107764
15_9_F_10_2009_04_21.pdf,12,planned,0.106426
15_9_F_10_2009_04_21.pdf,13,connector bar,0.106232
15_9_F_10_2009_04_21.pdf,14,pulling tool,0.105169
15_9_F_10_2009_04_21.pdf,15,centralizer,0.095909
15_9_F_10_2009_04_22.pdf,1,cement plugs,0.153344
15_9_F_10_2009_04_22.pdf,2,plugs,0.149549
15_9_F_10_2009_04_22.pdf,3,nsp,0.147154
15_9_F_10_2009_04_22.pdf,4,stand broke,0.134861
15_9_F_10_2009_04_22.pdf,5,repairs,0.128548
15_9_F_10_2009_04_22.pdf,6,broke laid,0.121094
15_9_F_10_2009_04_22.pdf,7,increasing,0.117007
15_9_F_10_2009_04_22.pdf,8,displaced obm,0.116586
15_9_F_10_2009_04_22.pdf,9,installed slips,0.113794
15_9_F_10_2009_04_22.pdf,10,mwd rih,0.108656
15_9_F_10_2009_04_22.pdf,11,bha made,0.107373
15_9_F_10_2009_04_22.pdf,12,slips rih,0.10613
15_9_F_10_2009_04_22.pdf,13,obm,0.102911
15_9_F_10_2009_04_22.pdf,14,torque knm,0.101811
15_9_F_10_2009_04_22.pdf,15,comprising,0.101778
15_9_F_10_2009_04_23.pdf,1,powerdrive,0.126679
15_9_F_10_2009_04_23.pdf,2,wob torque,0.125804
15_9_F_10_2009_04_23.pdf,3,knm ecd,0.125506
15_9_F_10_2009_04_23.pdf,4,mudweight,0.125146
15_9_F_10_2009_04_23.pdf,5,even mudweight,0.123699
15_9_F_10_2009_04_23.pdf,6,rpm wob,0.121074
15_9_F_10_2009_04_23.pdf,7,paramaters lpm,0.116046
15_9_F_10_2009_04_23.pdf,8,paramaters,0.116046
15_9_F_10_2009_04_23.pdf,9,torque knm,0.114913
15_9_F_10_2009_04_23.pdf,10,prior fit,0.113121
15_9_F_10_2009_04_23.pdf,11,slight,0.110587
15_9_F_10_2009_04_23.pdf,12,kelly cock,0.110587
15_9_F_10_2009_04_23.pdf,13,cock,0.110587
15_9_F_10_2009_04_23.pdf,14,spp bar,0.107452
15_9_F_10_2009_04_23.pdf,15,lpm spp,0.106232
15_9_F_10_2009_04_24.pdf,1,power drive,0.192922
15_9_F_10_2009_04_24.pdf,2,float,0.133349
15_9_F_10_2009_04_24.pdf,3,parameters min,0.126814
15_9_F_10_2009_04_24.pdf,4,pooh broke,0.126814
15_9_F_10_2009_04_24.pdf,5,rig tongs,0.125054
15_9_F_10_2009_04_24.pdf,6,power,0.117834
15_9_F_10_2009_04_24.pdf,7,established parameters,0.115429
15_9_F_10_2009_04_24.pdf,8,ton rop,0.113197
15_9_F_10_2009_04_24.pdf,9,min bar,0.11086
15_9_F_10_2009_04_24.pdf,10,drive,0.109476
15_9_F_10_2009_04_24.pdf,11,ton,0.108366
15_9_F_10_2009_04_24.pdf,12,tongs,0.106961
15_9_F_10_2009_04_24.pdf,13,wob ton,0.105925
15_9_F_10_2009_04_24.pdf,14,overpull worked,0.100405
15_9_F_10_2009_04_24.pdf,15,free rotation,0.100405
15_9_F_10_2009_04_25.pdf,1,ton rop,0.228902
15_9_F_10_2009_04_25.pdf,2,wob ton,0.214197
15_9_F_10_2009_04_25.pdf,3,drilled steared,0.193328
15_9_F_10_2009_04_25.pdf,4,drilled min,0.188069
15_9_F_10_2009_04_25.pdf,5,steared,0.186712
15_9_F_10_2009_04_25.pdf,6,alignment,0.17809
15_9_F_10_2009_04_25.pdf,7,rop drilled,0.17035
15_9_F_10_2009_04_25.pdf,8,emergency,0.163335
15_9_F_10_2009_04_25.pdf,9,switch,0.158382
15_9_F_10_2009_04_25.pdf,10,min bar,0.149455
15_9_F_10_2009_04_25.pdf,11,stands casing,0.148876
15_9_F_10_2009_04_25.pdf,12,malfunction,0.148876
15_9_F_10_2009_04_25.pdf,13,due problems,0.148733
15_9_F_10_2009_04_25.pdf,14,knm wob,0.148284
15_9_F_10_2009_04_25.pdf,15,ton,0.143836
15_9_F_10_2009_04_26.pdf,1,ton rop,0.23258
15_9_F_10_2009_04_26.pdf,2,drilled steared,0.224073
15_9_F_10_2009_04_26.pdf,3,wob ton,0.217638
15_9_F_10_2009_04_26.pdf,4,steared,0.216405
15_9_F_10_2009_04_26.pdf,5,cri,0.196607
15_9_F_10_2009_04_26.pdf,6,drilled min,0.18632
15_9_F_10_2009_04_26.pdf,7,plugging,0.179619
15_9_F_10_2009_04_26.pdf,8,circulated reciprocated,0.167709
15_9_F_10_2009_04_26.pdf,9,min bar,0.156689
15_9_F_10_2009_04_26.pdf,10,knm wob,0.150666
15_9_F_10_2009_04_26.pdf,11,stands casing,0.147491
15_9_F_10_2009_04_26.pdf,12,ton,0.146147
15_9_F_10_2009_04_26.pdf,13,rpm knm,0.1348
15_9_F_10_2009_04_26.pdf,14,elevator tilt,0.131245
15_9_F_10_2009_04_26.pdf,15,bar rpm,0.131203
15_9_F_10_2009_04_27.pdf,1,steered min,0.286034
15_9_F_10_2009_04_27.pdf,2,drilled steered,0.256912
15_9_F_10_2009_04_27.pdf,3,ton rop,0.25399
15_9_F_10_2009_04_27.pdf,4,wob ton,0.237673
15_9_F_10_2009_04_27.pdf,5,steered,0.206329
15_9_F_10_2009_04_27.pdf,6,cri,0.198903
15_9_F_10_2009_04_27.pdf,7,bottom due,0.19175
15_9_F_10_2009_04_27.pdf,8,drilled min,0.170015
15_9_F_10_2009_04_27.pdf,9,rop drilled,0.168397
15_9_F_10_2009_04_27.pdf,10,suction,0.167505
15_9_F_10_2009_04_27.pdf,11,knm wob,0.164536
15_9_F_10_2009_04_27.pdf,12,min bar,0.164409
15_9_F_10_2009_04_27.pdf,13,ton,0.1596
15_9_F_10_2009_04_27.pdf,14,off bottom,0.154735
15_9_F_10_2009_04_27.pdf,15,mud pumps,0.144586
15_9_F_10_2009_04_28.pdf,1,steered min,0.260725
15_9_F_10_2009_04_28.pdf,2,drilled steered,0.248879
15_9_F_10_2009_04_28.pdf,3,ton rop,0.220668
15_9_F_10_2009_04_28.pdf,4,wob ton,0.206492
15_9_F_10_2009_04_28.pdf,5,steered,0.199877
15_9_F_10_2009_04_28.pdf,6,mud loss,0.194862
15_9_F_10_2009_04_28.pdf,7,knm reciprocated,0.163195
15_9_F_10_2009_04_28.pdf,8,during circulation,0.154972
15_9_F_10_2009_04_28.pdf,9,min bar,0.154921
15_9_F_10_2009_04_28.pdf,10,knm wob,0.14295
15_9_F_10_2009_04_28.pdf,11,ton,0.138662
15_9_F_10_2009_04_28.pdf,12,picked off,0.13516
15_9_F_10_2009_04_28.pdf,13,loss,0.135117
15_9_F_10_2009_04_28.pdf,14,rpm knm,0.133279
15_9_F_10_2009_04_28.pdf,15,bar rpm,0.129723
15_9_F_10_2009_04_29.pdf,1,circulated while,0.193603
15_9_F_10_2009_04_29.pdf,2,knm reciprocated,0.18969
15_9_F_10_2009_04_29.pdf,3,min bar,0.185298
15_9_F_10_2009_04_29.pdf,4,while waiting,0.180132
15_9_F_10_2009_04_29.pdf,5,circulated bottom,0.178669
15_9_F_10_2009_04_29.pdf,6,ton over,0.177473
15_9_F_10_2009_04_29.pdf,7,bottom min,0.170263
15_9_F_10_2009_04_29.pdf,8,mixing,0.166661
15_9_F_10_2009_04_29.pdf,9,lcm pill,0.163687
15_9_F_10_2009_04_29.pdf,10,lcm,0.158087
15_9_F_10_2009_04_29.pdf,11,rpm knm,0.149859
15_9_F_10_2009_04_29.pdf,12,pumped lcm,0.148239
15_9_F_10_2009_04_29.pdf,13,bar rpm,0.145861
15_9_F_10_2009_04_29.pdf,14,steps,0.145532
15_9_F_10_2009_04_29.pdf,15,over pull,0.144568
15_9_F_10_2009_04_30.pdf,1,circulated bottom,0.204535
15_9_F_10_2009_04_30.pdf,2,back reamed,0.176194
15_9_F_10_2009_04_30.pdf,3,power drive,0.17062
15_9_F_10_2009_04_30.pdf,4,pumped min,0.161504
15_9_F_10_2009_04_30.pdf,5,min bar,0.158432
15_9_F_10_2009_04_30.pdf,6,took ton,0.149258
15_9_F_10_2009_04_30.pdf,7,over pull,0.13793
15_9_F_10_2009_04_30.pdf,8,reaming,0.13445
15_9_F_10_2009_04_30.pdf,9,loss,0.12808
15_9_F_10_2009_04_30.pdf,10,observed increase,0.117555
15_9_F_10_2009_04_30.pdf,11,displaced slug,0.117555
15_9_F_10_2009_04_30.pdf,12,checked static,0.117134
15_9_F_10_2009_04_30.pdf,13,level,0.116392
15_9_F_10_2009_04_30.pdf,14,rpm knm,0.114858
15_9_F_10_2009_04_30.pdf,15,without pumping,0.112025
15_9_F_10_2009_05_01.pdf,1,wear bushing,0.14225
15_9_F_10_2009_05_01.pdf,2,washpipe,0.139188
15_9_F_10_2009_05_01.pdf,3,wear,0.137296
15_9_F_10_2009_05_01.pdf,4,cleaned rigfloor,0.136804
15_9_F_10_2009_05_01.pdf,5,prior pull,0.131566
15_9_F_10_2009_05_01.pdf,6,pulling tool,0.119109
15_9_F_10_2009_05_01.pdf,7,stand hwdp,0.116497
15_9_F_10_2009_05_01.pdf,8,tally,0.113056
15_9_F_10_2009_05_01.pdf,9,jetted,0.109134
15_9_F_10_2009_05_01.pdf,10,box talk,0.108701
15_9_F_10_2009_05_01.pdf,11,rigfloor,0.108248
15_9_F_10_2009_05_01.pdf,12,drift,0.107394
15_9_F_10_2009_05_01.pdf,13,cleared cleaned,0.10657
15_9_F_10_2009_05_01.pdf,14,set back,0.104259
15_9_F_10_2009_05_01.pdf,15,bushing,0.104055
15_9_F_10_2009_05_02.pdf,1,tesco,0.199055
15_9_F_10_2009_05_02.pdf,2,rih stands,0.192962
15_9_F_10_2009_05_02.pdf,3,stands casing,0.184826
15_9_F_10_2009_05_02.pdf,4,prior operations,0.180421
15_9_F_10_2009_05_02.pdf,5,filled casing,0.175513
15_9_F_10_2009_05_02.pdf,6,job safety,0.16829
15_9_F_10_2009_05_02.pdf,7,forward prs,0.161242
15_9_F_10_2009_05_02.pdf,8,personnel prior,0.157983
15_9_F_10_2009_05_02.pdf,9,safety meeting,0.154453
15_9_F_10_2009_05_02.pdf,10,casing held,0.150023
15_9_F_10_2009_05_02.pdf,11,circulated casing,0.141803
15_9_F_10_2009_05_02.pdf,12,meeting involved,0.127584
15_9_F_10_2009_05_02.pdf,13,involved personnel,0.126578
15_9_F_10_2009_05_02.pdf,14,safety,0.125647
15_9_F_10_2009_05_02.pdf,15,troubleshot,0.125434
15_9_F_10_2009_05_03.pdf,1,gradually increased,0.20557
15_9_F_10_2009_05_03.pdf,2,casing string,0.181879
15_9_F_10_2009_05_03.pdf,3,worked casing,0.170356
15_9_F_10_2009_05_03.pdf,4,casing down,0.168551
15_9_F_10_2009_05_03.pdf,5,gradually,0.16841
15_9_F_10_2009_05_03.pdf,6,circulation gradually,0.164682
15_9_F_10_2009_05_03.pdf,7,increased rate,0.135434
15_9_F_10_2009_05_03.pdf,8,off casing,0.132011
15_9_F_10_2009_05_03.pdf,9,casing lpm,0.128683
15_9_F_10_2009_05_03.pdf,10,packed off,0.126695
15_9_F_10_2009_05_03.pdf,11,pass through,0.1258
15_9_F_10_2009_05_03.pdf,12,down pumps,0.118926
15_9_F_10_2009_05_03.pdf,13,down lpm,0.116146
15_9_F_10_2009_05_03.pdf,14,packed,0.115536
15_9_F_10_2009_05_03.pdf,15,coupling,0.115319
15_9_F_10_2009_05_04.pdf,1,circulation gradually,0.17146
15_9_F_10_2009_05_04.pdf,2,gradually increased,0.17146
15_9_F_10_2009_05_04.pdf,3,down casing,0.142404
15_9_F_10_2009_05_04.pdf,4,gradually,0.140467
15_9_F_10_2009_05_04.pdf,5,cementing,0.139281
15_9_F_10_2009_05_04.pdf,6,casing lpm,0.13398
15_9_F_10_2009_05_04.pdf,7,bar washed,0.133413
15_9_F_10_2009_05_04.pdf,8,spacer rig,0.130978
15_9_F_10_2009_05_04.pdf,9,tesco,0.130978
15_9_F_10_2009_05_04.pdf,10,personnel prior,0.128331
15_9_F_10_2009_05_04.pdf,11,rig pumps,0.123271
15_9_F_10_2009_05_04.pdf,12,job safety,0.116849
15_9_F_10_2009_05_04.pdf,13,lpm displaced,0.116849
15_9_F_10_2009_05_04.pdf,14,increased rate,0.112962
15_9_F_10_2009_05_04.pdf,15,bar circulated,0.110383
15_9_F_10_2009_05_05.pdf,1,prior operations,0.184492
15_9_F_10_2009_05_05.pdf,2,personnel prior,0.161547
15_9_F_10_2009_05_05.pdf,3,job safety,0.147094
15_9_F_10_2009_05_05.pdf,4,safety meeting,0.135
15_9_F_10_2009_05_05.pdf,5,meeting involved,0.130463
15_9_F_10_2009_05_05.pdf,6,involved personnel,0.129434
15_9_F_10_2009_05_05.pdf,7,padrt,0.121865
15_9_F_10_2009_05_05.pdf,8,involved,0.116009
15_9_F_10_2009_05_05.pdf,9,personnel,0.1136
15_9_F_10_2009_05_05.pdf,10,down pumps,0.112624
15_9_F_10_2009_05_05.pdf,11,safety,0.109822
15_9_F_10_2009_05_05.pdf,12,operations,0.109652
15_9_F_10_2009_05_05.pdf,13,tidied rig,0.104964
15_9_F_10_2009_05_05.pdf,14,held pre,0.104747
15_9_F_10_2009_05_05.pdf,15,pressure increase,0.096674
15_9_F_10_2009_05_06.pdf,1,personnel prior,0.192615
15_9_F_10_2009_05_06.pdf,2,job safety,0.175382
15_9_F_10_2009_05_06.pdf,3,safety meeting,0.160962
15_9_F_10_2009_05_06.pdf,4,prior operations,0.158942
15_9_F_10_2009_05_06.pdf,5,meeting involved,0.155553
15_9_F_10_2009_05_06.pdf,6,involved personnel,0.154326
15_9_F_10_2009_05_06.pdf,7,involved,0.13832
15_9_F_10_2009_05_06.pdf,8,ltr,0.136065
15_9_F_10_2009_05_06.pdf,9,personnel,0.135447
15_9_F_10_2009_05_06.pdf,10,safety,0.130942
15_9_F_10_2009_05_06.pdf,11,stand derrick,0.128405
15_9_F_10_2009_05_06.pdf,12,tidied rig,0.12515
15_9_F_10_2009_05_06.pdf,13,held pre,0.124892
15_9_F_10_2009_05_06.pdf,14,arc,0.123672
15_9_F_10_2009_05_06.pdf,15,bha filled,0.11971
15_9_F_10_2009_05_07.pdf,1,knm tons,0.188607
15_9_F_10_2009_05_07.pdf,2,tons wob,0.17242
15_9_F_10_2009_05_07.pdf,3,free rotating,0.164928
15_9_F_10_2009_05_07.pdf,4,tons rpm,0.14952
15_9_F_10_2009_05_07.pdf,5,wob tons,0.14952
15_9_F_10_2009_05_07.pdf,6,tons,0.14761
15_9_F_10_2009_05_07.pdf,7,torq,0.146233
15_9_F_10_2009_05_07.pdf,8,stands derrick,0.145751
15_9_F_10_2009_05_07.pdf,9,emw rop,0.139606
15_9_F_10_2009_05_07.pdf,10,drilled lpm,0.138474
15_9_F_10_2009_05_07.pdf,11,emw,0.137652
15_9_F_10_2009_05_07.pdf,12,esd,0.133839
15_9_F_10_2009_05_07.pdf,13,ecd emw,0.121336
15_9_F_10_2009_05_07.pdf,14,bar wob,0.115623
15_9_F_10_2009_05_07.pdf,15,casing shoe,0.114585
15_9_F_10_2009_05_08.pdf,1,drawwork,0.191817
15_9_F_10_2009_05_08.pdf,2,xceed,0.179507
15_9_F_10_2009_05_08.pdf,3,stands derrick,0.162148
15_9_F_10_2009_05_08.pdf,4,tbt prior,0.138598
15_9_F_10_2009_05_08.pdf,5,investigated problem,0.135493
15_9_F_10_2009_05_08.pdf,6,problem,0.131801
15_9_F_10_2009_05_08.pdf,7,stands,0.116814
15_9_F_10_2009_05_08.pdf,8,prior pooh,0.114188
15_9_F_10_2009_05_08.pdf,9,bha filled,0.114188
15_9_F_10_2009_05_08.pdf,10,pooh wet,0.10721
15_9_F_10_2009_05_08.pdf,11,obtain,0.10476
15_9_F_10_2009_05_08.pdf,12,held tbt,0.10476
15_9_F_10_2009_05_08.pdf,13,tbt,0.104163
15_9_F_10_2009_05_08.pdf,14,motor,0.102378
15_9_F_10_2009_05_08.pdf,15,tons rpm,0.100882
15_9_F_10_2009_05_09.pdf,1,note hard,0.20964
15_9_F_10_2009_05_09.pdf,2,xceed,0.203938
15_9_F_10_2009_05_09.pdf,3,wob tons,0.196604
15_9_F_10_2009_05_09.pdf,4,tons rpm,0.196604
15_9_F_10_2009_05_09.pdf,5,stringers,0.195544
15_9_F_10_2009_05_09.pdf,6,drilled lpm,0.165069
15_9_F_10_2009_05_09.pdf,7,bar wob,0.152033
15_9_F_10_2009_05_09.pdf,8,note,0.14946
15_9_F_10_2009_05_09.pdf,9,ecd rop,0.145949
15_9_F_10_2009_05_09.pdf,10,wob parameters,0.139496
15_9_F_10_2009_05_09.pdf,11,hard formation,0.139496
15_9_F_10_2009_05_09.pdf,12,hard,0.138997
15_9_F_10_2009_05_09.pdf,13,reamed washed,0.13598
15_9_F_10_2009_05_09.pdf,14,inc,0.13598
15_9_F_10_2009_05_09.pdf,15,tons,0.135609
15_9_F_10_2009_05_10.pdf,1,wob tons,0.259078
15_9_F_10_2009_05_10.pdf,2,tons rpm,0.259078
15_9_F_10_2009_05_10.pdf,3,wob parameters,0.259078
15_9_F_10_2009_05_10.pdf,4,stringers,0.257681
15_9_F_10_2009_05_10.pdf,5,different,0.229711
15_9_F_10_2009_05_10.pdf,6,drilled lpm,0.217522
15_9_F_10_2009_05_10.pdf,7,bar wob,0.200344
15_9_F_10_2009_05_10.pdf,8,note,0.196953
15_9_F_10_2009_05_10.pdf,9,note hard,0.196012
15_9_F_10_2009_05_10.pdf,10,ecd rop,0.192326
15_9_F_10_2009_05_10.pdf,11,hard formation,0.183823
15_9_F_10_2009_05_10.pdf,12,hard,0.183165
15_9_F_10_2009_05_10.pdf,13,tons,0.178701
15_9_F_10_2009_05_10.pdf,14,knm ecd,0.171869
15_9_F_10_2009_05_10.pdf,15,hrs drilled,0.171635
15_9_F_10_2009_05_11.pdf,1,drawwork,0.166683
15_9_F_10_2009_05_11.pdf,2,wob parameters,0.146159
15_9_F_10_2009_05_11.pdf,3,hard formation,0.146159
15_9_F_10_2009_05_11.pdf,4,wob tons,0.146159
15_9_F_10_2009_05_11.pdf,5,tons rpm,0.146159
15_9_F_10_2009_05_11.pdf,6,prior pooh,0.137327
15_9_F_10_2009_05_11.pdf,7,note,0.129991
15_9_F_10_2009_05_11.pdf,8,different,0.129592
15_9_F_10_2009_05_11.pdf,9,drilled lpm,0.122716
15_9_F_10_2009_05_11.pdf,10,tight area,0.122492
15_9_F_10_2009_05_11.pdf,11,inside shoe,0.1199
15_9_F_10_2009_05_11.pdf,12,bar wob,0.113024
15_9_F_10_2009_05_11.pdf,13,minor,0.112286
15_9_F_10_2009_05_11.pdf,14,pooh wet,0.110209
15_9_F_10_2009_05_11.pdf,15,ecd rop,0.108501
15_9_F_10_2009_05_12.pdf,1,weight washed,0.142829
15_9_F_10_2009_05_12.pdf,2,flowrate,0.131038
15_9_F_10_2009_05_12.pdf,3,ton down,0.124604
15_9_F_10_2009_05_12.pdf,4,bha took,0.124604
15_9_F_10_2009_05_12.pdf,5,also,0.117794
15_9_F_10_2009_05_12.pdf,6,triptank,0.114222
15_9_F_10_2009_05_12.pdf,7,slowly,0.106148
15_9_F_10_2009_05_12.pdf,8,lcm pill,0.10535
15_9_F_10_2009_05_12.pdf,9,bha filled,0.105011
15_9_F_10_2009_05_12.pdf,10,washed reamed,0.104583
15_9_F_10_2009_05_12.pdf,11,took weight,0.102568
15_9_F_10_2009_05_12.pdf,12,initial,0.101957
15_9_F_10_2009_05_12.pdf,13,lcm,0.101746
15_9_F_10_2009_05_12.pdf,14,loss,0.101081
15_9_F_10_2009_05_12.pdf,15,deep,0.095541
15_9_F_10_2009_05_13.pdf,1,bar spm,0.286777
15_9_F_10_2009_05_13.pdf,2,spm bar,0.28644
15_9_F_10_2009_05_13.pdf,3,spm,0.233648
15_9_F_10_2009_05_13.pdf,4,mmd,0.189053
15_9_F_10_2009_05_13.pdf,5,washed reamed,0.18169
15_9_F_10_2009_05_13.pdf,6,parameters lpm,0.144198
15_9_F_10_2009_05_13.pdf,7,mmd mmd,0.142766
15_9_F_10_2009_05_13.pdf,8,mmd mtvd,0.142766
15_9_F_10_2009_05_13.pdf,9,bar established,0.139167
15_9_F_10_2009_05_13.pdf,10,parameters,0.138056
15_9_F_10_2009_05_13.pdf,11,mtvd,0.13605
15_9_F_10_2009_05_13.pdf,12,tendency,0.13605
15_9_F_10_2009_05_13.pdf,13,stringer,0.1333
15_9_F_10_2009_05_13.pdf,14,packing,0.13084
15_9_F_10_2009_05_13.pdf,15,pressure observed,0.13084
15_9_F_10_2009_05_14.pdf,1,note hard,0.165798
15_9_F_10_2009_05_14.pdf,2,knm rpm,0.140076
15_9_F_10_2009_05_14.pdf,3,ton rop,0.137863
15_9_F_10_2009_05_14.pdf,4,hard formation,0.132905
15_9_F_10_2009_05_14.pdf,5,spot max,0.132905
15_9_F_10_2009_05_14.pdf,6,ton ton,0.132905
15_9_F_10_2009_05_14.pdf,7,rpm ton,0.129555
15_9_F_10_2009_05_14.pdf,8,max ton,0.129555
15_9_F_10_2009_05_14.pdf,9,wob ton,0.129007
15_9_F_10_2009_05_14.pdf,10,rop ecd,0.127553
15_9_F_10_2009_05_14.pdf,11,tight spot,0.127321
15_9_F_10_2009_05_14.pdf,12,ton,0.126947
15_9_F_10_2009_05_14.pdf,13,ton down,0.126653
15_9_F_10_2009_05_14.pdf,14,stringer,0.124093
15_9_F_10_2009_05_14.pdf,15,torque readings,0.119731
15_9_F_10_2009_05_15.pdf,1,tbt prior,0.167079
15_9_F_10_2009_05_15.pdf,2,focus,0.167079
15_9_F_10_2009_05_15.pdf,3,rih liner,0.143811
15_9_F_10_2009_05_15.pdf,4,liner,0.137287
15_9_F_10_2009_05_15.pdf,5,red,0.134268
15_9_F_10_2009_05_15.pdf,6,rearranged,0.1299
15_9_F_10_2009_05_15.pdf,7,initial,0.1299
15_9_F_10_2009_05_15.pdf,8,liner surface,0.128844
15_9_F_10_2009_05_15.pdf,9,fingerboard,0.127982
15_9_F_10_2009_05_15.pdf,10,prior pooh,0.117661
15_9_F_10_2009_05_15.pdf,11,stuck,0.1096
15_9_F_10_2009_05_15.pdf,12,tbt,0.107331
15_9_F_10_2009_05_15.pdf,13,sorted,0.103951
15_9_F_10_2009_05_15.pdf,14,collar,0.103351
15_9_F_10_2009_05_15.pdf,15,esd system,0.10133
15_9_F_10_2009_05_16.pdf,1,rih liner,0.143924
15_9_F_10_2009_05_16.pdf,2,increased flowrate,0.140341
15_9_F_10_2009_05_16.pdf,3,flowrate,0.137764
15_9_F_10_2009_05_16.pdf,4,ball seat,0.124894
15_9_F_10_2009_05_16.pdf,5,liner filled,0.119958
15_9_F_10_2009_05_16.pdf,6,liner surface,0.116485
15_9_F_10_2009_05_16.pdf,7,ton ton,0.116485
15_9_F_10_2009_05_16.pdf,8,liner,0.111477
15_9_F_10_2009_05_16.pdf,9,stepwise,0.111005
15_9_F_10_2009_05_16.pdf,10,hanger assy,0.111005
15_9_F_10_2009_05_16.pdf,11,ton,0.108671
15_9_F_10_2009_05_16.pdf,12,total pumped,0.106755
15_9_F_10_2009_05_16.pdf,13,weight ton,0.106755
15_9_F_10_2009_05_16.pdf,14,ball,0.106058
15_9_F_10_2009_05_16.pdf,15,every stands,0.104939
15_9_F_10_2009_05_17.pdf,1,jetsub,0.139455
15_9_F_10_2009_05_17.pdf,2,cement head,0.126719
15_9_F_10_2009_05_17.pdf,3,backflow,0.119416
15_9_F_10_2009_05_17.pdf,4,none,0.113593
15_9_F_10_2009_05_17.pdf,5,after strokes,0.111297
15_9_F_10_2009_05_17.pdf,6,tsp packer,0.111297
15_9_F_10_2009_05_17.pdf,7,liner hanger,0.11096
15_9_F_10_2009_05_17.pdf,8,pooh liner,0.10944
15_9_F_10_2009_05_17.pdf,9,tsp,0.109243
15_9_F_10_2009_05_17.pdf,10,strokes,0.105154
15_9_F_10_2009_05_17.pdf,11,catwalk,0.10134
15_9_F_10_2009_05_17.pdf,12,stroke,0.100081
15_9_F_10_2009_05_17.pdf,13,dart,0.099897
15_9_F_10_2009_05_17.pdf,14,head pooh,0.09788
15_9_F_10_2009_05_17.pdf,15,test liner,0.096073
15_9_F_10_2009_05_18.pdf,1,rtts assy,0.207172
15_9_F_10_2009_05_18.pdf,2,entire,0.168198
15_9_F_10_2009_05_18.pdf,3,rtts,0.154215
15_9_F_10_2009_05_18.pdf,4,tbt prior,0.153332
15_9_F_10_2009_05_18.pdf,5,test liner,0.144157
15_9_F_10_2009_05_18.pdf,6,ton down,0.128127
15_9_F_10_2009_05_18.pdf,7,rih rtts,0.124994
15_9_F_10_2009_05_18.pdf,8,confirmed line,0.121125
15_9_F_10_2009_05_18.pdf,9,bar pressured,0.121125
15_9_F_10_2009_05_18.pdf,10,washpipe,0.119212
15_9_F_10_2009_05_18.pdf,11,woc,0.118077
15_9_F_10_2009_05_18.pdf,12,drift,0.117672
15_9_F_10_2009_05_18.pdf,13,pressured bar,0.114237
15_9_F_10_2009_05_18.pdf,14,rtts packer,0.110297
15_9_F_10_2009_05_18.pdf,15,assy,0.105694
15_9_F_10_2009_05_19.pdf,1,top plug,0.146653
15_9_F_10_2009_05_19.pdf,2,plug cement,0.145279
15_9_F_10_2009_05_19.pdf,3,pooh rtts,0.141375
15_9_F_10_2009_05_19.pdf,4,ton rop,0.141375
15_9_F_10_2009_05_19.pdf,5,cement parameters,0.132855
15_9_F_10_2009_05_19.pdf,6,telescope,0.132855
15_9_F_10_2009_05_19.pdf,7,wob ton,0.132293
15_9_F_10_2009_05_19.pdf,8,bha filled,0.128055
15_9_F_10_2009_05_19.pdf,9,soft cement,0.11986
15_9_F_10_2009_05_19.pdf,10,stand derrick,0.117406
15_9_F_10_2009_05_19.pdf,11,soft,0.111913
15_9_F_10_2009_05_19.pdf,12,which,0.111805
15_9_F_10_2009_05_19.pdf,13,ton,0.110893
15_9_F_10_2009_05_19.pdf,14,rtts,0.110642
15_9_F_10_2009_05_19.pdf,15,rih bha,0.109618
15_9_F_10_2009_05_20.pdf,1,ton rop,0.20175
15_9_F_10_2009_05_20.pdf,2,wob ton,0.195717
15_9_F_10_2009_05_20.pdf,3,rop drilled,0.15464
15_9_F_10_2009_05_20.pdf,4,soft cement,0.14921
15_9_F_10_2009_05_20.pdf,5,soft,0.139317
15_9_F_10_2009_05_20.pdf,6,fit,0.136771
15_9_F_10_2009_05_20.pdf,7,cement shoe,0.136746
15_9_F_10_2009_05_20.pdf,8,knm wob,0.135491
15_9_F_10_2009_05_20.pdf,9,parameters lpm,0.13509
15_9_F_10_2009_05_20.pdf,10,ton,0.131426
15_9_F_10_2009_05_20.pdf,11,parameters,0.123863
15_9_F_10_2009_05_20.pdf,12,shoe track,0.116422
15_9_F_10_2009_05_20.pdf,13,lcm,0.116106
15_9_F_10_2009_05_20.pdf,14,performed fit,0.11304
15_9_F_10_2009_05_20.pdf,15,rpm knm,0.111979
15_9_F_10_2009_05_21.pdf,1,spm bar,0.326926
15_9_F_10_2009_05_21.pdf,2,bar spm,0.326092
15_9_F_10_2009_05_21.pdf,3,spm,0.266672
15_9_F_10_2009_05_21.pdf,4,ton rop,0.229174
15_9_F_10_2009_05_21.pdf,5,wob ton,0.214451
15_9_F_10_2009_05_21.pdf,6,rop ecd,0.212035
15_9_F_10_2009_05_21.pdf,7,drilled parameters,0.203553
15_9_F_10_2009_05_21.pdf,8,mmd mtvd,0.200293
15_9_F_10_2009_05_21.pdf,9,mtvd,0.19087
15_9_F_10_2009_05_21.pdf,10,bar drilled,0.174968
15_9_F_10_2009_05_21.pdf,11,mmd,0.160858
15_9_F_10_2009_05_21.pdf,12,knm wob,0.14846
15_9_F_10_2009_05_21.pdf,13,scr,0.146503
15_9_F_10_2009_05_21.pdf,14,parameters,0.145012
15_9_F_10_2009_05_21.pdf,15,ton,0.144007
15_9_F_10_2009_05_22.pdf,1,limited torque,0.212727
15_9_F_10_2009_05_22.pdf,2,ton rop,0.188614
15_9_F_10_2009_05_22.pdf,3,penetration,0.18583
15_9_F_10_2009_05_22.pdf,4,survey connections,0.180851
15_9_F_10_2009_05_22.pdf,5,stick slip,0.178606
15_9_F_10_2009_05_22.pdf,6,perfomed,0.176497
15_9_F_10_2009_05_22.pdf,7,wob ton,0.176497
15_9_F_10_2009_05_22.pdf,8,rop ecd,0.174509
15_9_F_10_2009_05_22.pdf,9,limited,0.174509
15_9_F_10_2009_05_22.pdf,10,parameters,0.17389
15_9_F_10_2009_05_22.pdf,11,rop,0.172165
15_9_F_10_2009_05_22.pdf,12,rop drilled,0.170844
15_9_F_10_2009_05_22.pdf,13,drilled section,0.170556
15_9_F_10_2009_05_22.pdf,14,drilled parameters,0.167528
15_9_F_10_2009_05_22.pdf,15,parameters lpm,0.166498
15_9_F_10_2009_05_23.pdf,1,limited torque,0.274673
15_9_F_10_2009_05_23.pdf,2,penetration,0.239943
15_9_F_10_2009_05_23.pdf,3,stick slip,0.230616
15_9_F_10_2009_05_23.pdf,4,limited,0.225326
15_9_F_10_2009_05_23.pdf,5,stick,0.212403
15_9_F_10_2009_05_23.pdf,6,rop hrs,0.21057
15_9_F_10_2009_05_23.pdf,7,ecd rop,0.203903
15_9_F_10_2009_05_23.pdf,8,drilled section,0.194288
15_9_F_10_2009_05_23.pdf,9,section parameters,0.190595
15_9_F_10_2009_05_23.pdf,10,wob torque,0.188349
15_9_F_10_2009_05_23.pdf,11,knm ecd,0.182214
15_9_F_10_2009_05_23.pdf,12,rpm wob,0.181269
15_9_F_10_2009_05_23.pdf,13,survey connection,0.175571
15_9_F_10_2009_05_23.pdf,14,slip,0.162436
15_9_F_10_2009_05_23.pdf,15,torque knm,0.162436
15_9_F_10_2009_05_24.pdf,1,limited torque,0.128113
15_9_F_10_2009_05_24.pdf,2,manual tongs,0.124884
15_9_F_10_2009_05_24.pdf,3,bha tripping,0.124884
15_9_F_10_2009_05_24.pdf,4,telescope,0.124884
15_9_F_10_2009_05_24.pdf,5,using manual,0.117411
15_9_F_10_2009_05_24.pdf,6,powerdrive,0.116143
15_9_F_10_2009_05_24.pdf,7,penetration,0.111915
15_9_F_10_2009_05_24.pdf,8,stick slip,0.107564
15_9_F_10_2009_05_24.pdf,9,made stand,0.105097
15_9_F_10_2009_05_24.pdf,10,limited,0.105097
15_9_F_10_2009_05_24.pdf,11,stand hwdp,0.103964
15_9_F_10_2009_05_24.pdf,12,decision,0.103257
15_9_F_10_2009_05_24.pdf,13,stick,0.09907
15_9_F_10_2009_05_24.pdf,14,rop hrs,0.098214
15_9_F_10_2009_05_24.pdf,15,ecd rop,0.095105
15_9_F_10_2009_05_25.pdf,1,filled rih,0.20278
15_9_F_10_2009_05_25.pdf,2,tds filled,0.198608
15_9_F_10_2009_05_25.pdf,3,made tds,0.158728
15_9_F_10_2009_05_25.pdf,4,speed hrs,0.152921
15_9_F_10_2009_05_25.pdf,5,stick slip,0.130711
15_9_F_10_2009_05_25.pdf,6,bha made,0.129168
15_9_F_10_2009_05_25.pdf,7,perfomed,0.129168
15_9_F_10_2009_05_25.pdf,8,knm rop,0.122603
15_9_F_10_2009_05_25.pdf,9,stick,0.120388
15_9_F_10_2009_05_25.pdf,10,tripping speed,0.117815
15_9_F_10_2009_05_25.pdf,11,mwd survey,0.11739
15_9_F_10_2009_05_25.pdf,12,tripping,0.114053
15_9_F_10_2009_05_25.pdf,13,rih bha,0.112778
15_9_F_10_2009_05_25.pdf,14,section parameters,0.108028
15_9_F_10_2009_05_25.pdf,15,torque knm,0.107711
15_9_F_10_2009_05_26.pdf,1,blower,0.18996
15_9_F_10_2009_05_26.pdf,2,blower hose,0.18996
15_9_F_10_2009_05_26.pdf,3,temporary,0.154732
15_9_F_10_2009_05_26.pdf,4,tendency,0.154732
15_9_F_10_2009_05_26.pdf,5,centre,0.154732
15_9_F_10_2009_05_26.pdf,6,knm rop,0.149598
15_9_F_10_2009_05_26.pdf,7,powerdrive,0.1472
15_9_F_10_2009_05_26.pdf,8,picked off,0.146895
15_9_F_10_2009_05_26.pdf,9,air,0.144409
15_9_F_10_2009_05_26.pdf,10,support,0.141841
15_9_F_10_2009_05_26.pdf,11,left hand,0.139873
15_9_F_10_2009_05_26.pdf,12,survey connections,0.138041
15_9_F_10_2009_05_26.pdf,13,drilled section,0.135539
15_9_F_10_2009_05_26.pdf,14,right,0.131813
15_9_F_10_2009_05_26.pdf,15,section parameters,0.131813
15_9_F_10_2009_05_27.pdf,1,dds,0.159844
15_9_F_10_2009_05_27.pdf,2,dds instructions,0.159844
15_9_F_10_2009_05_27.pdf,3,according dds,0.159844
15_9_F_10_2009_05_27.pdf,4,knm rop,0.152766
15_9_F_10_2009_05_27.pdf,5,rop hrs,0.148711
15_9_F_10_2009_05_27.pdf,6,survey connection,0.147724
15_9_F_10_2009_05_27.pdf,7,downlinked powerdrive,0.142444
15_9_F_10_2009_05_27.pdf,8,connection downlinked,0.140163
15_9_F_10_2009_05_27.pdf,9,downlinked,0.137503
15_9_F_10_2009_05_27.pdf,10,cuttings skips,0.136629
15_9_F_10_2009_05_27.pdf,11,powerdrive,0.136274
15_9_F_10_2009_05_27.pdf,12,powerdrive according,0.136051
15_9_F_10_2009_05_27.pdf,13,right hand,0.133068
15_9_F_10_2009_05_27.pdf,14,dci,0.131693
15_9_F_10_2009_05_27.pdf,15,skips,0.128454
15_9_F_10_2009_05_28.pdf,1,dci,0.176771
15_9_F_10_2009_05_28.pdf,2,spare,0.157059
15_9_F_10_2009_05_28.pdf,3,med,0.150719
15_9_F_10_2009_05_28.pdf,4,flange,0.150405
15_9_F_10_2009_05_28.pdf,5,dds,0.14692
15_9_F_10_2009_05_28.pdf,6,dds instructions,0.14692
15_9_F_10_2009_05_28.pdf,7,according dds,0.14692
15_9_F_10_2009_05_28.pdf,8,parts,0.140117
15_9_F_10_2009_05_28.pdf,9,alarm,0.138128
15_9_F_10_2009_05_28.pdf,10,connections downlinked,0.135779
15_9_F_10_2009_05_28.pdf,11,mudpump,0.133635
15_9_F_10_2009_05_28.pdf,12,survey connections,0.128135
15_9_F_10_2009_05_28.pdf,13,powerdrive according,0.12505
15_9_F_10_2009_05_28.pdf,14,wob torque,0.120912
15_9_F_10_2009_05_28.pdf,15,knm rop,0.118695
15_9_F_10_2009_05_29.pdf,1,according dds,0.163151
15_9_F_10_2009_05_29.pdf,2,dds,0.163151
15_9_F_10_2009_05_29.pdf,3,dds instructions,0.163151
15_9_F_10_2009_05_29.pdf,4,gearbox,0.160715
15_9_F_10_2009_05_29.pdf,5,connections downlinked,0.15078
15_9_F_10_2009_05_29.pdf,6,oil tds,0.145701
15_9_F_10_2009_05_29.pdf,7,tds gearbox,0.145701
15_9_F_10_2009_05_29.pdf,8,survey connections,0.142291
15_9_F_10_2009_05_29.pdf,9,downlinked powerdrive,0.139085
15_9_F_10_2009_05_29.pdf,10,mwd survey,0.139061
15_9_F_10_2009_05_29.pdf,11,powerdrive according,0.138865
15_9_F_10_2009_05_29.pdf,12,downlinked,0.13426
15_9_F_10_2009_05_29.pdf,13,knm rop,0.131808
15_9_F_10_2009_05_29.pdf,14,powerdrive,0.12407
15_9_F_10_2009_05_29.pdf,15,stuffing,0.117886
15_9_F_10_2009_05_30.pdf,1,pooh gyro,0.175023
15_9_F_10_2009_05_30.pdf,2,ewl,0.16196
15_9_F_10_2009_05_30.pdf,3,scientific,0.149603
15_9_F_10_2009_05_30.pdf,4,survey data,0.145272
15_9_F_10_2009_05_30.pdf,5,bha tripping,0.14161
15_9_F_10_2009_05_30.pdf,6,allowed mud,0.138437
15_9_F_10_2009_05_30.pdf,7,settle pooh,0.135639
15_9_F_10_2009_05_30.pdf,8,totco ring,0.133136
15_9_F_10_2009_05_30.pdf,9,pumprate,0.133136
15_9_F_10_2009_05_30.pdf,10,settle,0.130872
15_9_F_10_2009_05_30.pdf,11,totco,0.130872
15_9_F_10_2009_05_30.pdf,12,gyro,0.125903
15_9_F_10_2009_05_30.pdf,13,speed hrs,0.121971
15_9_F_10_2009_05_30.pdf,14,data,0.117927
15_9_F_10_2009_05_30.pdf,15,levels,0.117888
15_9_F_10_2009_05_31.pdf,1,telescope,0.18645
15_9_F_10_2009_05_31.pdf,2,gearbox,0.184111
15_9_F_10_2009_05_31.pdf,3,tds gearbox,0.184111
15_9_F_10_2009_05_31.pdf,4,xceed,0.169591
15_9_F_10_2009_05_31.pdf,5,test plug,0.160967
15_9_F_10_2009_05_31.pdf,6,broke racked,0.155801
15_9_F_10_2009_05_31.pdf,7,bop test,0.139855
15_9_F_10_2009_05_31.pdf,8,broke laid,0.134539
15_9_F_10_2009_05_31.pdf,9,brought,0.129998
15_9_F_10_2009_05_31.pdf,10,plug jet,0.119461
15_9_F_10_2009_05_31.pdf,11,sensor,0.119295
15_9_F_10_2009_05_31.pdf,12,back stand,0.117914
15_9_F_10_2009_05_31.pdf,13,powerdrive,0.114855
15_9_F_10_2009_05_31.pdf,14,tds pooh,0.113078
15_9_F_10_2009_05_31.pdf,15,encoder,0.110545
15_9_F_10_2009_06_01.pdf,1,filled rih,0.227155
15_9_F_10_2009_06_01.pdf,2,tds filled,0.196389
15_9_F_10_2009_06_01.pdf,3,bha made,0.193371
15_9_F_10_2009_06_01.pdf,4,made tds,0.162713
15_9_F_10_2009_06_01.pdf,5,hrs ecd,0.157196
15_9_F_10_2009_06_01.pdf,6,made hwdp,0.143705
15_9_F_10_2009_06_01.pdf,7,rih bha,0.132596
15_9_F_10_2009_06_01.pdf,8,made over,0.130711
15_9_F_10_2009_06_01.pdf,9,made stand,0.120936
15_9_F_10_2009_06_01.pdf,10,rpm torque,0.117587
15_9_F_10_2009_06_01.pdf,11,lpm lpm,0.117219
15_9_F_10_2009_06_01.pdf,12,link tilt,0.116798
15_9_F_10_2009_06_01.pdf,13,knm rop,0.116098
15_9_F_10_2009_06_01.pdf,14,filled string,0.114
15_9_F_10_2009_06_01.pdf,15,rop hrs,0.113016
15_9_F_10_2009_06_02.pdf,1,hrs ecd,0.177987
15_9_F_10_2009_06_02.pdf,2,link,0.174801
15_9_F_10_2009_06_02.pdf,3,according dds,0.162712
15_9_F_10_2009_06_02.pdf,4,dds,0.162712
15_9_F_10_2009_06_02.pdf,5,dds instructions,0.162712
15_9_F_10_2009_06_02.pdf,6,cylinder,0.161141
15_9_F_10_2009_06_02.pdf,7,link tilt,0.150374
15_9_F_10_2009_06_02.pdf,8,xceed,0.147999
15_9_F_10_2009_06_02.pdf,9,tilt,0.135455
15_9_F_10_2009_06_02.pdf,10,mounted,0.135455
15_9_F_10_2009_06_02.pdf,11,rpm torque,0.133139
15_9_F_10_2009_06_02.pdf,12,knm rop,0.131453
15_9_F_10_2009_06_02.pdf,13,rop hrs,0.127964
15_9_F_10_2009_06_02.pdf,14,order,0.12487
15_9_F_10_2009_06_02.pdf,15,repair,0.124527
15_9_F_10_2009_06_03.pdf,1,geologist,0.170874
15_9_F_10_2009_06_03.pdf,2,hrs ecd,0.1604
15_9_F_10_2009_06_03.pdf,3,positioned string,0.150426
15_9_F_10_2009_06_03.pdf,4,rpm torque,0.138589
15_9_F_10_2009_06_03.pdf,5,probe,0.133375
15_9_F_10_2009_06_03.pdf,6,bha parameters,0.132412
15_9_F_10_2009_06_03.pdf,7,knm rop,0.130671
15_9_F_10_2009_06_03.pdf,8,connection downlinked,0.128578
15_9_F_10_2009_06_03.pdf,9,stethoscope,0.127885
15_9_F_10_2009_06_03.pdf,10,rop hrs,0.127203
15_9_F_10_2009_06_03.pdf,11,sample,0.126298
15_9_F_10_2009_06_03.pdf,12,downlinked,0.126138
15_9_F_10_2009_06_03.pdf,13,ecd performed,0.125337
15_9_F_10_2009_06_03.pdf,14,torque knm,0.120213
15_9_F_10_2009_06_03.pdf,15,survey connection,0.115833
15_9_F_10_2009_06_04.pdf,1,bha tripping,0.171855
15_9_F_10_2009_06_04.pdf,2,claw,0.168005
15_9_F_10_2009_06_04.pdf,3,slug allowed,0.146896
15_9_F_10_2009_06_04.pdf,4,allowed mud,0.143605
15_9_F_10_2009_06_04.pdf,5,settle pooh,0.140702
15_9_F_10_2009_06_04.pdf,6,settle,0.135757
15_9_F_10_2009_06_04.pdf,7,exhaust,0.132527
15_9_F_10_2009_06_04.pdf,8,recessed,0.126292
15_9_F_10_2009_06_04.pdf,9,operation due,0.12374
15_9_F_10_2009_06_04.pdf,10,stand hwdp,0.122288
15_9_F_10_2009_06_04.pdf,11,bha pooh,0.118676
15_9_F_10_2009_06_04.pdf,12,allowed,0.115525
15_9_F_10_2009_06_04.pdf,13,tripping speed,0.11404
15_9_F_10_2009_06_04.pdf,14,aft prs,0.112952
15_9_F_10_2009_06_04.pdf,15,tripping,0.110399
15_9_F_10_2009_06_05.pdf,1,cement string,0.175063
15_9_F_10_2009_06_05.pdf,2,circulation min,0.160828
15_9_F_10_2009_06_05.pdf,3,made over,0.149638
15_9_F_10_2009_06_05.pdf,4,rih cement,0.146572
15_9_F_10_2009_06_05.pdf,5,bar spp,0.143479
15_9_F_10_2009_06_05.pdf,6,spacer,0.142563
15_9_F_10_2009_06_05.pdf,7,mixing,0.138447
15_9_F_10_2009_06_05.pdf,8,min bar,0.135996
15_9_F_10_2009_06_05.pdf,9,spacer cement,0.13371
15_9_F_10_2009_06_05.pdf,10,pit,0.128298
15_9_F_10_2009_06_05.pdf,11,first,0.128059
15_9_F_10_2009_06_05.pdf,12,cement job,0.121719
15_9_F_10_2009_06_05.pdf,13,plugging,0.119746
15_9_F_10_2009_06_05.pdf,14,suspected,0.119746
15_9_F_10_2009_06_05.pdf,15,min lost,0.119746
15_9_F_10_2009_06_06.pdf,1,strokes,0.151933
15_9_F_10_2009_06_06.pdf,2,cement spacer,0.141745
15_9_F_10_2009_06_06.pdf,3,min bar,0.13508
15_9_F_10_2009_06_06.pdf,4,circulated conditioned,0.127746
15_9_F_10_2009_06_06.pdf,5,rate min,0.126765
15_9_F_10_2009_06_06.pdf,6,prior cement,0.125191
15_9_F_10_2009_06_06.pdf,7,conditioned mud,0.119218
15_9_F_10_2009_06_06.pdf,8,conditioned,0.118493
15_9_F_10_2009_06_06.pdf,9,spacer,0.116215
15_9_F_10_2009_06_06.pdf,10,mixing,0.114331
15_9_F_10_2009_06_06.pdf,11,reduced rate,0.113352
15_9_F_10_2009_06_06.pdf,12,cement string,0.113005
15_9_F_10_2009_06_06.pdf,13,bar mixed,0.111336
15_9_F_10_2009_06_06.pdf,14,mixed,0.104712
15_9_F_10_2009_06_06.pdf,15,back pressure,0.104554
15_9_F_10_2009_06_07.pdf,1,ezsv plug,0.161914
15_9_F_10_2009_06_07.pdf,2,displaced slug,0.158431
15_9_F_10_2009_06_07.pdf,3,cleaned rigfloor,0.150977
15_9_F_10_2009_06_07.pdf,4,test cement,0.147286
15_9_F_10_2009_06_07.pdf,5,ezsv,0.145486
15_9_F_10_2009_06_07.pdf,6,pumped displaced,0.136479
15_9_F_10_2009_06_07.pdf,7,fwd aft,0.135819
15_9_F_10_2009_06_07.pdf,8,rigfloor,0.119462
15_9_F_10_2009_06_07.pdf,9,cement plug,0.119317
15_9_F_10_2009_06_07.pdf,10,cleared cleaned,0.117611
15_9_F_10_2009_06_07.pdf,11,slipped cut,0.115601
15_9_F_10_2009_06_07.pdf,12,box talk,0.113687
15_9_F_10_2009_06_07.pdf,13,steps,0.11349
15_9_F_10_2009_06_07.pdf,14,deck pooh,0.109578
15_9_F_10_2009_06_07.pdf,15,town meanwhile,0.109578
15_9_F_10_2009_06_08.pdf,1,ezsv plug,0.21612
15_9_F_10_2009_06_08.pdf,2,rih ezsv,0.181312
15_9_F_10_2009_06_08.pdf,3,ezsv,0.179599
15_9_F_10_2009_06_08.pdf,4,test cement,0.141988
15_9_F_10_2009_06_08.pdf,5,plug rih,0.13879
15_9_F_10_2009_06_08.pdf,6,verified line,0.124707
15_9_F_10_2009_06_08.pdf,7,sponge,0.115199
15_9_F_10_2009_06_08.pdf,8,procedures,0.115059
15_9_F_10_2009_06_08.pdf,9,strokes,0.107644
15_9_F_10_2009_06_08.pdf,10,sponge balls,0.106795
15_9_F_10_2009_06_08.pdf,11,plug,0.104823
15_9_F_10_2009_06_08.pdf,12,pooh ezsv,0.104165
15_9_F_10_2009_06_08.pdf,13,balls,0.103678
15_9_F_10_2009_06_08.pdf,14,cement unit,0.101652
15_9_F_10_2009_06_08.pdf,15,cement plug,0.100492
15_9_F_10_2009_06_09.pdf,1,ezsv plug,0.234206
15_9_F_10_2009_06_09.pdf,2,ezsv,0.200024
15_9_F_10_2009_06_09.pdf,3,bull,0.170948
15_9_F_10_2009_06_09.pdf,4,bull nose,0.170948
15_9_F_10_2009_06_09.pdf,5,pooh ezsv,0.166133
15_9_F_10_2009_06_09.pdf,6,nose,0.163465
15_9_F_10_2009_06_09.pdf,7,changed inserts,0.153988
15_9_F_10_2009_06_09.pdf,8,rih ezsv,0.150788
15_9_F_10_2009_06_09.pdf,9,inserts elevator,0.143813
15_9_F_10_2009_06_09.pdf,10,inserts,0.14353
15_9_F_10_2009_06_09.pdf,11,plug surface,0.133058
15_9_F_10_2009_06_09.pdf,12,halliburton,0.126556
15_9_F_10_2009_06_09.pdf,13,rigfloor,0.122303
15_9_F_10_2009_06_09.pdf,14,obm,0.118574
15_9_F_10_2009_06_09.pdf,15,set ezsv,0.117017
15_9_F_10_2009_06_10.pdf,1,wear bushing,0.151132
15_9_F_10_2009_06_10.pdf,2,wear,0.145869
15_9_F_10_2009_06_10.pdf,3,weight ton,0.13997
15_9_F_10_2009_06_10.pdf,4,pooh wear,0.119642
15_9_F_10_2009_06_10.pdf,5,procedures,0.119642
15_9_F_10_2009_06_10.pdf,6,jet,0.113644
15_9_F_10_2009_06_10.pdf,7,bushing,0.110238
15_9_F_10_2009_06_10.pdf,8,casing cutter,0.109408
15_9_F_10_2009_06_10.pdf,9,ton,0.106219
15_9_F_10_2009_06_10.pdf,10,jet sub,0.101855
15_9_F_10_2009_06_10.pdf,11,pulled seal,0.101795
15_9_F_10_2009_06_10.pdf,12,min bar,0.099693
15_9_F_10_2009_06_10.pdf,13,rigfloor,0.098437
15_9_F_10_2009_06_10.pdf,14,according vetco,0.096911
15_9_F_10_2009_06_10.pdf,15,seal,0.096228
15_9_F_10_2009_06_11.pdf,1,wheels,0.180672
15_9_F_10_2009_06_11.pdf,2,guides,0.158256
15_9_F_10_2009_06_11.pdf,3,spear,0.14746
15_9_F_10_2009_06_11.pdf,4,pulled casing,0.145303
15_9_F_10_2009_06_11.pdf,5,wear bushing,0.139479
15_9_F_10_2009_06_11.pdf,6,wear,0.134621
15_9_F_10_2009_06_11.pdf,7,engaged spear,0.132164
15_9_F_10_2009_06_11.pdf,8,casing handling,0.124884
15_9_F_10_2009_06_11.pdf,9,casing tong,0.121692
15_9_F_10_2009_06_11.pdf,10,displaced slug,0.120261
15_9_F_10_2009_06_11.pdf,11,tong,0.120184
15_9_F_10_2009_06_11.pdf,12,pooh hwdp,0.11723
15_9_F_10_2009_06_11.pdf,13,weight indicator,0.11723
15_9_F_10_2009_06_11.pdf,14,ton,0.116579
15_9_F_10_2009_06_11.pdf,15,smith,0.114604
15_9_F_10_2009_06_12.pdf,1,casing equipment,0.244415
15_9_F_10_2009_06_12.pdf,2,seat protector,0.218547
15_9_F_10_2009_06_12.pdf,3,pooh casing,0.216523
15_9_F_10_2009_06_12.pdf,4,down casing,0.204599
15_9_F_10_2009_06_12.pdf,5,oncoming,0.204237
15_9_F_10_2009_06_12.pdf,6,seat,0.19888
15_9_F_10_2009_06_12.pdf,7,conveyer,0.184624
15_9_F_10_2009_06_12.pdf,8,catwalk,0.182206
15_9_F_10_2009_06_12.pdf,9,protector,0.180475
15_9_F_10_2009_06_12.pdf,10,equipment held,0.168783
15_9_F_10_2009_06_12.pdf,11,casing surface,0.156382
15_9_F_10_2009_06_12.pdf,12,deck pooh,0.148233
15_9_F_10_2009_06_12.pdf,13,rigged down,0.140205
15_9_F_10_2009_06_12.pdf,14,trouble,0.140009
15_9_F_10_2009_06_12.pdf,15,procedures,0.139363
15_9_F_10_2009_06_13.pdf,1,meanwhile troubleshot,0.158785
15_9_F_10_2009_06_13.pdf,2,sub assembly,0.150301
15_9_F_10_2009_06_13.pdf,3,wheels,0.150301
15_9_F_10_2009_06_13.pdf,4,cement string,0.136711
15_9_F_10_2009_06_13.pdf,5,pumped displaced,0.132824
15_9_F_10_2009_06_13.pdf,6,pill min,0.132182
15_9_F_10_2009_06_13.pdf,7,belt,0.127928
15_9_F_10_2009_06_13.pdf,8,troubleshot,0.12229
15_9_F_10_2009_06_13.pdf,9,min bar,0.121145
15_9_F_10_2009_06_13.pdf,10,rih cement,0.114461
15_9_F_10_2009_06_13.pdf,11,waited cement,0.112506
15_9_F_10_2009_06_13.pdf,12,nsp,0.109401
15_9_F_10_2009_06_13.pdf,13,troubleshot hts,0.109401
15_9_F_10_2009_06_13.pdf,14,displaced slug,0.109401
15_9_F_10_2009_06_13.pdf,15,vis pill,0.108023
15_9_F_10_2009_06_14.pdf,1,jetting tool,0.173361
15_9_F_10_2009_06_14.pdf,2,jetting,0.148809
15_9_F_10_2009_06_14.pdf,3,sea water,0.140358
15_9_F_10_2009_06_14.pdf,4,treated,0.138631
15_9_F_10_2009_06_14.pdf,5,waited cement,0.135293
15_9_F_10_2009_06_14.pdf,6,seat protector,0.120147
15_9_F_10_2009_06_14.pdf,7,sea,0.118606
15_9_F_10_2009_06_14.pdf,8,equipment rih,0.117436
15_9_F_10_2009_06_14.pdf,9,min bar,0.113877
15_9_F_10_2009_06_14.pdf,10,seat,0.109335
15_9_F_10_2009_06_14.pdf,11,talk installed,0.10896
15_9_F_10_2009_06_14.pdf,12,box talk,0.107006
15_9_F_10_2009_06_14.pdf,13,water,0.106591
15_9_F_10_2009_06_14.pdf,14,plug bar,0.101412
15_9_F_10_2009_06_14.pdf,15,equipment broke,0.100828
15_9_F_10_2009_06_15.pdf,1,bop joint,0.195317
15_9_F_10_2009_06_15.pdf,2,nippling down,0.150032
15_9_F_10_2009_06_15.pdf,3,nippled down,0.144604
15_9_F_10_2009_06_15.pdf,4,claxton tool,0.138612
15_9_F_10_2009_06_15.pdf,5,claxton,0.137519
15_9_F_10_2009_06_15.pdf,6,skidded bop,0.135161
15_9_F_10_2009_06_15.pdf,7,nippled,0.134769
15_9_F_10_2009_06_15.pdf,8,test stump,0.133026
15_9_F_10_2009_06_15.pdf,9,nippling,0.131062
15_9_F_10_2009_06_15.pdf,10,guide wire,0.123602
15_9_F_10_2009_06_15.pdf,11,down diverter,0.119854
15_9_F_10_2009_06_15.pdf,12,seat protector,0.118268
15_9_F_10_2009_06_15.pdf,13,deck pooh,0.11762
15_9_F_10_2009_06_15.pdf,14,hot stab,0.109094
15_9_F_10_2009_06_15.pdf,15,stump,0.108961
15_9_F_10_2009_06_16.pdf,1,camera,0.231184
15_9_F_10_2009_06_16.pdf,2,blower hose,0.202718
15_9_F_10_2009_06_16.pdf,3,blower,0.202718
15_9_F_10_2009_06_16.pdf,4,cleared rigfloor,0.177086
15_9_F_10_2009_06_16.pdf,5,rigfloor,0.16715
15_9_F_10_2009_06_16.pdf,6,general,0.152007
15_9_F_10_2009_06_16.pdf,7,hatch covers,0.143834
15_9_F_10_2009_06_16.pdf,8,doubles,0.140208
15_9_F_10_2009_06_16.pdf,9,mini reel,0.140208
15_9_F_10_2009_06_16.pdf,10,deck removed,0.140208
15_9_F_10_2009_06_16.pdf,11,deck cleaned,0.137068
15_9_F_10_2009_06_16.pdf,12,excess equipment,0.137068
15_9_F_10_2009_06_16.pdf,13,end operation,0.134297
15_9_F_10_2009_06_16.pdf,14,surface installed,0.134297
15_9_F_10_2009_06_16.pdf,15,installed hatch,0.134297
15_9_F_11_2013_03_08.pdf,1,cement assembly,0.146262
15_9_F_11_2013_03_08.pdf,2,spud,0.142027
15_9_F_11_2013_03_08.pdf,3,bit ontrack,0.13516
15_9_F_11_2013_03_08.pdf,4,sensor degrees,0.13516
15_9_F_11_2013_03_08.pdf,5,ontrack sensor,0.13516
15_9_F_11_2013_03_08.pdf,6,opener,0.127949
15_9_F_11_2013_03_08.pdf,7,conductor running,0.1214
15_9_F_11_2013_03_08.pdf,8,weather deck,0.120745
15_9_F_11_2013_03_08.pdf,9,job safety,0.120745
15_9_F_11_2013_03_08.pdf,10,dop,0.118339
15_9_F_11_2013_03_08.pdf,11,wob gross,0.118339
15_9_F_11_2013_03_08.pdf,12,back same,0.117838
15_9_F_11_2013_03_08.pdf,13,meeting rig,0.115688
15_9_F_11_2013_03_08.pdf,14,gross,0.115688
15_9_F_11_2013_03_08.pdf,15,gross rop,0.115688
15_9_F_11_2013_03_09.pdf,1,sensor degrees,0.23654
15_9_F_11_2013_03_09.pdf,2,degrees bit,0.2063
15_9_F_11_2013_03_09.pdf,3,ontrack sensor,0.195507
15_9_F_11_2013_03_09.pdf,4,bit ontrack,0.195507
15_9_F_11_2013_03_09.pdf,5,degrees,0.183019
15_9_F_11_2013_03_09.pdf,6,sensor,0.176273
15_9_F_11_2013_03_09.pdf,7,survey bit,0.15961
15_9_F_11_2013_03_09.pdf,8,ontrack,0.153398
15_9_F_11_2013_03_09.pdf,9,inclination survey,0.152867
15_9_F_11_2013_03_09.pdf,10,wob gross,0.144699
15_9_F_11_2013_03_09.pdf,11,gross rop,0.141457
15_9_F_11_2013_03_09.pdf,12,gross,0.141457
15_9_F_11_2013_03_09.pdf,13,opener,0.124994
15_9_F_11_2013_03_09.pdf,14,inclination,0.12046
15_9_F_11_2013_03_09.pdf,15,template funnel,0.118469
15_9_F_11_2013_03_10.pdf,1,fishing equipment,0.16261
15_9_F_11_2013_03_10.pdf,2,observed string,0.150473
15_9_F_11_2013_03_10.pdf,3,tof,0.150268
15_9_F_11_2013_03_10.pdf,4,fishing,0.150104
15_9_F_11_2013_03_10.pdf,5,meanwhile rov,0.147432
15_9_F_11_2013_03_10.pdf,6,fish,0.145747
15_9_F_11_2013_03_10.pdf,7,opener,0.14225
15_9_F_11_2013_03_10.pdf,8,top fish,0.140646
15_9_F_11_2013_03_10.pdf,9,observe,0.140003
15_9_F_11_2013_03_10.pdf,10,dir,0.138993
15_9_F_11_2013_03_10.pdf,11,visibility,0.131566
15_9_F_11_2013_03_10.pdf,12,wind sea,0.128619
15_9_F_11_2013_03_10.pdf,13,centre,0.128619
15_9_F_11_2013_03_10.pdf,14,wiper trip,0.123917
15_9_F_11_2013_03_10.pdf,15,starting,0.12159
15_9_F_11_2013_03_11.pdf,1,fishing,0.220154
15_9_F_11_2013_03_11.pdf,2,fish,0.19696
15_9_F_11_2013_03_11.pdf,3,fishing equipment,0.187832
15_9_F_11_2013_03_11.pdf,4,additional,0.162217
15_9_F_11_2013_03_11.pdf,5,approximately,0.153139
15_9_F_11_2013_03_11.pdf,6,evaluated situation,0.150392
15_9_F_11_2013_03_11.pdf,7,installation,0.148061
15_9_F_11_2013_03_11.pdf,8,part,0.145028
15_9_F_11_2013_03_11.pdf,9,length,0.14364
15_9_F_11_2013_03_11.pdf,10,air,0.138657
15_9_F_11_2013_03_11.pdf,11,spud boat,0.137995
15_9_F_11_2013_03_11.pdf,12,evaluated,0.137572
15_9_F_11_2013_03_11.pdf,13,town,0.137532
15_9_F_11_2013_03_11.pdf,14,plans,0.129414
15_9_F_11_2013_03_11.pdf,15,spud,0.129414
15_9_F_11_2013_03_12.pdf,1,tof,0.185231
15_9_F_11_2013_03_12.pdf,2,fishing,0.17843
15_9_F_11_2013_03_12.pdf,3,taper tap,0.177385
15_9_F_11_2013_03_12.pdf,4,tap,0.177385
15_9_F_11_2013_03_12.pdf,5,tap assembly,0.168105
15_9_F_11_2013_03_12.pdf,6,itco spear,0.155491
15_9_F_11_2013_03_12.pdf,7,itco,0.155491
15_9_F_11_2013_03_12.pdf,8,taper,0.155309
15_9_F_11_2013_03_12.pdf,9,fish,0.150497
15_9_F_11_2013_03_12.pdf,10,spud,0.140788
15_9_F_11_2013_03_12.pdf,11,spud boat,0.136098
15_9_F_11_2013_03_12.pdf,12,fishing equipment,0.131441
15_9_F_11_2013_03_12.pdf,13,spear,0.112164
15_9_F_11_2013_03_12.pdf,14,risk,0.111497
15_9_F_11_2013_03_12.pdf,15,informed production,0.106348
15_9_F_11_2013_03_13.pdf,1,wiper trip,0.133863
15_9_F_11_2013_03_13.pdf,2,meeting conductor,0.132999
15_9_F_11_2013_03_13.pdf,3,personel,0.129149
15_9_F_11_2013_03_13.pdf,4,tofs,0.123073
15_9_F_11_2013_03_13.pdf,5,controls,0.120585
15_9_F_11_2013_03_13.pdf,6,conductor,0.118749
15_9_F_11_2013_03_13.pdf,7,opener,0.116347
15_9_F_11_2013_03_13.pdf,8,held pre,0.10821
15_9_F_11_2013_03_13.pdf,9,displaced mud,0.107153
15_9_F_11_2013_03_13.pdf,10,nogo,0.107153
15_9_F_11_2013_03_13.pdf,11,weatherford,0.105946
15_9_F_11_2013_03_13.pdf,12,wiper,0.105768
15_9_F_11_2013_03_13.pdf,13,pill lpm,0.103721
15_9_F_11_2013_03_13.pdf,14,did,0.103012
15_9_F_11_2013_03_13.pdf,15,tap assembly,0.102022
15_9_F_11_2013_03_14.pdf,1,conductor,0.134113
15_9_F_11_2013_03_14.pdf,2,conductor running,0.131687
15_9_F_11_2013_03_14.pdf,3,fill valve,0.130617
15_9_F_11_2013_03_14.pdf,4,below rotary,0.11624
15_9_F_11_2013_03_14.pdf,5,weatherford,0.111588
15_9_F_11_2013_03_14.pdf,6,auto slips,0.111267
15_9_F_11_2013_03_14.pdf,7,rotary table,0.110798
15_9_F_11_2013_03_14.pdf,8,housing,0.110571
15_9_F_11_2013_03_14.pdf,9,through splash,0.109577
15_9_F_11_2013_03_14.pdf,10,rih conductor,0.109261
15_9_F_11_2013_03_14.pdf,11,splash zone,0.108159
15_9_F_11_2013_03_14.pdf,12,conductor housing,0.108159
15_9_F_11_2013_03_14.pdf,13,auto,0.1081
15_9_F_11_2013_03_14.pdf,14,splash,0.106135
15_9_F_11_2013_03_14.pdf,15,table,0.104048
15_9_F_11_2013_03_15.pdf,1,conductor running,0.179518
15_9_F_11_2013_03_15.pdf,2,running string,0.153406
15_9_F_11_2013_03_15.pdf,3,top conductor,0.151751
15_9_F_11_2013_03_15.pdf,4,pitch,0.147926
15_9_F_11_2013_03_15.pdf,5,roll,0.147926
15_9_F_11_2013_03_15.pdf,6,conductor,0.142455
15_9_F_11_2013_03_15.pdf,7,inclinometer,0.136709
15_9_F_11_2013_03_15.pdf,8,digiquartz,0.136709
15_9_F_11_2013_03_15.pdf,9,cement string,0.13455
15_9_F_11_2013_03_15.pdf,10,observed rov,0.130724
15_9_F_11_2013_03_15.pdf,11,conductor housing,0.127325
15_9_F_11_2013_03_15.pdf,12,visibility,0.126441
15_9_F_11_2013_03_15.pdf,13,string held,0.126441
15_9_F_11_2013_03_15.pdf,14,cts,0.123333
15_9_F_11_2013_03_15.pdf,15,inner,0.122435
15_9_F_11_2013_03_16.pdf,1,spud boat,0.214566
15_9_F_11_2013_03_16.pdf,2,spud,0.201223
15_9_F_11_2013_03_16.pdf,3,cantilever deck,0.196161
15_9_F_11_2013_03_16.pdf,4,same cantilever,0.196151
15_9_F_11_2013_03_16.pdf,5,single shot,0.157136
15_9_F_11_2013_03_16.pdf,6,wireline gyro,0.138086
15_9_F_11_2013_03_16.pdf,7,cts,0.136023
15_9_F_11_2013_03_16.pdf,8,bha hwdp,0.133746
15_9_F_11_2013_03_16.pdf,9,boat,0.132796
15_9_F_11_2013_03_16.pdf,10,gyro,0.126912
15_9_F_11_2013_03_16.pdf,11,cantilever,0.124121
15_9_F_11_2013_03_16.pdf,12,mud motor,0.118696
15_9_F_11_2013_03_16.pdf,13,ran wireline,0.118122
15_9_F_11_2013_03_16.pdf,14,shot,0.115473
15_9_F_11_2013_03_16.pdf,15,transport,0.107441
15_9_F_11_2013_03_17.pdf,1,stabbing guide,0.145222
15_9_F_11_2013_03_17.pdf,2,management,0.141017
15_9_F_11_2013_03_17.pdf,3,personal,0.141017
15_9_F_11_2013_03_17.pdf,4,onshore,0.132644
15_9_F_11_2013_03_17.pdf,5,stabbing,0.121478
15_9_F_11_2013_03_17.pdf,6,pooh meanwhile,0.117498
15_9_F_11_2013_03_17.pdf,7,mwd tools,0.113253
15_9_F_11_2013_03_17.pdf,8,fell,0.112544
15_9_F_11_2013_03_17.pdf,9,handler,0.110467
15_9_F_11_2013_03_17.pdf,10,baker,0.108107
15_9_F_11_2013_03_17.pdf,11,evaluated situation,0.106332
15_9_F_11_2013_03_17.pdf,12,within,0.105296
15_9_F_11_2013_03_17.pdf,13,wells,0.102475
15_9_F_11_2013_03_17.pdf,14,sja,0.102475
15_9_F_11_2013_03_17.pdf,15,drilled lpm,0.101203
15_9_F_11_2013_03_18.pdf,1,ontrack,0.245756
15_9_F_11_2013_03_18.pdf,2,batteries,0.19198
15_9_F_11_2013_03_18.pdf,3,wob gross,0.159961
15_9_F_11_2013_03_18.pdf,4,vis sweeps,0.156378
15_9_F_11_2013_03_18.pdf,5,lifting sub,0.156378
15_9_F_11_2013_03_18.pdf,6,fox,0.156378
15_9_F_11_2013_03_18.pdf,7,gross rop,0.156378
15_9_F_11_2013_03_18.pdf,8,gross,0.156378
15_9_F_11_2013_03_18.pdf,9,every single,0.150389
15_9_F_11_2013_03_18.pdf,10,sweeps,0.147832
15_9_F_11_2013_03_18.pdf,11,measurements,0.143349
15_9_F_11_2013_03_18.pdf,12,observed rov,0.14136
15_9_F_11_2013_03_18.pdf,13,drilled lpm,0.137777
15_9_F_11_2013_03_18.pdf,14,stop,0.121818
15_9_F_11_2013_03_18.pdf,15,personal,0.116432
15_9_F_11_2013_03_19.pdf,1,survey data,0.18602
15_9_F_11_2013_03_19.pdf,2,inclination survey,0.17367
15_9_F_11_2013_03_19.pdf,3,conductor shoe,0.162157
15_9_F_11_2013_03_19.pdf,4,inclination,0.161894
15_9_F_11_2013_03_19.pdf,5,ontrack survey,0.160489
15_9_F_11_2013_03_19.pdf,6,orientated,0.154424
15_9_F_11_2013_03_19.pdf,7,path,0.153707
15_9_F_11_2013_03_19.pdf,8,ontrack,0.147319
15_9_F_11_2013_03_19.pdf,9,bar wob,0.143849
15_9_F_11_2013_03_19.pdf,10,survey station,0.140516
15_9_F_11_2013_03_19.pdf,11,station inclination,0.140516
15_9_F_11_2013_03_19.pdf,12,data,0.138092
15_9_F_11_2013_03_19.pdf,13,reamed lpm,0.137368
15_9_F_11_2013_03_19.pdf,14,orientated lpm,0.135439
15_9_F_11_2013_03_19.pdf,15,shoe lpm,0.134591
15_9_F_11_2013_03_20.pdf,1,ontrack survey,0.213349
15_9_F_11_2013_03_20.pdf,2,inclination survey,0.202685
15_9_F_11_2013_03_20.pdf,3,projected,0.191134
15_9_F_11_2013_03_20.pdf,4,survey station,0.186797
15_9_F_11_2013_03_20.pdf,5,station inclination,0.186797
15_9_F_11_2013_03_20.pdf,6,inclination,0.185373
15_9_F_11_2013_03_20.pdf,7,path,0.183037
15_9_F_11_2013_03_20.pdf,8,survey ontrack,0.181114
15_9_F_11_2013_03_20.pdf,9,wireline gyro,0.17806
15_9_F_11_2013_03_20.pdf,10,survey data,0.175598
15_9_F_11_2013_03_20.pdf,11,ontrack,0.174031
15_9_F_11_2013_03_20.pdf,12,drilled bottom,0.17236
15_9_F_11_2013_03_20.pdf,13,deg azi,0.171655
15_9_F_11_2013_03_20.pdf,14,inclination deg,0.169906
15_9_F_11_2013_03_20.pdf,15,azi,0.167328
15_9_F_11_2013_03_21.pdf,1,performed tool,0.167457
15_9_F_11_2013_03_21.pdf,2,rih cement,0.164568
15_9_F_11_2013_03_21.pdf,3,cement stinger,0.144821
15_9_F_11_2013_03_21.pdf,4,back same,0.14253
15_9_F_11_2013_03_21.pdf,5,cement stand,0.139405
15_9_F_11_2013_03_21.pdf,6,stinger,0.130608
15_9_F_11_2013_03_21.pdf,7,top drive,0.124326
15_9_F_11_2013_03_21.pdf,8,engaged top,0.121888
15_9_F_11_2013_03_21.pdf,9,observing rov,0.121888
15_9_F_11_2013_03_21.pdf,10,drive,0.120796
15_9_F_11_2013_03_21.pdf,11,non,0.118815
15_9_F_11_2013_03_21.pdf,12,tons,0.118492
15_9_F_11_2013_03_21.pdf,13,weight attempted,0.116154
15_9_F_11_2013_03_21.pdf,14,inspected top,0.116154
15_9_F_11_2013_03_21.pdf,15,bar worked,0.116154
15_9_F_11_2013_03_22.pdf,1,steering,0.150163
15_9_F_11_2013_03_22.pdf,2,build bar,0.131617
15_9_F_11_2013_03_22.pdf,3,forward prs,0.128669
15_9_F_11_2013_03_22.pdf,4,cement stand,0.128187
15_9_F_11_2013_03_22.pdf,5,trouble shoot,0.109569
15_9_F_11_2013_03_22.pdf,6,observed pressure,0.108319
15_9_F_11_2013_03_22.pdf,7,cement line,0.10736
15_9_F_11_2013_03_22.pdf,8,bar bled,0.106332
15_9_F_11_2013_03_22.pdf,9,use,0.106332
15_9_F_11_2013_03_22.pdf,10,shoot,0.106332
15_9_F_11_2013_03_22.pdf,11,pooh cement,0.105351
15_9_F_11_2013_03_22.pdf,12,pressure build,0.104411
15_9_F_11_2013_03_22.pdf,13,cement stinger,0.103192
15_9_F_11_2013_03_22.pdf,14,aft prs,0.101204
15_9_F_11_2013_03_22.pdf,15,flush,0.099484
15_9_F_11_2013_03_23.pdf,1,steering,0.204871
15_9_F_11_2013_03_23.pdf,2,tons wob,0.173601
15_9_F_11_2013_03_23.pdf,3,bar tons,0.156764
15_9_F_11_2013_03_23.pdf,4,tons,0.135498
15_9_F_11_2013_03_23.pdf,5,firm cement,0.131133
15_9_F_11_2013_03_23.pdf,6,oriented drilled,0.130499
15_9_F_11_2013_03_23.pdf,7,toc,0.129881
15_9_F_11_2013_03_23.pdf,8,firm,0.124877
15_9_F_11_2013_03_23.pdf,9,min bar,0.122666
15_9_F_11_2013_03_23.pdf,10,oriented,0.116154
15_9_F_11_2013_03_23.pdf,11,indication,0.113489
15_9_F_11_2013_03_23.pdf,12,washed down,0.113066
15_9_F_11_2013_03_23.pdf,13,alignment,0.112401
15_9_F_11_2013_03_23.pdf,14,mode min,0.111229
15_9_F_11_2013_03_23.pdf,15,kick off,0.109822
15_9_F_11_2013_03_24.pdf,1,oriented drilled,0.163502
15_9_F_11_2013_03_24.pdf,2,bar tons,0.15796
15_9_F_11_2013_03_24.pdf,3,ontrack,0.156759
15_9_F_11_2013_03_24.pdf,4,tons wob,0.14952
15_9_F_11_2013_03_24.pdf,5,running equipment,0.14721
15_9_F_11_2013_03_24.pdf,6,hrs pumped,0.146171
15_9_F_11_2013_03_24.pdf,7,vis sweeps,0.146171
15_9_F_11_2013_03_24.pdf,8,fell,0.143216
15_9_F_11_2013_03_24.pdf,9,handler,0.140573
15_9_F_11_2013_03_24.pdf,10,sweeps,0.138183
15_9_F_11_2013_03_24.pdf,11,casing running,0.136419
15_9_F_11_2013_03_24.pdf,12,drilled min,0.136
15_9_F_11_2013_03_24.pdf,13,cylinder,0.134244
15_9_F_11_2013_03_24.pdf,14,approximately,0.128784
15_9_F_11_2013_03_24.pdf,15,fit,0.127422
15_9_F_11_A_2013_05_15.pdf,1,hydraulic leak,0.20865
15_9_F_11_A_2013_05_15.pdf,2,oriented lpm,0.180294
15_9_F_11_A_2013_05_15.pdf,3,observed hydraulic,0.17066
15_9_F_11_A_2013_05_15.pdf,4,unit observed,0.17066
15_9_F_11_A_2013_05_15.pdf,5,maintanence,0.166837
15_9_F_11_A_2013_05_15.pdf,6,false,0.166837
15_9_F_11_A_2013_05_15.pdf,7,inspected top,0.166837
15_9_F_11_A_2013_05_15.pdf,8,hydraulic,0.166498
15_9_F_11_A_2013_05_15.pdf,9,pulled bottom,0.160449
15_9_F_11_A_2013_05_15.pdf,10,alarm,0.160449
15_9_F_11_A_2013_05_15.pdf,11,restarted,0.160449
15_9_F_11_A_2013_05_15.pdf,12,drilled oriented,0.157596
15_9_F_11_A_2013_05_15.pdf,13,observed trip,0.155229
15_9_F_11_A_2013_05_15.pdf,14,fire,0.155229
15_9_F_11_A_2013_05_15.pdf,15,power,0.155203
15_9_F_11_A_2013_05_16.pdf,1,oriented liter,0.235898
15_9_F_11_A_2013_05_16.pdf,2,liter min,0.209802
15_9_F_11_A_2013_05_16.pdf,3,ecd average,0.20607
15_9_F_11_A_2013_05_16.pdf,4,liter,0.183081
15_9_F_11_A_2013_05_16.pdf,5,average rop,0.17381
15_9_F_11_A_2013_05_16.pdf,6,drilled oriented,0.171321
15_9_F_11_A_2013_05_16.pdf,7,drive meanwhile,0.167376
15_9_F_11_A_2013_05_16.pdf,8,rop drilled,0.166612
15_9_F_11_A_2013_05_16.pdf,9,power slips,0.163157
15_9_F_11_A_2013_05_16.pdf,10,maintanence,0.159502
15_9_F_11_A_2013_05_16.pdf,11,knm ecd,0.156491
15_9_F_11_A_2013_05_16.pdf,12,ran bottom,0.156278
15_9_F_11_A_2013_05_16.pdf,13,min bar,0.152281
15_9_F_11_A_2013_05_16.pdf,14,slow,0.146213
15_9_F_11_A_2013_05_16.pdf,15,tds performed,0.146213
15_9_F_11_A_2013_05_17.pdf,1,liter min,0.259277
15_9_F_11_A_2013_05_17.pdf,2,oriented liter,0.241993
15_9_F_11_A_2013_05_17.pdf,3,ecd meanwhile,0.235893
15_9_F_11_A_2013_05_17.pdf,4,rop performed,0.235893
15_9_F_11_A_2013_05_17.pdf,5,knm ecd,0.226255
15_9_F_11_A_2013_05_17.pdf,6,liter,0.226255
15_9_F_11_A_2013_05_17.pdf,7,ecd average,0.211395
15_9_F_11_A_2013_05_17.pdf,8,rigged wireline,0.211395
15_9_F_11_A_2013_05_17.pdf,9,performed survey,0.194347
15_9_F_11_A_2013_05_17.pdf,10,min bar,0.188192
15_9_F_11_A_2013_05_17.pdf,11,average rop,0.178302
15_9_F_11_A_2013_05_17.pdf,12,ecd,0.176349
15_9_F_11_A_2013_05_17.pdf,13,drilled oriented,0.175747
15_9_F_11_A_2013_05_17.pdf,14,meanwhile prepared,0.170002
15_9_F_11_A_2013_05_17.pdf,15,rpm knm,0.161903
15_9_F_11_A_2013_05_18.pdf,1,string every,0.210691
15_9_F_11_A_2013_05_18.pdf,2,monitored trip,0.192834
15_9_F_11_A_2013_05_18.pdf,3,liter min,0.180645
15_9_F_11_A_2013_05_18.pdf,4,gyro,0.168083
15_9_F_11_A_2013_05_18.pdf,5,surface meter,0.164353
15_9_F_11_A_2013_05_18.pdf,6,ecd meanwhile,0.164353
15_9_F_11_A_2013_05_18.pdf,7,stuffing box,0.164353
15_9_F_11_A_2013_05_18.pdf,8,stuffing,0.164353
15_9_F_11_A_2013_05_18.pdf,9,equipment broke,0.160671
15_9_F_11_A_2013_05_18.pdf,10,liter,0.157638
15_9_F_11_A_2013_05_18.pdf,11,connected tds,0.154519
15_9_F_11_A_2013_05_18.pdf,12,monitored,0.154464
15_9_F_11_A_2013_05_18.pdf,13,down logging,0.151891
15_9_F_11_A_2013_05_18.pdf,14,minutes,0.147507
15_9_F_11_A_2013_05_18.pdf,15,rigged wireline,0.147285
15_9_F_11_A_2013_05_20.pdf,1,oriented liter,0.353007
15_9_F_11_A_2013_05_20.pdf,2,drilled oriented,0.317766
15_9_F_11_A_2013_05_20.pdf,3,ecd average,0.308372
15_9_F_11_A_2013_05_20.pdf,4,rop drilled,0.283504
15_9_F_11_A_2013_05_20.pdf,5,oriented,0.270441
15_9_F_11_A_2013_05_20.pdf,6,liter min,0.268358
15_9_F_11_A_2013_05_20.pdf,7,average rop,0.260097
15_9_F_11_A_2013_05_20.pdf,8,liter,0.23418
15_9_F_11_A_2013_05_20.pdf,9,knm ecd,0.23418
15_9_F_11_A_2013_05_20.pdf,10,min bar,0.194784
15_9_F_11_A_2013_05_20.pdf,11,average,0.189451
15_9_F_11_A_2013_05_20.pdf,12,ecd,0.182526
15_9_F_11_A_2013_05_20.pdf,13,rop,0.17327
15_9_F_11_A_2013_05_20.pdf,14,rpm knm,0.167574
15_9_F_11_A_2013_05_20.pdf,15,drilled,0.164639
15_9_F_11_A_2013_05_21.pdf,1,oriented liter,0.284235
15_9_F_11_A_2013_05_21.pdf,2,ecd average,0.248296
15_9_F_11_A_2013_05_21.pdf,3,rop meter,0.231524
15_9_F_11_A_2013_05_21.pdf,4,drilled oriented,0.217824
15_9_F_11_A_2013_05_21.pdf,5,liter min,0.216077
15_9_F_11_A_2013_05_21.pdf,6,meter,0.212649
15_9_F_11_A_2013_05_21.pdf,7,average rop,0.209426
15_9_F_11_A_2013_05_21.pdf,8,wob ecd,0.198438
15_9_F_11_A_2013_05_21.pdf,9,liter,0.188558
15_9_F_11_A_2013_05_21.pdf,10,oriented,0.185383
15_9_F_11_A_2013_05_21.pdf,11,knm wob,0.163258
15_9_F_11_A_2013_05_21.pdf,12,ecd,0.162111
15_9_F_11_A_2013_05_21.pdf,13,performed check,0.157983
15_9_F_11_A_2013_05_21.pdf,14,min bar,0.156836
15_9_F_11_A_2013_05_21.pdf,15,maintain,0.155296
15_9_F_11_A_2013_05_22.pdf,1,take new,0.235224
15_9_F_11_A_2013_05_22.pdf,2,pressure points,0.228793
15_9_F_11_A_2013_05_22.pdf,3,new pressure,0.227175
15_9_F_11_A_2013_05_22.pdf,4,points,0.218849
15_9_F_11_A_2013_05_22.pdf,5,prior take,0.20597
15_9_F_11_A_2013_05_22.pdf,6,waited prior,0.19054
15_9_F_11_A_2013_05_22.pdf,7,liter min,0.188004
15_9_F_11_A_2013_05_22.pdf,8,speed meter,0.174187
15_9_F_11_A_2013_05_22.pdf,9,liter,0.16406
15_9_F_11_A_2013_05_22.pdf,10,take,0.156976
15_9_F_11_A_2013_05_22.pdf,11,min bar,0.127239
15_9_F_11_A_2013_05_22.pdf,12,stand circulated,0.126787
15_9_F_11_A_2013_05_22.pdf,13,oriented liter,0.126787
15_9_F_11_A_2013_05_22.pdf,14,meanwhile pooh,0.126787
15_9_F_11_A_2013_05_22.pdf,15,down liter,0.123591
15_9_F_11_A_2013_05_23.pdf,1,take new,0.26272
15_9_F_11_A_2013_05_23.pdf,2,new pressure,0.25373
15_9_F_11_A_2013_05_23.pdf,3,waited prior,0.251328
15_9_F_11_A_2013_05_23.pdf,4,prior take,0.230047
15_9_F_11_A_2013_05_23.pdf,5,pressure points,0.206864
15_9_F_11_A_2013_05_23.pdf,6,points,0.197873
15_9_F_11_A_2013_05_23.pdf,7,drillfloor prepared,0.181943
15_9_F_11_A_2013_05_23.pdf,8,equipment waited,0.181943
15_9_F_11_A_2013_05_23.pdf,9,tidied drillfloor,0.177606
15_9_F_11_A_2013_05_23.pdf,10,take,0.175326
15_9_F_11_A_2013_05_23.pdf,11,cleaned tidied,0.16338
15_9_F_11_A_2013_05_23.pdf,12,maintenance,0.155677
15_9_F_11_A_2013_05_23.pdf,13,tidied,0.148178
15_9_F_11_A_2013_05_23.pdf,14,liter min,0.145143
15_9_F_11_A_2013_05_23.pdf,15,yearly,0.135467
15_9_F_11_A_2013_05_24.pdf,1,pressure points,0.217693
15_9_F_11_A_2013_05_24.pdf,2,points,0.208232
15_9_F_11_A_2013_05_24.pdf,3,prior take,0.19128
15_9_F_11_A_2013_05_24.pdf,4,liter min,0.18379
15_9_F_11_A_2013_05_24.pdf,5,take new,0.175684
15_9_F_11_A_2013_05_24.pdf,6,waited prior,0.175684
15_9_F_11_A_2013_05_24.pdf,7,new pressure,0.169672
15_9_F_11_A_2013_05_24.pdf,8,liter,0.160382
15_9_F_11_A_2013_05_24.pdf,9,take,0.14578
15_9_F_11_A_2013_05_24.pdf,10,tagged bottom,0.138332
15_9_F_11_A_2013_05_24.pdf,11,bottom circulated,0.138332
15_9_F_11_A_2013_05_24.pdf,12,mud liter,0.13689
15_9_F_11_A_2013_05_24.pdf,13,yearly,0.132927
15_9_F_11_A_2013_05_24.pdf,14,worked installation,0.129576
15_9_F_11_A_2013_05_24.pdf,15,down liter,0.129576
15_9_F_11_A_2013_05_25.pdf,1,radioactive source,0.155095
15_9_F_11_A_2013_05_25.pdf,2,liter min,0.144748
15_9_F_11_A_2013_05_25.pdf,3,radioactive,0.142173
15_9_F_11_A_2013_05_25.pdf,4,made rih,0.133641
15_9_F_11_A_2013_05_25.pdf,5,stinger,0.128471
15_9_F_11_A_2013_05_25.pdf,6,liter,0.126313
15_9_F_11_A_2013_05_25.pdf,7,source,0.120819
15_9_F_11_A_2013_05_25.pdf,8,mud liter,0.11892
15_9_F_11_A_2013_05_25.pdf,9,changed handling,0.118194
15_9_F_11_A_2013_05_25.pdf,10,hour filled,0.115477
15_9_F_11_A_2013_05_25.pdf,11,woc,0.11495
15_9_F_11_A_2013_05_25.pdf,12,sub assembly,0.112566
15_9_F_11_A_2013_05_25.pdf,13,speed meter,0.112566
15_9_F_11_A_2013_05_25.pdf,14,laid single,0.112566
15_9_F_11_A_2013_05_25.pdf,15,knm reciprocated,0.10782
15_9_F_11_A_2013_05_26.pdf,1,cement meanwhile,0.207255
15_9_F_11_A_2013_05_26.pdf,2,waited cement,0.180446
15_9_F_11_A_2013_05_26.pdf,3,meanwhile pooh,0.15607
15_9_F_11_A_2013_05_26.pdf,4,liter min,0.154654
15_9_F_11_A_2013_05_26.pdf,5,knm reciprocated,0.145721
15_9_F_11_A_2013_05_26.pdf,6,mud liter,0.13738
15_9_F_11_A_2013_05_26.pdf,7,liter,0.134958
15_9_F_11_A_2013_05_26.pdf,8,test tool,0.133125
15_9_F_11_A_2013_05_26.pdf,9,meanwhile rih,0.127127
15_9_F_11_A_2013_05_26.pdf,10,cleared drillfloor,0.12018
15_9_F_11_A_2013_05_26.pdf,11,min bar,0.116372
15_9_F_11_A_2013_05_26.pdf,12,waited,0.112454
15_9_F_11_A_2013_05_26.pdf,13,bop test,0.110476
15_9_F_11_A_2013_05_26.pdf,14,tool surface,0.108256
15_9_F_11_A_2013_05_26.pdf,15,woc,0.107137
15_9_F_11_A_2013_05_27.pdf,1,mud liter,0.180555
15_9_F_11_A_2013_05_27.pdf,2,liter min,0.173737
15_9_F_11_A_2013_05_27.pdf,3,liter,0.15161
15_9_F_11_A_2013_05_27.pdf,4,pooh cement,0.144354
15_9_F_11_A_2013_05_27.pdf,5,knm reciprocated,0.139927
15_9_F_11_A_2013_05_27.pdf,6,cement stinger,0.139404
15_9_F_11_A_2013_05_27.pdf,7,stinger,0.131904
15_9_F_11_A_2013_05_27.pdf,8,min bar,0.120763
15_9_F_11_A_2013_05_27.pdf,9,pumped spacer,0.114889
15_9_F_11_A_2013_05_27.pdf,10,picked bha,0.106333
15_9_F_11_A_2013_05_27.pdf,11,speed meter,0.103652
15_9_F_11_A_2013_05_27.pdf,12,down handling,0.103652
15_9_F_11_A_2013_05_27.pdf,13,back observed,0.103652
15_9_F_11_A_2013_05_27.pdf,14,toc,0.102835
15_9_F_11_A_2013_05_27.pdf,15,cement mud,0.10133
15_9_F_11_A_2013_05_28.pdf,1,leak tds,0.231502
15_9_F_11_A_2013_05_28.pdf,2,stopped operation,0.223791
15_9_F_11_A_2013_05_28.pdf,3,picked bha,0.196169
15_9_F_11_A_2013_05_28.pdf,4,cooler,0.184742
15_9_F_11_A_2013_05_28.pdf,5,observed hydraulic,0.174871
15_9_F_11_A_2013_05_28.pdf,6,bha hwdp,0.148841
15_9_F_11_A_2013_05_28.pdf,7,ring made,0.127285
15_9_F_11_A_2013_05_28.pdf,8,rih meter,0.124076
15_9_F_11_A_2013_05_28.pdf,9,speed meter,0.124076
15_9_F_11_A_2013_05_28.pdf,10,power slips,0.124076
15_9_F_11_A_2013_05_28.pdf,11,hwdp installed,0.121297
15_9_F_11_A_2013_05_28.pdf,12,tds meanwhile,0.118845
15_9_F_11_A_2013_05_28.pdf,13,meter,0.117192
15_9_F_11_A_2013_05_28.pdf,14,faulty,0.116652
15_9_F_11_A_2013_05_28.pdf,15,pick bha,0.116652
15_9_F_11_A_2013_05_29.pdf,1,cooler,0.274211
15_9_F_11_A_2013_05_29.pdf,2,liter min,0.202421
15_9_F_11_A_2013_05_29.pdf,3,drilled cement,0.197894
15_9_F_11_A_2013_05_29.pdf,4,new formation,0.188393
15_9_F_11_A_2013_05_29.pdf,5,liter,0.176641
15_9_F_11_A_2013_05_29.pdf,6,isolated,0.171618
15_9_F_11_A_2013_05_29.pdf,7,hydraulic fitting,0.161489
15_9_F_11_A_2013_05_29.pdf,8,leak tds,0.161489
15_9_F_11_A_2013_05_29.pdf,9,rop meter,0.153891
15_9_F_11_A_2013_05_29.pdf,10,formation,0.151703
15_9_F_11_A_2013_05_29.pdf,11,reporting,0.150781
15_9_F_11_A_2013_05_29.pdf,12,min bar,0.146924
15_9_F_11_A_2013_05_29.pdf,13,hydraulic,0.145542
15_9_F_11_A_2013_05_29.pdf,14,wob drilled,0.145481
15_9_F_11_A_2013_05_29.pdf,15,meter hour,0.145481
15_9_F_11_B_2013_05_29.pdf,1,liter min,0.296296
15_9_F_11_B_2013_05_29.pdf,2,rop meter,0.263535
15_9_F_11_B_2013_05_29.pdf,3,liter,0.25856
15_9_F_11_B_2013_05_29.pdf,4,wob drilled,0.249133
15_9_F_11_B_2013_05_29.pdf,5,meter hour,0.249133
15_9_F_11_B_2013_05_29.pdf,6,ecd emw,0.224416
15_9_F_11_B_2013_05_29.pdf,7,knm wob,0.223867
15_9_F_11_B_2013_05_29.pdf,8,min bar,0.215062
15_9_F_11_B_2013_05_29.pdf,9,average rop,0.20376
15_9_F_11_B_2013_05_29.pdf,10,drilled orientated,0.200841
15_9_F_11_B_2013_05_29.pdf,11,wob ecd,0.193069
15_9_F_11_B_2013_05_29.pdf,12,emw,0.185423
15_9_F_11_B_2013_05_29.pdf,13,rpm knm,0.185019
15_9_F_11_B_2013_05_29.pdf,14,orientated,0.184429
15_9_F_11_B_2013_05_29.pdf,15,meter,0.180658
15_9_F_11_B_2013_05_30.pdf,1,rop meter,0.203634
15_9_F_11_B_2013_05_30.pdf,2,meter hour,0.192506
15_9_F_11_B_2013_05_30.pdf,3,bha average,0.186668
15_9_F_11_B_2013_05_30.pdf,4,min static,0.181668
15_9_F_11_B_2013_05_30.pdf,5,flowchecked min,0.177294
15_9_F_11_B_2013_05_30.pdf,6,ecd emw,0.173407
15_9_F_11_B_2013_05_30.pdf,7,static pooh,0.171615
15_9_F_11_B_2013_05_30.pdf,8,average tripping,0.16991
15_9_F_11_B_2013_05_30.pdf,9,drilled orientated,0.169703
15_9_F_11_B_2013_05_30.pdf,10,liter min,0.162446
15_9_F_11_B_2013_05_30.pdf,11,average rop,0.157446
15_9_F_11_B_2013_05_30.pdf,12,orientated,0.155835
15_9_F_11_B_2013_05_30.pdf,13,speed flowchecked,0.151618
15_9_F_11_B_2013_05_30.pdf,14,wob ecd,0.149185
15_9_F_11_B_2013_05_30.pdf,15,average,0.147993
15_9_F_11_B_2013_05_31.pdf,1,bha hwdp,0.194088
15_9_F_11_B_2013_05_31.pdf,2,mud motor,0.188355
15_9_F_11_B_2013_05_31.pdf,3,hwdp removed,0.177288
15_9_F_11_B_2013_05_31.pdf,4,mwd tools,0.160585
15_9_F_11_B_2013_05_31.pdf,5,plugged,0.148435
15_9_F_11_B_2013_05_31.pdf,6,auto slips,0.148435
15_9_F_11_B_2013_05_31.pdf,7,auto,0.14421
15_9_F_11_B_2013_05_31.pdf,8,motor,0.143977
15_9_F_11_B_2013_05_31.pdf,9,bha filling,0.138296
15_9_F_11_B_2013_05_31.pdf,10,rop meter,0.135198
15_9_F_11_B_2013_05_31.pdf,11,scrs,0.135198
15_9_F_11_B_2013_05_31.pdf,12,reamed lpm,0.135198
15_9_F_11_B_2013_05_31.pdf,13,tools rih,0.132466
15_9_F_11_B_2013_05_31.pdf,14,bha flowchecked,0.130021
15_9_F_11_B_2013_05_31.pdf,15,meter hour,0.12781
15_9_F_11_B_2013_06_01.pdf,1,speed flowchecked,0.186798
15_9_F_11_B_2013_06_01.pdf,2,min static,0.185791
15_9_F_11_B_2013_06_01.pdf,3,flowchecked min,0.181318
15_9_F_11_B_2013_06_01.pdf,4,gyro,0.149167
15_9_F_11_B_2013_06_01.pdf,5,average tripping,0.148529
15_9_F_11_B_2013_06_01.pdf,6,gyro tool,0.132539
15_9_F_11_B_2013_06_01.pdf,7,flowchecked,0.130739
15_9_F_11_B_2013_06_01.pdf,8,due heavy,0.129198
15_9_F_11_B_2013_06_01.pdf,9,recording,0.129198
15_9_F_11_B_2013_06_01.pdf,10,same lpm,0.129198
15_9_F_11_B_2013_06_01.pdf,11,rop meter,0.126303
15_9_F_11_B_2013_06_01.pdf,12,sent,0.126303
15_9_F_11_B_2013_06_01.pdf,13,hwdp surface,0.126303
15_9_F_11_B_2013_06_01.pdf,14,bha including,0.12375
15_9_F_11_B_2013_06_01.pdf,15,called,0.12375
15_9_F_11_B_2013_06_02.pdf,1,ppf casing,0.182748
15_9_F_11_B_2013_06_02.pdf,2,wearbushing,0.174847
15_9_F_11_B_2013_06_02.pdf,3,intermediate,0.173765
15_9_F_11_B_2013_06_02.pdf,4,intermediate joint,0.170265
15_9_F_11_B_2013_06_02.pdf,5,retrieval tool,0.170265
15_9_F_11_B_2013_06_02.pdf,6,joint average,0.169036
15_9_F_11_B_2013_06_02.pdf,7,rih ppf,0.169036
15_9_F_11_B_2013_06_02.pdf,8,ppf,0.164142
15_9_F_11_B_2013_06_02.pdf,9,shoe float,0.160004
15_9_F_11_B_2013_06_02.pdf,10,retrieval,0.159327
15_9_F_11_B_2013_06_02.pdf,11,shoe joint,0.152691
15_9_F_11_B_2013_06_02.pdf,12,filled casing,0.145536
15_9_F_11_B_2013_06_02.pdf,13,casing filled,0.136187
15_9_F_11_B_2013_06_02.pdf,14,bar lpm,0.130514
15_9_F_11_B_2013_06_02.pdf,15,every joint,0.124782
15_9_F_11_B_2013_06_03.pdf,1,ppf casing,0.258192
15_9_F_11_B_2013_06_03.pdf,2,rih ppf,0.238819
15_9_F_11_B_2013_06_03.pdf,3,ppf,0.231905
15_9_F_11_B_2013_06_03.pdf,4,joint average,0.20188
15_9_F_11_B_2013_06_03.pdf,5,joints held,0.20188
15_9_F_11_B_2013_06_03.pdf,6,filled casing,0.191725
15_9_F_11_B_2013_06_03.pdf,7,casing filled,0.162648
15_9_F_11_B_2013_06_03.pdf,8,average running,0.152876
15_9_F_11_B_2013_06_03.pdf,9,every joint,0.149027
15_9_F_11_B_2013_06_03.pdf,10,held tbt,0.14444
15_9_F_11_B_2013_06_03.pdf,11,removed auto,0.144346
15_9_F_11_B_2013_06_03.pdf,12,joints,0.127961
15_9_F_11_B_2013_06_03.pdf,13,casing hanger,0.126806
15_9_F_11_B_2013_06_03.pdf,14,auto slips,0.124391
15_9_F_11_B_2013_06_03.pdf,15,tbt,0.122757
15_9_F_11_B_2013_06_04.pdf,1,pressure build,0.135067
15_9_F_11_B_2013_06_04.pdf,2,slowed down,0.128982
15_9_F_11_B_2013_06_04.pdf,3,picked overpull,0.128982
15_9_F_11_B_2013_06_04.pdf,4,cement strokes,0.124042
15_9_F_11_B_2013_06_04.pdf,5,slowed,0.124042
15_9_F_11_B_2013_06_04.pdf,6,checked back,0.124042
15_9_F_11_B_2013_06_04.pdf,7,general rig,0.124042
15_9_F_11_B_2013_06_04.pdf,8,down pumps,0.121933
15_9_F_11_B_2013_06_04.pdf,9,strokes,0.119399
15_9_F_11_B_2013_06_04.pdf,10,performed general,0.114203
15_9_F_11_B_2013_06_04.pdf,11,serviced equipment,0.112298
15_9_F_11_B_2013_06_04.pdf,12,sat down,0.112298
15_9_F_11_B_2013_06_04.pdf,13,fosv,0.109836
15_9_F_11_B_2013_06_04.pdf,14,general,0.108582
15_9_F_11_B_2013_06_04.pdf,15,build,0.107958
15_9_F_11_B_2013_06_05.pdf,1,bar bleed,0.177041
15_9_F_11_B_2013_06_05.pdf,2,down bar,0.162252
15_9_F_11_B_2013_06_05.pdf,3,bleed down,0.159492
15_9_F_11_B_2013_06_05.pdf,4,returned,0.154133
15_9_F_11_B_2013_06_05.pdf,5,picked overpull,0.142617
15_9_F_11_B_2013_06_05.pdf,6,injection test,0.131736
15_9_F_11_B_2013_06_05.pdf,7,hand turns,0.128921
15_9_F_11_B_2013_06_05.pdf,8,casing running,0.125494
15_9_F_11_B_2013_06_05.pdf,9,bleed,0.121095
15_9_F_11_B_2013_06_05.pdf,10,return,0.117447
15_9_F_11_B_2013_06_05.pdf,11,assembly bar,0.111747
15_9_F_11_B_2013_06_05.pdf,12,tested seal,0.110162
15_9_F_11_B_2013_06_05.pdf,13,closed upper,0.104939
15_9_F_11_B_2013_06_05.pdf,14,wearbushing,0.104645
15_9_F_11_B_2013_06_05.pdf,15,right hand,0.103808
15_9_F_11_B_2013_06_06.pdf,1,clean bha,0.226218
15_9_F_11_B_2013_06_06.pdf,2,cement lpm,0.171553
15_9_F_11_B_2013_06_06.pdf,3,exhaust,0.170223
15_9_F_11_B_2013_06_06.pdf,4,min held,0.158936
15_9_F_11_B_2013_06_06.pdf,5,held tbt,0.146732
15_9_F_11_B_2013_06_06.pdf,6,rih clean,0.14292
15_9_F_11_B_2013_06_06.pdf,7,excess cement,0.141232
15_9_F_11_B_2013_06_06.pdf,8,tested bops,0.134863
15_9_F_11_B_2013_06_06.pdf,9,cement drilled,0.128959
15_9_F_11_B_2013_06_06.pdf,10,tbt,0.124706
15_9_F_11_B_2013_06_06.pdf,11,excess,0.118841
15_9_F_11_B_2013_06_06.pdf,12,bha filling,0.117734
15_9_F_11_B_2013_06_06.pdf,13,knm tagged,0.117734
15_9_F_11_B_2013_06_06.pdf,14,wob average,0.115097
15_9_F_11_B_2013_06_06.pdf,15,blind shear,0.115097
15_9_F_11_B_2013_06_07.pdf,1,cbl,0.224441
15_9_F_11_B_2013_06_07.pdf,2,min static,0.181799
15_9_F_11_B_2013_06_07.pdf,3,tool string,0.174269
15_9_F_11_B_2013_06_07.pdf,4,checked min,0.170664
15_9_F_11_B_2013_06_07.pdf,5,clean bha,0.165541
15_9_F_11_B_2013_06_07.pdf,6,wireline equipment,0.153466
15_9_F_11_B_2013_06_07.pdf,7,while logging,0.153186
15_9_F_11_B_2013_06_07.pdf,8,static pumped,0.140126
15_9_F_11_B_2013_06_07.pdf,9,held tbt,0.134676
15_9_F_11_B_2013_06_07.pdf,10,rotary steerable,0.133558
15_9_F_11_B_2013_06_07.pdf,11,floor held,0.132747
15_9_F_11_B_2013_06_07.pdf,12,speed flowchecked,0.129691
15_9_F_11_B_2013_06_07.pdf,13,pooh hwdp,0.126421
15_9_F_11_B_2013_06_07.pdf,14,assembly lpm,0.123589
15_9_F_11_B_2013_06_07.pdf,15,wob average,0.123589
15_9_F_11_B_2013_06_08.pdf,1,rotary steerable,0.210548
15_9_F_11_B_2013_06_08.pdf,2,steerable bha,0.16772
15_9_F_11_B_2013_06_08.pdf,3,steerable,0.164198
15_9_F_11_B_2013_06_08.pdf,4,emw rpm,0.152596
15_9_F_11_B_2013_06_08.pdf,5,bar emw,0.152596
15_9_F_11_B_2013_06_08.pdf,6,wob average,0.145417
15_9_F_11_B_2013_06_08.pdf,7,orientated lpm,0.122551
15_9_F_11_B_2013_06_08.pdf,8,average tripping,0.121334
15_9_F_11_B_2013_06_08.pdf,9,emw,0.1197
15_9_F_11_B_2013_06_08.pdf,10,shoetrack,0.117224
15_9_F_11_B_2013_06_08.pdf,11,drilled shoetrack,0.115605
15_9_F_11_B_2013_06_08.pdf,12,plugged,0.113279
15_9_F_11_B_2013_06_08.pdf,13,drilled orientated,0.110823
15_9_F_11_B_2013_06_08.pdf,14,rotary,0.106598
15_9_F_11_B_2013_06_08.pdf,15,average,0.105683
15_9_F_11_B_2013_06_09.pdf,1,emw rpm,0.320221
15_9_F_11_B_2013_06_09.pdf,2,bar emw,0.320221
15_9_F_11_B_2013_06_09.pdf,3,wob average,0.305156
15_9_F_11_B_2013_06_09.pdf,4,orientated lpm,0.257173
15_9_F_11_B_2013_06_09.pdf,5,rop max,0.255541
15_9_F_11_B_2013_06_09.pdf,6,gas drilled,0.255541
15_9_F_11_B_2013_06_09.pdf,7,drilled orientated,0.241455
15_9_F_11_B_2013_06_09.pdf,8,orientated,0.221724
15_9_F_11_B_2013_06_09.pdf,9,emw,0.214707
15_9_F_11_B_2013_06_09.pdf,10,average rop,0.213898
15_9_F_11_B_2013_06_09.pdf,11,max gas,0.184208
15_9_F_11_B_2013_06_09.pdf,12,knm wob,0.183927
15_9_F_11_B_2013_06_09.pdf,13,average,0.171855
15_9_F_11_B_2013_06_09.pdf,14,rpm knm,0.15201
15_9_F_11_B_2013_06_09.pdf,15,wob,0.147629
15_9_F_11_B_2013_06_10.pdf,1,emw rpm,0.297656
15_9_F_11_B_2013_06_10.pdf,2,bar emw,0.297656
15_9_F_11_B_2013_06_10.pdf,3,wob average,0.283653
15_9_F_11_B_2013_06_10.pdf,4,rop max,0.259118
15_9_F_11_B_2013_06_10.pdf,5,enable,0.239779
15_9_F_11_B_2013_06_10.pdf,6,orientated lpm,0.239051
15_9_F_11_B_2013_06_10.pdf,7,drilled orientated,0.222412
15_9_F_11_B_2013_06_10.pdf,8,gas drilled,0.221485
15_9_F_11_B_2013_06_10.pdf,9,average rop,0.219315
15_9_F_11_B_2013_06_10.pdf,10,reduced rop,0.211258
15_9_F_11_B_2013_06_10.pdf,11,orientated,0.204237
15_9_F_11_B_2013_06_10.pdf,12,emw,0.199578
15_9_F_11_B_2013_06_10.pdf,13,max gas,0.186787
15_9_F_11_B_2013_06_10.pdf,14,knm wob,0.170967
15_9_F_11_B_2013_06_10.pdf,15,rop,0.166894
15_9_F_11_B_2013_06_11.pdf,1,gas drilled,0.306362
15_9_F_11_B_2013_06_11.pdf,2,rop max,0.306362
15_9_F_11_B_2013_06_11.pdf,3,bar emw,0.297492
15_9_F_11_B_2013_06_11.pdf,4,emw rpm,0.297492
15_9_F_11_B_2013_06_11.pdf,5,wob average,0.283497
15_9_F_11_B_2013_06_11.pdf,6,orientated lpm,0.238919
15_9_F_11_B_2013_06_11.pdf,7,drilled orientated,0.224318
15_9_F_11_B_2013_06_11.pdf,8,max gas,0.220843
15_9_F_11_B_2013_06_11.pdf,9,average rop,0.219194
15_9_F_11_B_2013_06_11.pdf,10,orientated,0.205987
15_9_F_11_B_2013_06_11.pdf,11,emw,0.199468
15_9_F_11_B_2013_06_11.pdf,12,knm wob,0.170872
15_9_F_11_B_2013_06_11.pdf,13,gas,0.162103
15_9_F_11_B_2013_06_11.pdf,14,average,0.159657
15_9_F_11_B_2013_06_11.pdf,15,rop,0.146021
15_9_F_11_B_2013_06_12.pdf,1,rop max,0.258141
15_9_F_11_B_2013_06_12.pdf,2,emw rpm,0.250667
15_9_F_11_B_2013_06_12.pdf,3,bar emw,0.250667
15_9_F_11_B_2013_06_12.pdf,4,wob average,0.238875
15_9_F_11_B_2013_06_12.pdf,5,max gas,0.186083
15_9_F_11_B_2013_06_12.pdf,6,emw,0.185391
15_9_F_11_B_2013_06_12.pdf,7,average rop,0.184693
15_9_F_11_B_2013_06_12.pdf,8,drilled orientated,0.182047
15_9_F_11_B_2013_06_12.pdf,9,orientated lpm,0.172076
15_9_F_11_B_2013_06_12.pdf,10,orientated,0.167171
15_9_F_11_B_2013_06_12.pdf,11,gas drilled,0.156558
15_9_F_11_B_2013_06_12.pdf,12,average,0.14839
15_9_F_11_B_2013_06_12.pdf,13,knm wob,0.143977
15_9_F_11_B_2013_06_12.pdf,14,called,0.141945
15_9_F_11_B_2013_06_12.pdf,15,circulated total,0.141945
15_9_F_11_B_2013_06_13.pdf,1,average tripping,0.210081
15_9_F_11_B_2013_06_13.pdf,2,speed flowchecked,0.204738
15_9_F_11_B_2013_06_13.pdf,3,bha average,0.178851
15_9_F_11_B_2013_06_13.pdf,4,min static,0.174059
15_9_F_11_B_2013_06_13.pdf,5,tripping speed,0.170904
15_9_F_11_B_2013_06_13.pdf,6,flowchecked min,0.169869
15_9_F_11_B_2013_06_13.pdf,7,tripping,0.165447
15_9_F_11_B_2013_06_13.pdf,8,rotary steerable,0.149599
15_9_F_11_B_2013_06_13.pdf,9,management,0.145268
15_9_F_11_B_2013_06_13.pdf,10,average,0.141795
15_9_F_11_B_2013_06_13.pdf,11,joint landing,0.141606
15_9_F_11_B_2013_06_13.pdf,12,stretch,0.138434
15_9_F_11_B_2013_06_13.pdf,13,hwdp surface,0.138434
15_9_F_11_B_2013_06_13.pdf,14,zone,0.13582
15_9_F_11_B_2013_06_13.pdf,15,joint float,0.135635
15_9_F_11_B_2013_06_14.pdf,1,rih ppf,0.358514
15_9_F_11_B_2013_06_14.pdf,2,ppf,0.348135
15_9_F_11_B_2013_06_14.pdf,3,liner,0.263354
15_9_F_11_B_2013_06_14.pdf,4,operator,0.235391
15_9_F_11_B_2013_06_14.pdf,5,liner hanger,0.230859
15_9_F_11_B_2013_06_14.pdf,6,joints,0.224735
15_9_F_11_B_2013_06_14.pdf,7,slow,0.215779
15_9_F_11_B_2013_06_14.pdf,8,set liner,0.215779
15_9_F_11_B_2013_06_14.pdf,9,rih liner,0.196407
15_9_F_11_B_2013_06_14.pdf,10,only,0.189364
15_9_F_11_B_2013_06_14.pdf,11,note,0.18778
15_9_F_11_B_2013_06_14.pdf,12,average,0.186836
15_9_F_11_B_2013_06_14.pdf,13,casing handling,0.182
15_9_F_11_B_2013_06_14.pdf,14,hrs,0.1598
15_9_F_11_B_2013_06_14.pdf,15,running speed,0.159781
15_9_F_11_B_2013_06_15.pdf,1,liner landing,0.2619
15_9_F_11_B_2013_06_15.pdf,2,losses formation,0.252937
15_9_F_11_B_2013_06_15.pdf,3,average tripping,0.195296
15_9_F_11_B_2013_06_15.pdf,4,liner hanger,0.185201
15_9_F_11_B_2013_06_15.pdf,5,liner,0.178352
15_9_F_11_B_2013_06_15.pdf,6,rih liner,0.177051
15_9_F_11_B_2013_06_15.pdf,7,tripping speed,0.158876
15_9_F_11_B_2013_06_15.pdf,8,tripping,0.153804
15_9_F_11_B_2013_06_15.pdf,9,losses,0.146367
15_9_F_11_B_2013_06_15.pdf,10,tight spots,0.14591
15_9_F_11_B_2013_06_15.pdf,11,average,0.141367
15_9_F_11_B_2013_06_15.pdf,12,spots,0.141291
15_9_F_11_B_2013_06_15.pdf,13,string inside,0.139071
15_9_F_11_B_2013_06_15.pdf,14,rih ppf,0.139071
15_9_F_11_B_2013_06_15.pdf,15,landing string,0.138669
15_9_F_11_B_2013_06_16.pdf,1,plug strokes,0.162626
15_9_F_11_B_2013_06_16.pdf,2,strokes,0.140714
15_9_F_11_B_2013_06_16.pdf,3,cement head,0.120516
15_9_F_11_B_2013_06_16.pdf,4,circulation lpm,0.120516
15_9_F_11_B_2013_06_16.pdf,5,dropped dart,0.116615
15_9_F_11_B_2013_06_16.pdf,6,liner landing,0.114755
15_9_F_11_B_2013_06_16.pdf,7,liner,0.109047
15_9_F_11_B_2013_06_16.pdf,8,set liner,0.106899
15_9_F_11_B_2013_06_16.pdf,9,made cement,0.105416
15_9_F_11_B_2013_06_16.pdf,10,base oil,0.104035
15_9_F_11_B_2013_06_16.pdf,11,sheared,0.101216
15_9_F_11_B_2013_06_16.pdf,12,liner hanger,0.100901
15_9_F_11_B_2013_06_16.pdf,13,established circulation,0.095992
15_9_F_11_B_2013_06_16.pdf,14,established,0.093154
15_9_F_11_B_2013_06_16.pdf,15,mud prior,0.092707
15_9_F_11_B_2013_06_17.pdf,1,hanger running,0.168396
15_9_F_11_B_2013_06_17.pdf,2,liner hanger,0.153041
15_9_F_11_B_2013_06_17.pdf,3,liner,0.126269
15_9_F_11_B_2013_06_17.pdf,4,flushing,0.118121
15_9_F_11_B_2013_06_17.pdf,5,failure,0.112299
15_9_F_11_B_2013_06_17.pdf,6,running tool,0.111992
15_9_F_11_B_2013_06_17.pdf,7,trolley,0.110687
15_9_F_11_B_2013_06_17.pdf,8,brake,0.10811
15_9_F_11_B_2013_06_17.pdf,9,tested annulus,0.104773
15_9_F_11_B_2013_06_17.pdf,10,laid cement,0.104773
15_9_F_11_B_2013_06_17.pdf,11,inspected serviced,0.102426
15_9_F_11_B_2013_06_17.pdf,12,increase bar,0.102426
15_9_F_11_B_2013_06_17.pdf,13,travelling block,0.102426
15_9_F_11_B_2013_06_17.pdf,14,deck cleaned,0.102426
15_9_F_11_B_2013_06_17.pdf,15,circulated string,0.102426
15_9_F_11_B_2013_06_18.pdf,1,brake,0.263996
15_9_F_11_B_2013_06_18.pdf,2,fast line,0.201154
15_9_F_11_B_2013_06_18.pdf,3,assembled,0.201154
15_9_F_11_B_2013_06_18.pdf,4,maintanence,0.201154
15_9_F_11_B_2013_06_18.pdf,5,issue,0.197088
15_9_F_11_B_2013_06_18.pdf,6,blocks,0.197088
15_9_F_11_B_2013_06_18.pdf,7,line sheave,0.190161
15_9_F_11_B_2013_06_18.pdf,8,fast,0.190161
15_9_F_11_B_2013_06_18.pdf,9,shakers cleaned,0.187158
15_9_F_11_B_2013_06_18.pdf,10,upper lower,0.184395
15_9_F_11_B_2013_06_18.pdf,11,top drive,0.182446
15_9_F_11_B_2013_06_18.pdf,12,troubleshot,0.17737
15_9_F_11_B_2013_06_18.pdf,13,failure,0.17737
15_9_F_11_B_2013_06_18.pdf,14,drive,0.177265
15_9_F_11_B_2013_06_18.pdf,15,brine,0.169525
15_9_F_11_B_2013_06_19.pdf,1,cleanout assembly,0.2521
15_9_F_11_B_2013_06_19.pdf,2,ran cleanout,0.241087
15_9_F_11_B_2013_06_19.pdf,3,cleanout,0.221683
15_9_F_11_B_2013_06_19.pdf,4,shear ram,0.136174
15_9_F_11_B_2013_06_19.pdf,5,performed prejob,0.135525
15_9_F_11_B_2013_06_19.pdf,6,liters,0.130493
15_9_F_11_B_2013_06_19.pdf,7,prejob meeting,0.123431
15_9_F_11_B_2013_06_19.pdf,8,prejob,0.122555
15_9_F_11_B_2013_06_19.pdf,9,bar minutes,0.120882
15_9_F_11_B_2013_06_19.pdf,10,riser lpm,0.119733
15_9_F_11_B_2013_06_19.pdf,11,ram,0.119521
15_9_F_11_B_2013_06_19.pdf,12,shear,0.119521
15_9_F_11_B_2013_06_19.pdf,13,liters bled,0.116715
15_9_F_11_B_2013_06_19.pdf,14,assembly,0.115629
15_9_F_11_B_2013_06_19.pdf,15,ram lined,0.1141
15_9_F_11_B_2013_06_20.pdf,1,mfctc,0.188967
15_9_F_11_B_2013_06_20.pdf,2,commissioner,0.174788
15_9_F_11_B_2013_06_20.pdf,3,base oil,0.154751
15_9_F_11_B_2013_06_20.pdf,4,cleanout assembly,0.153872
15_9_F_11_B_2013_06_20.pdf,5,ran cleanout,0.153359
15_9_F_11_B_2013_06_20.pdf,6,base,0.134118
15_9_F_11_B_2013_06_20.pdf,7,cleanout,0.132551
15_9_F_11_B_2013_06_20.pdf,8,closed position,0.125336
15_9_F_11_B_2013_06_20.pdf,9,pbr,0.125296
15_9_F_11_B_2013_06_20.pdf,10,stand lpm,0.120537
15_9_F_11_B_2013_06_20.pdf,11,oil,0.117745
15_9_F_11_B_2013_06_20.pdf,12,brine,0.115506
15_9_F_11_B_2013_06_20.pdf,13,prior start,0.114894
15_9_F_11_B_2013_06_20.pdf,14,prejob meeting,0.112548
15_9_F_11_B_2013_06_20.pdf,15,prejob,0.11175
15_9_F_11_B_2013_06_21.pdf,1,pulled cleanout,0.286784
15_9_F_11_B_2013_06_21.pdf,2,cleanout string,0.256108
15_9_F_11_B_2013_06_21.pdf,3,mfctc,0.242426
15_9_F_11_B_2013_06_21.pdf,4,cleanout,0.221895
15_9_F_11_B_2013_06_21.pdf,5,commissioner,0.191669
15_9_F_11_B_2013_06_21.pdf,6,brine,0.174873
15_9_F_11_B_2013_06_21.pdf,7,string broke,0.162587
15_9_F_11_B_2013_06_21.pdf,8,scraper,0.142683
15_9_F_11_B_2013_06_21.pdf,9,cleanout assembly,0.132058
15_9_F_11_B_2013_06_21.pdf,10,aft prs,0.130394
15_9_F_11_B_2013_06_21.pdf,11,deactivated,0.128729
15_9_F_11_B_2013_06_21.pdf,12,closed position,0.125845
15_9_F_11_B_2013_06_21.pdf,13,continued displacing,0.123301
15_9_F_11_B_2013_06_21.pdf,14,line performed,0.123301
15_9_F_11_B_2013_06_21.pdf,15,down bar,0.121026
15_9_F_11_B_2013_06_22.pdf,1,safelock,0.198613
15_9_F_11_B_2013_06_22.pdf,2,safelock plug,0.18671
15_9_F_11_B_2013_06_22.pdf,3,pulled cleanout,0.150068
15_9_F_11_B_2013_06_22.pdf,4,cleanout string,0.143727
15_9_F_11_B_2013_06_22.pdf,5,wearbushing,0.131302
15_9_F_11_B_2013_06_22.pdf,6,liters,0.123006
15_9_F_11_B_2013_06_22.pdf,7,liters bled,0.120156
15_9_F_11_B_2013_06_22.pdf,8,bell nipple,0.120156
15_9_F_11_B_2013_06_22.pdf,9,bar pulled,0.118299
15_9_F_11_B_2013_06_22.pdf,10,minutes pumped,0.117464
15_9_F_11_B_2013_06_22.pdf,11,bell,0.117464
15_9_F_11_B_2013_06_22.pdf,12,cleanout,0.116113
15_9_F_11_B_2013_06_22.pdf,13,performed prejob,0.115815
15_9_F_11_B_2013_06_22.pdf,14,retrieval tool,0.109291
15_9_F_11_B_2013_06_22.pdf,15,prejob meeting,0.10548
15_9_F_11_B_2013_06_23.pdf,1,claxton tool,0.187263
15_9_F_11_B_2013_06_23.pdf,2,claxton,0.185786
15_9_F_11_B_2013_06_23.pdf,3,tensioning,0.16817
15_9_F_11_B_2013_06_23.pdf,4,tensioning cylinders,0.167872
15_9_F_11_B_2013_06_23.pdf,5,guide wires,0.161166
15_9_F_11_B_2013_06_23.pdf,6,bushings,0.151395
15_9_F_11_B_2013_06_23.pdf,7,wires,0.148257
15_9_F_11_B_2013_06_23.pdf,8,nippled down,0.146854
15_9_F_11_B_2013_06_23.pdf,9,master bushings,0.142099
15_9_F_11_B_2013_06_23.pdf,10,nippled,0.136865
15_9_F_11_B_2013_06_23.pdf,11,prejob meeting,0.135579
15_9_F_11_B_2013_06_23.pdf,12,split hatch,0.135438
15_9_F_11_B_2013_06_23.pdf,13,prejob,0.134616
15_9_F_11_B_2013_06_23.pdf,14,control lines,0.133684
15_9_F_11_B_2013_06_23.pdf,15,tension ring,0.130917
15_9_F_11_B_2013_06_24.pdf,1,joint laid,0.195631
15_9_F_11_B_2013_06_24.pdf,2,pressure riser,0.19096
15_9_F_11_B_2013_06_24.pdf,3,riser joint,0.18541
15_9_F_11_B_2013_06_24.pdf,4,high pressure,0.184748
15_9_F_11_B_2013_06_24.pdf,5,laid cantilever,0.165829
15_9_F_11_B_2013_06_24.pdf,6,guide wires,0.152656
15_9_F_11_B_2013_06_24.pdf,7,same cantilever,0.151597
15_9_F_11_B_2013_06_24.pdf,8,bop joint,0.151597
15_9_F_11_B_2013_06_24.pdf,9,wires,0.140428
15_9_F_11_B_2013_06_24.pdf,10,double,0.140111
15_9_F_11_B_2013_06_24.pdf,11,pulled riser,0.137889
15_9_F_11_B_2013_06_24.pdf,12,using rov,0.132214
15_9_F_11_B_2013_06_24.pdf,13,cantilever,0.129782
15_9_F_11_B_2013_06_24.pdf,14,riser connector,0.1277
15_9_F_11_B_2013_06_24.pdf,15,laid same,0.126202
15_9_F_11_B_2013_06_25.pdf,1,laid cantilever,0.1775
15_9_F_11_B_2013_06_25.pdf,2,riser pup,0.169621
15_9_F_11_B_2013_06_25.pdf,3,tieback connector,0.166462
15_9_F_11_B_2013_06_25.pdf,4,production riser,0.15676
15_9_F_11_B_2013_06_25.pdf,5,lowered riser,0.143781
15_9_F_11_B_2013_06_25.pdf,6,installed lifting,0.135894
15_9_F_11_B_2013_06_25.pdf,7,tieback,0.135084
15_9_F_11_B_2013_06_25.pdf,8,flange,0.13456
15_9_F_11_B_2013_06_25.pdf,9,flange connection,0.128497
15_9_F_11_B_2013_06_25.pdf,10,lower riser,0.127277
15_9_F_11_B_2013_06_25.pdf,11,cantilever,0.115774
15_9_F_11_B_2013_06_25.pdf,12,lowered,0.114835
15_9_F_11_B_2013_06_25.pdf,13,backup,0.114636
15_9_F_11_B_2013_06_25.pdf,14,connector,0.111067
15_9_F_11_B_2013_06_25.pdf,15,through rotary,0.109423
15_9_F_11_B_2013_06_26.pdf,1,lowered riser,0.160472
15_9_F_11_B_2013_06_26.pdf,2,connection bolt,0.150089
15_9_F_11_B_2013_06_26.pdf,3,off joint,0.150089
15_9_F_11_B_2013_06_26.pdf,4,set riser,0.150089
15_9_F_11_B_2013_06_26.pdf,5,flange connection,0.147297
15_9_F_11_B_2013_06_26.pdf,6,made flange,0.143747
15_9_F_11_B_2013_06_26.pdf,7,joint inspected,0.138828
15_9_F_11_B_2013_06_26.pdf,8,psi through,0.138828
15_9_F_11_B_2013_06_26.pdf,9,inspected seal,0.138828
15_9_F_11_B_2013_06_26.pdf,10,bolt tensioner,0.138828
15_9_F_11_B_2013_06_26.pdf,11,seal surface,0.138828
15_9_F_11_B_2013_06_26.pdf,12,connection psi,0.136226
15_9_F_11_B_2013_06_26.pdf,13,ring made,0.134808
15_9_F_11_B_2013_06_26.pdf,14,riser set,0.134808
15_9_F_11_B_2013_06_26.pdf,15,installed ring,0.13141
15_9_F_11_B_2013_06_27.pdf,1,multibowl,0.185546
15_9_F_11_B_2013_06_27.pdf,2,riser tension,0.175226
15_9_F_11_B_2013_06_27.pdf,3,tension joint,0.158635
15_9_F_11_B_2013_06_27.pdf,4,tieback connector,0.154878
15_9_F_11_B_2013_06_27.pdf,5,connector installed,0.132773
15_9_F_11_B_2013_06_27.pdf,6,stump,0.131592
15_9_F_11_B_2013_06_27.pdf,7,tension,0.128079
15_9_F_11_B_2013_06_27.pdf,8,meanwhile pressure,0.125683
15_9_F_11_B_2013_06_27.pdf,9,tieback,0.125683
15_9_F_11_B_2013_06_27.pdf,10,seals,0.120844
15_9_F_11_B_2013_06_27.pdf,11,master bushings,0.118732
15_9_F_11_B_2013_06_27.pdf,12,bop bar,0.116783
15_9_F_11_B_2013_06_27.pdf,13,claxton tool,0.116783
15_9_F_11_B_2013_06_27.pdf,14,claxton,0.115862
15_9_F_11_B_2013_06_27.pdf,15,installed riser,0.115797
15_9_F_11_B_2013_06_28.pdf,1,preventer,0.214002
15_9_F_11_B_2013_06_28.pdf,2,annular preventer,0.214002
15_9_F_11_B_2013_06_28.pdf,3,replacing,0.210767
15_9_F_11_B_2013_06_28.pdf,4,tested annular,0.173008
15_9_F_11_B_2013_06_28.pdf,5,annular,0.158367
15_9_F_11_B_2013_06_28.pdf,6,claxton tool,0.154324
15_9_F_11_B_2013_06_28.pdf,7,claxton,0.153107
15_9_F_11_B_2013_06_28.pdf,8,worked installation,0.144153
15_9_F_11_B_2013_06_28.pdf,9,multibowl,0.141926
15_9_F_11_B_2013_06_28.pdf,10,informed,0.131119
15_9_F_11_B_2013_06_28.pdf,11,slick joint,0.122695
15_9_F_11_B_2013_06_28.pdf,12,psi,0.11242
15_9_F_11_B_2013_06_28.pdf,13,slick,0.110628
15_9_F_11_B_2013_06_28.pdf,14,installation,0.109779
15_9_F_11_B_2013_06_28.pdf,15,erected,0.104926
15_9_F_11_B_2013_06_29.pdf,1,annulus insert,0.186973
15_9_F_11_B_2013_06_29.pdf,2,insert,0.15513
15_9_F_11_B_2013_06_29.pdf,3,bowl protector,0.143116
15_9_F_11_B_2013_06_29.pdf,4,bowl,0.129318
15_9_F_11_B_2013_06_29.pdf,5,liter min,0.128817
15_9_F_11_B_2013_06_29.pdf,6,tie back,0.123899
15_9_F_11_B_2013_06_29.pdf,7,tie,0.1232
15_9_F_11_B_2013_06_29.pdf,8,redressed,0.122602
15_9_F_11_B_2013_06_29.pdf,9,back string,0.122072
15_9_F_11_B_2013_06_29.pdf,10,pins,0.12034
15_9_F_11_B_2013_06_29.pdf,11,picked rih,0.12034
15_9_F_11_B_2013_06_29.pdf,12,jetting sub,0.118293
15_9_F_11_B_2013_06_29.pdf,13,retrieval tool,0.116425
15_9_F_11_B_2013_06_29.pdf,14,adjustable,0.112568
15_9_F_11_B_2013_06_29.pdf,15,liter,0.112411
15_9_F_11_B_2013_06_30.pdf,1,back connector,0.146531
15_9_F_11_B_2013_06_30.pdf,2,tie back,0.143841
15_9_F_11_B_2013_06_30.pdf,3,torque tool,0.143786
15_9_F_11_B_2013_06_30.pdf,4,adjustable,0.143606
15_9_F_11_B_2013_06_30.pdf,5,tie,0.143029
15_9_F_11_B_2013_06_30.pdf,6,back adapter,0.127948
15_9_F_11_B_2013_06_30.pdf,7,rigged handling,0.125772
15_9_F_11_B_2013_06_30.pdf,8,swedge,0.124968
15_9_F_11_B_2013_06_30.pdf,9,seal assembly,0.124332
15_9_F_11_B_2013_06_30.pdf,10,liters,0.119085
15_9_F_11_B_2013_06_30.pdf,11,back liters,0.116326
15_9_F_11_B_2013_06_30.pdf,12,pumped liters,0.116326
15_9_F_11_B_2013_06_30.pdf,13,liters bled,0.116326
15_9_F_11_B_2013_06_30.pdf,14,meter,0.113847
15_9_F_11_B_2013_06_30.pdf,15,turned string,0.11372
15_9_F_11_B_2013_07_01.pdf,1,bowl protector,0.134303
15_9_F_11_B_2013_07_01.pdf,2,safe,0.134303
15_9_F_11_B_2013_07_01.pdf,3,protector pooh,0.130191
15_9_F_11_B_2013_07_01.pdf,4,bowl,0.121355
15_9_F_11_B_2013_07_01.pdf,5,rih meter,0.113833
15_9_F_11_B_2013_07_01.pdf,6,lock,0.113133
15_9_F_11_B_2013_07_01.pdf,7,meter,0.111407
15_9_F_11_B_2013_07_01.pdf,8,completion,0.110866
15_9_F_11_B_2013_07_01.pdf,9,took ton,0.105201
15_9_F_11_B_2013_07_01.pdf,10,liter min,0.103858
15_9_F_11_B_2013_07_01.pdf,11,protector,0.100853
15_9_F_11_B_2013_07_01.pdf,12,liter,0.09997
15_9_F_11_B_2013_07_01.pdf,13,bar minutes,0.097865
15_9_F_11_B_2013_07_01.pdf,14,restricted,0.095797
15_9_F_11_B_2013_07_01.pdf,15,plug surface,0.095797
15_9_F_11_B_2013_07_02.pdf,1,completion,0.213637
15_9_F_11_B_2013_07_02.pdf,2,rejected joints,0.202348
15_9_F_11_B_2013_07_02.pdf,3,joints total,0.202348
15_9_F_11_B_2013_07_02.pdf,4,total rejected,0.202348
15_9_F_11_B_2013_07_02.pdf,5,tubing average,0.187246
15_9_F_11_B_2013_07_02.pdf,6,rejected,0.187246
15_9_F_11_B_2013_07_02.pdf,7,dhpg,0.170648
15_9_F_11_B_2013_07_02.pdf,8,speed joints,0.164973
15_9_F_11_B_2013_07_02.pdf,9,belt,0.163025
15_9_F_11_B_2013_07_02.pdf,10,rih tubing,0.153312
15_9_F_11_B_2013_07_02.pdf,11,joints,0.150051
15_9_F_11_B_2013_07_02.pdf,12,fill valve,0.143572
15_9_F_11_B_2013_07_02.pdf,13,tubing,0.142204
15_9_F_11_B_2013_07_02.pdf,14,tubing joints,0.139415
15_9_F_11_B_2013_07_02.pdf,15,average running,0.138916
15_9_F_11_B_2013_07_03.pdf,1,total rejected,0.247206
15_9_F_11_B_2013_07_03.pdf,2,rejected joints,0.247206
15_9_F_11_B_2013_07_03.pdf,3,joints total,0.230503
15_9_F_11_B_2013_07_03.pdf,4,rejected,0.228756
15_9_F_11_B_2013_07_03.pdf,5,tubing average,0.228756
15_9_F_11_B_2013_07_03.pdf,6,speed joints,0.201546
15_9_F_11_B_2013_07_03.pdf,7,rih tubing,0.192705
15_9_F_11_B_2013_07_03.pdf,8,alignment,0.187928
15_9_F_11_B_2013_07_03.pdf,9,joints held,0.17862
15_9_F_11_B_2013_07_03.pdf,10,average running,0.169712
15_9_F_11_B_2013_07_03.pdf,11,observed hydraulic,0.169076
15_9_F_11_B_2013_07_03.pdf,12,fitting,0.166463
15_9_F_11_B_2013_07_03.pdf,13,running speed,0.163849
15_9_F_11_B_2013_07_03.pdf,14,joints,0.160255
15_9_F_11_B_2013_07_03.pdf,15,tubing,0.151153
15_9_F_11_B_2013_07_04.pdf,1,dhsv control,0.215475
15_9_F_11_B_2013_07_04.pdf,2,dhsv,0.181416
15_9_F_11_B_2013_07_04.pdf,3,marks,0.17186
15_9_F_11_B_2013_07_04.pdf,4,control lines,0.163548
15_9_F_11_B_2013_07_04.pdf,5,tested dhsv,0.162741
15_9_F_11_B_2013_07_04.pdf,6,completion string,0.153567
15_9_F_11_B_2013_07_04.pdf,7,rejected joints,0.14163
15_9_F_11_B_2013_07_04.pdf,8,joints total,0.14163
15_9_F_11_B_2013_07_04.pdf,9,total rejected,0.14163
15_9_F_11_B_2013_07_04.pdf,10,taking,0.139795
15_9_F_11_B_2013_07_04.pdf,11,lines bar,0.138848
15_9_F_11_B_2013_07_04.pdf,12,completion,0.138331
15_9_F_11_B_2013_07_04.pdf,13,bowl,0.13793
15_9_F_11_B_2013_07_04.pdf,14,dhsv assembly,0.134062
15_9_F_11_B_2013_07_04.pdf,15,rih meter,0.134062
15_9_F_11_B_2013_07_05.pdf,1,made tubing,0.145938
15_9_F_11_B_2013_07_05.pdf,2,down ton,0.143349
15_9_F_11_B_2013_07_05.pdf,3,dhsv assembly,0.142259
15_9_F_11_B_2013_07_05.pdf,4,tubing average,0.139072
15_9_F_11_B_2013_07_05.pdf,5,space,0.135826
15_9_F_11_B_2013_07_05.pdf,6,marks,0.129396
15_9_F_11_B_2013_07_05.pdf,7,speed joints,0.12253
15_9_F_11_B_2013_07_05.pdf,8,tubing,0.122271
15_9_F_11_B_2013_07_05.pdf,9,sat down,0.121083
15_9_F_11_B_2013_07_05.pdf,10,pbr,0.120094
15_9_F_11_B_2013_07_05.pdf,11,rih tubing,0.113869
15_9_F_11_B_2013_07_05.pdf,12,joints,0.111447
15_9_F_11_B_2013_07_05.pdf,13,liter min,0.110943
15_9_F_11_B_2013_07_05.pdf,14,through hanger,0.110413
15_9_F_11_B_2013_07_05.pdf,15,rejected joints,0.106635
15_9_F_11_B_2013_07_06.pdf,1,evo plug,0.139282
15_9_F_11_B_2013_07_06.pdf,2,evo,0.137082
15_9_F_11_B_2013_07_06.pdf,3,down bar,0.134277
15_9_F_11_B_2013_07_06.pdf,4,bled pressure,0.132579
15_9_F_11_B_2013_07_06.pdf,5,production packer,0.123016
15_9_F_11_B_2013_07_06.pdf,6,tubing hanger,0.120194
15_9_F_11_B_2013_07_06.pdf,7,bar minutes,0.11577
15_9_F_11_B_2013_07_06.pdf,8,integrity,0.111041
15_9_F_11_B_2013_07_06.pdf,9,ports,0.107884
15_9_F_11_B_2013_07_06.pdf,10,dhsv control,0.107884
15_9_F_11_B_2013_07_06.pdf,11,minutes,0.107592
15_9_F_11_B_2013_07_06.pdf,12,packer below,0.107362
15_9_F_11_B_2013_07_06.pdf,13,bar performed,0.105149
15_9_F_11_B_2013_07_06.pdf,14,tool string,0.104261
15_9_F_11_B_2013_07_06.pdf,15,opened dhsv,0.103908
15_9_F_11_B_2013_07_07.pdf,1,spacer spool,0.180289
15_9_F_11_B_2013_07_07.pdf,2,rigfloor,0.157355
15_9_F_11_B_2013_07_07.pdf,3,spool,0.15194
15_9_F_11_B_2013_07_07.pdf,4,rigged handling,0.145683
15_9_F_11_B_2013_07_07.pdf,5,bpv,0.145064
15_9_F_11_B_2013_07_07.pdf,6,tubing hanger,0.132659
15_9_F_11_B_2013_07_07.pdf,7,laid same,0.131229
15_9_F_11_B_2013_07_07.pdf,8,xmt,0.129135
15_9_F_11_B_2013_07_07.pdf,9,nippled down,0.12812
15_9_F_11_B_2013_07_07.pdf,10,nipple,0.122934
15_9_F_11_B_2013_07_07.pdf,11,nippled,0.119405
15_9_F_11_B_2013_07_07.pdf,12,spacer,0.115474
15_9_F_11_B_2013_07_07.pdf,13,crane tds,0.114739
15_9_F_11_B_2013_07_07.pdf,14,down bop,0.114216
15_9_F_11_B_2013_07_07.pdf,15,deck removed,0.111847
15_9_F_11_B_2013_07_08.pdf,1,termination,0.224739
15_9_F_11_B_2013_07_08.pdf,2,worked installation,0.219073
15_9_F_11_B_2013_07_08.pdf,3,house,0.214166
15_9_F_11_B_2013_07_08.pdf,4,cap installed,0.214166
15_9_F_11_B_2013_07_08.pdf,5,xmt,0.212301
15_9_F_11_B_2013_07_08.pdf,6,control system,0.18049
15_9_F_11_B_2013_07_08.pdf,7,spool,0.18049
15_9_F_11_B_2013_07_08.pdf,8,shaker,0.175354
15_9_F_11_B_2013_07_08.pdf,9,installation,0.166834
15_9_F_11_B_2013_07_08.pdf,10,flowline,0.165588
15_9_F_11_B_2013_07_08.pdf,11,erected,0.159459
15_9_F_11_B_2013_07_08.pdf,12,maersk production,0.155439
15_9_F_11_B_2013_07_08.pdf,13,xmt meanwhile,0.151957
15_9_F_11_B_2013_07_08.pdf,14,installed test,0.151957
15_9_F_11_B_2013_07_08.pdf,15,enable,0.151957
15_9_F_11_B_2013_07_09.pdf,1,tested xmt,0.216638
15_9_F_11_B_2013_07_09.pdf,2,erected,0.194013
15_9_F_11_B_2013_07_09.pdf,3,termination,0.194013
15_9_F_11_B_2013_07_09.pdf,4,xmt,0.193415
15_9_F_11_B_2013_07_09.pdf,5,maintenance tds,0.189123
15_9_F_11_B_2013_07_09.pdf,6,maersk production,0.189123
15_9_F_11_B_2013_07_09.pdf,7,enable,0.184886
15_9_F_11_B_2013_07_09.pdf,8,associated,0.184886
15_9_F_11_B_2013_07_09.pdf,9,scaffolding derrick,0.181149
15_9_F_11_B_2013_07_09.pdf,10,equipment meanwhile,0.177806
15_9_F_11_B_2013_07_09.pdf,11,body,0.177806
15_9_F_11_B_2013_07_09.pdf,12,aft prs,0.175188
15_9_F_11_B_2013_07_09.pdf,13,bop prepared,0.174782
15_9_F_11_B_2013_07_09.pdf,14,valves bar,0.174782
15_9_F_11_B_2013_07_09.pdf,15,planned,0.162894
15_9_F_11_B_2013_07_10.pdf,1,stabbed lubricator,0.163245
15_9_F_11_B_2013_07_10.pdf,2,using cement,0.158872
15_9_F_11_B_2013_07_10.pdf,3,min using,0.155047
15_9_F_11_B_2013_07_10.pdf,4,tested rig,0.155047
15_9_F_11_B_2013_07_10.pdf,5,bpv,0.1533
15_9_F_11_B_2013_07_10.pdf,6,tractor,0.144281
15_9_F_11_B_2013_07_10.pdf,7,rigged wireline,0.143565
15_9_F_11_B_2013_07_10.pdf,8,lubricator,0.141365
15_9_F_11_B_2013_07_10.pdf,9,xmt cap,0.132592
15_9_F_11_B_2013_07_10.pdf,10,lower sheave,0.132592
15_9_F_11_B_2013_07_10.pdf,11,lubricator section,0.126354
15_9_F_11_B_2013_07_10.pdf,12,rih tool,0.126354
15_9_F_11_B_2013_07_10.pdf,13,stabbed,0.125298
15_9_F_11_B_2013_07_10.pdf,14,riser pressure,0.123801
15_9_F_11_B_2013_07_10.pdf,15,armed,0.121516
15_9_F_11_B_2013_07_11.pdf,1,bha tractor,0.178941
15_9_F_11_B_2013_07_11.pdf,2,tractor,0.17642
15_9_F_11_B_2013_07_11.pdf,3,onshore organisation,0.167076
15_9_F_11_B_2013_07_11.pdf,4,organisation,0.158658
15_9_F_11_B_2013_07_11.pdf,5,held tbt,0.154247
15_9_F_11_B_2013_07_11.pdf,6,onshore,0.142282
15_9_F_11_B_2013_07_11.pdf,7,situ sub,0.138375
15_9_F_11_B_2013_07_11.pdf,8,situ,0.138375
15_9_F_11_B_2013_07_11.pdf,9,discussed situation,0.134928
15_9_F_11_B_2013_07_11.pdf,10,tbt,0.131093
15_9_F_11_B_2013_07_11.pdf,11,bha surface,0.129808
15_9_F_11_B_2013_07_11.pdf,12,tbt bha,0.126964
15_9_F_11_B_2013_07_11.pdf,13,situation,0.126232
15_9_F_11_B_2013_07_11.pdf,14,communication,0.125365
15_9_F_11_B_2013_07_11.pdf,15,lbs,0.124167
15_9_F_11_B_2013_07_12.pdf,1,bha tractor,0.196952
15_9_F_11_B_2013_07_12.pdf,2,guns fired,0.179449
15_9_F_11_B_2013_07_12.pdf,3,perforating,0.174474
15_9_F_11_B_2013_07_12.pdf,4,tractor rih,0.165361
15_9_F_11_B_2013_07_12.pdf,5,fired,0.160712
15_9_F_11_B_2013_07_12.pdf,6,tractor,0.15376
15_9_F_11_B_2013_07_12.pdf,7,string inside,0.152466
15_9_F_11_B_2013_07_12.pdf,8,guns,0.150109
15_9_F_11_B_2013_07_12.pdf,9,performed correlation,0.138102
15_9_F_11_B_2013_07_12.pdf,10,restriction,0.127979
15_9_F_11_B_2013_07_12.pdf,11,rih bha,0.125076
15_9_F_11_B_2013_07_12.pdf,12,correlation,0.121415
15_9_F_11_B_2013_07_12.pdf,13,tool string,0.119795
15_9_F_11_B_2013_07_12.pdf,14,spooled,0.119448
15_9_F_11_B_2013_07_12.pdf,15,lubricator,0.118746
15_9_F_11_B_2013_07_13.pdf,1,wireline tractor,0.190098
15_9_F_11_B_2013_07_13.pdf,2,perforation bha,0.186775
15_9_F_11_B_2013_07_13.pdf,3,perforation,0.169326
15_9_F_11_B_2013_07_13.pdf,4,bha wireline,0.166732
15_9_F_11_B_2013_07_13.pdf,5,rih perforation,0.154263
15_9_F_11_B_2013_07_13.pdf,6,wireline surface,0.153175
15_9_F_11_B_2013_07_13.pdf,7,tractor,0.146809
15_9_F_11_B_2013_07_13.pdf,8,lubricator pressure,0.144804
15_9_F_11_B_2013_07_13.pdf,9,held tbt,0.138555
15_9_F_11_B_2013_07_13.pdf,10,wireline,0.132491
15_9_F_11_B_2013_07_13.pdf,11,tested situ,0.131859
15_9_F_11_B_2013_07_13.pdf,12,cablehead,0.131859
15_9_F_11_B_2013_07_13.pdf,13,lubricator,0.128305
15_9_F_11_B_2013_07_13.pdf,14,sub bar,0.127807
15_9_F_11_B_2013_07_13.pdf,15,pooh perforation,0.127347
15_9_F_11_B_2013_07_14.pdf,1,perforation bha,0.247657
15_9_F_11_B_2013_07_14.pdf,2,perforation,0.212717
15_9_F_11_B_2013_07_14.pdf,3,cablehead,0.208641
15_9_F_11_B_2013_07_14.pdf,4,bha perforation,0.17101
15_9_F_11_B_2013_07_14.pdf,5,communication,0.150139
15_9_F_11_B_2013_07_14.pdf,6,failure,0.140723
15_9_F_11_B_2013_07_14.pdf,7,correlate,0.138509
15_9_F_11_B_2013_07_14.pdf,8,rih perforation,0.136949
15_9_F_11_B_2013_07_14.pdf,9,locator,0.131292
15_9_F_11_B_2013_07_14.pdf,10,build cablehead,0.128351
15_9_F_11_B_2013_07_14.pdf,11,identified,0.128351
15_9_F_11_B_2013_07_14.pdf,12,cablehead tested,0.128351
15_9_F_11_B_2013_07_14.pdf,13,build,0.128301
15_9_F_11_B_2013_07_14.pdf,14,perforation interval,0.125756
15_9_F_11_B_2013_07_14.pdf,15,bar broke,0.125756
15_9_F_11_B_2013_07_15.pdf,1,perforation bha,0.22971
15_9_F_11_B_2013_07_15.pdf,2,perforation,0.194462
15_9_F_11_B_2013_07_15.pdf,3,bha wireline,0.189384
15_9_F_11_B_2013_07_15.pdf,4,rih perforation,0.187918
15_9_F_11_B_2013_07_15.pdf,5,wireline surface,0.157731
15_9_F_11_B_2013_07_15.pdf,6,whp,0.153006
15_9_F_11_B_2013_07_15.pdf,7,wireline tractor,0.151691
15_9_F_11_B_2013_07_15.pdf,8,max tool,0.149111
15_9_F_11_B_2013_07_15.pdf,9,length max,0.149111
15_9_F_11_B_2013_07_15.pdf,10,pooh perforation,0.149111
15_9_F_11_B_2013_07_15.pdf,11,tool length,0.146756
15_9_F_11_B_2013_07_15.pdf,12,surface whp,0.146756
15_9_F_11_B_2013_07_15.pdf,13,tool weight,0.144589
15_9_F_11_B_2013_07_15.pdf,14,whp bar,0.141638
15_9_F_11_B_2013_07_15.pdf,15,tested situ,0.135781
15_9_F_11_B_2013_07_16.pdf,1,perforation bha,0.210586
15_9_F_11_B_2013_07_16.pdf,2,perforation,0.170037
15_9_F_11_B_2013_07_16.pdf,3,wireline tractor,0.166089
15_9_F_11_B_2013_07_16.pdf,4,slipped cut,0.164424
15_9_F_11_B_2013_07_16.pdf,5,lubricator pressure,0.163264
15_9_F_11_B_2013_07_16.pdf,6,wireline,0.161992
15_9_F_11_B_2013_07_16.pdf,7,bha wireline,0.160686
15_9_F_11_B_2013_07_16.pdf,8,slipped,0.151925
15_9_F_11_B_2013_07_16.pdf,9,cablehead,0.148669
15_9_F_11_B_2013_07_16.pdf,10,lubricator,0.144663
15_9_F_11_B_2013_07_16.pdf,11,good test,0.144101
15_9_F_11_B_2013_07_16.pdf,12,pooh perforation,0.143582
15_9_F_11_B_2013_07_16.pdf,13,lost communication,0.143582
15_9_F_11_B_2013_07_16.pdf,14,tractor,0.139922
15_9_F_11_B_2013_07_16.pdf,15,wireline lubricator,0.137113
15_9_F_11_B_2013_07_17.pdf,1,perforation bha,0.254024
15_9_F_11_B_2013_07_17.pdf,2,perforation,0.211062
15_9_F_11_B_2013_07_17.pdf,3,rih perforation,0.207017
15_9_F_11_B_2013_07_17.pdf,4,bha lubricator,0.195374
15_9_F_11_B_2013_07_17.pdf,5,tested situ,0.180764
15_9_F_11_B_2013_07_17.pdf,6,sub bar,0.175209
15_9_F_11_B_2013_07_17.pdf,7,wireline tractor,0.172615
15_9_F_11_B_2013_07_17.pdf,8,situ,0.170397
15_9_F_11_B_2013_07_17.pdf,9,situ sub,0.170397
15_9_F_11_B_2013_07_17.pdf,10,lubricator tested,0.169679
15_9_F_11_B_2013_07_17.pdf,11,bha wireline,0.166999
15_9_F_11_B_2013_07_17.pdf,12,lubricator,0.156997
15_9_F_11_B_2013_07_17.pdf,13,unable pass,0.139073
15_9_F_11_B_2013_07_17.pdf,14,broke lubricator,0.132317
15_9_F_11_B_2013_07_17.pdf,15,wireline,0.131574
15_9_F_11_B_2013_07_18.pdf,1,perforation bha,0.208631
15_9_F_11_B_2013_07_18.pdf,2,bha wireline,0.182971
15_9_F_11_B_2013_07_18.pdf,3,perforation,0.179197
15_9_F_11_B_2013_07_18.pdf,4,rih perforation,0.161947
15_9_F_11_B_2013_07_18.pdf,5,gun assembly,0.160258
15_9_F_11_B_2013_07_18.pdf,6,pooh perforation,0.157533
15_9_F_11_B_2013_07_18.pdf,7,differential pressure,0.155881
15_9_F_11_B_2013_07_18.pdf,8,wireline surface,0.152389
15_9_F_11_B_2013_07_18.pdf,9,whp,0.147825
15_9_F_11_B_2013_07_18.pdf,10,bar differential,0.146554
15_9_F_11_B_2013_07_18.pdf,11,valves bar,0.144062
15_9_F_11_B_2013_07_18.pdf,12,differential,0.141786
15_9_F_11_B_2013_07_18.pdf,13,tractor,0.141397
15_9_F_11_B_2013_07_18.pdf,14,closed inflow,0.137755
15_9_F_11_B_2013_07_18.pdf,15,positioned gun,0.137089
15_9_F_11_B_2013_07_19.pdf,1,perforation bha,0.227267
15_9_F_11_B_2013_07_19.pdf,2,lubricator perforation,0.197312
15_9_F_11_B_2013_07_19.pdf,3,perforation,0.192394
15_9_F_11_B_2013_07_19.pdf,4,cablehead tested,0.156053
15_9_F_11_B_2013_07_19.pdf,5,tested tools,0.152899
15_9_F_11_B_2013_07_19.pdf,6,topdrive,0.150078
15_9_F_11_B_2013_07_19.pdf,7,bha lubricator,0.145195
15_9_F_11_B_2013_07_19.pdf,8,bha wireline,0.145195
15_9_F_11_B_2013_07_19.pdf,9,rih perforation,0.134337
15_9_F_11_B_2013_07_19.pdf,10,cablehead,0.134337
15_9_F_11_B_2013_07_19.pdf,11,gun assembly,0.131985
15_9_F_11_B_2013_07_19.pdf,12,lubricator,0.130717
15_9_F_11_B_2013_07_19.pdf,13,meanwhile removed,0.12449
15_9_F_11_B_2013_07_19.pdf,14,interval,0.123926
15_9_F_11_B_2013_07_19.pdf,15,perforated interval,0.122436
15_9_F_11_B_2013_07_20.pdf,1,perforation bha,0.238533
15_9_F_11_B_2013_07_20.pdf,2,perforation,0.192602
15_9_F_11_B_2013_07_20.pdf,3,bha wireline,0.185662
15_9_F_11_B_2013_07_20.pdf,4,rih perforation,0.184225
15_9_F_11_B_2013_07_20.pdf,5,wireline surface,0.154631
15_9_F_11_B_2013_07_20.pdf,6,wireline tractor,0.14871
15_9_F_11_B_2013_07_20.pdf,7,lubricator pressure,0.146181
15_9_F_11_B_2013_07_20.pdf,8,bha lubricator,0.143872
15_9_F_11_B_2013_07_20.pdf,9,whp bar,0.138854
15_9_F_11_B_2013_07_20.pdf,10,build cablehead,0.135989
15_9_F_11_B_2013_07_20.pdf,11,whp,0.135986
15_9_F_11_B_2013_07_20.pdf,12,interval,0.13545
15_9_F_11_B_2013_07_20.pdf,13,tested situ,0.133113
15_9_F_11_B_2013_07_20.pdf,14,sub bar,0.129022
15_9_F_11_B_2013_07_20.pdf,15,pooh perforation,0.128558
15_9_F_11_B_2013_07_21.pdf,1,perforation bha,0.232659
15_9_F_11_B_2013_07_21.pdf,2,perforation,0.197549
15_9_F_11_B_2013_07_21.pdf,3,whp bar,0.172063
15_9_F_11_B_2013_07_21.pdf,4,perforated interval,0.169056
15_9_F_11_B_2013_07_21.pdf,5,whp,0.16851
15_9_F_11_B_2013_07_21.pdf,6,pooh perforation,0.167443
15_9_F_11_B_2013_07_21.pdf,7,positioned gun,0.165688
15_9_F_11_B_2013_07_21.pdf,8,rih perforation,0.163127
15_9_F_11_B_2013_07_21.pdf,9,perforation interval,0.158702
15_9_F_11_B_2013_07_21.pdf,10,gun assembly,0.155773
15_9_F_11_B_2013_07_21.pdf,11,interval,0.152165
15_9_F_11_B_2013_07_21.pdf,12,surface whp,0.150706
15_9_F_11_B_2013_07_21.pdf,13,interval pooh,0.150706
15_9_F_11_B_2013_07_21.pdf,14,perforated,0.146516
15_9_F_11_B_2013_07_21.pdf,15,bha wireline,0.132537
15_9_F_11_B_2013_07_22.pdf,1,cantiliver,0.232961
15_9_F_11_B_2013_07_22.pdf,2,wireline equipment,0.213424
15_9_F_11_B_2013_07_22.pdf,3,slot,0.180885
15_9_F_11_B_2013_07_22.pdf,4,master valve,0.175813
15_9_F_11_B_2013_07_22.pdf,5,hatches,0.16863
15_9_F_11_B_2013_07_22.pdf,6,reporting,0.168401
15_9_F_11_B_2013_07_22.pdf,7,lubricator perforation,0.168401
15_9_F_11_B_2013_07_22.pdf,8,bar differential,0.165293
15_9_F_11_B_2013_07_22.pdf,9,equipment prepared,0.165293
15_9_F_11_B_2013_07_22.pdf,10,bha wireline,0.159916
15_9_F_11_B_2013_07_22.pdf,11,differential,0.159916
15_9_F_11_B_2013_07_22.pdf,12,mud motor,0.155369
15_9_F_11_B_2013_07_22.pdf,13,installed hatches,0.155369
15_9_F_11_B_2013_07_22.pdf,14,weather deck,0.153334
15_9_F_11_B_2013_07_22.pdf,15,perforation bha,0.15143
15_9_F_11_B_2013_07_23.pdf,1,xmas tree,0.239583
15_9_F_11_B_2013_07_23.pdf,2,xmas,0.239583
15_9_F_11_B_2013_07_23.pdf,3,using meg,0.225628
15_9_F_11_B_2013_07_23.pdf,4,meg,0.224777
15_9_F_11_B_2013_07_23.pdf,5,tree,0.217804
15_9_F_11_B_2013_07_23.pdf,6,good test,0.203811
15_9_F_11_B_2013_07_23.pdf,7,injection,0.165005
15_9_F_11_B_2013_07_23.pdf,8,production department,0.16381
15_9_F_11_B_2013_07_23.pdf,9,min good,0.16009
15_9_F_11_B_2013_07_23.pdf,10,department,0.159866
15_9_F_11_B_2013_07_23.pdf,11,good,0.147226
15_9_F_11_B_2013_07_23.pdf,12,cap bar,0.145147
15_9_F_11_B_2013_07_23.pdf,13,tested tree,0.145147
15_9_F_11_B_2013_07_23.pdf,14,reporting,0.145147
15_9_F_11_B_2013_07_23.pdf,15,swab valve,0.145147
15_9_F_11_B_2013_07_24.pdf,1,min good,0.317384
15_9_F_11_B_2013_07_24.pdf,2,xmas tree,0.263434
15_9_F_11_B_2013_07_24.pdf,3,xmas,0.263434
15_9_F_11_B_2013_07_24.pdf,4,good test,0.245056
15_9_F_11_B_2013_07_24.pdf,5,kwv,0.228788
15_9_F_11_B_2013_07_24.pdf,6,tree,0.201114
15_9_F_11_B_2013_07_24.pdf,7,over production,0.192219
15_9_F_11_B_2013_07_24.pdf,8,handed over,0.192219
15_9_F_11_B_2013_07_24.pdf,9,handed,0.184213
15_9_F_11_B_2013_07_24.pdf,10,weco,0.182203
15_9_F_11_B_2013_07_24.pdf,11,mmv,0.182203
15_9_F_11_B_2013_07_24.pdf,12,kwv bar,0.178121
15_9_F_11_B_2013_07_24.pdf,13,good,0.17702
15_9_F_11_B_2013_07_24.pdf,14,kwv cap,0.174521
15_9_F_11_B_2013_07_24.pdf,15,inflow tested,0.164963
15_9_F_11_B_2015_10_25.pdf,1,vessel,0.606096
15_9_F_11_B_2015_10_25.pdf,2,arrived rig,0.488102
15_9_F_11_B_2015_10_25.pdf,3,arrived,0.441228
15_9_F_11_B_2015_10_25.pdf,4,spotting,0.25399
15_9_F_11_B_2015_10_25.pdf,5,equipment,0.189706
15_9_F_11_B_2015_10_25.pdf,6,lifted,0.179583
15_9_F_11_B_2015_10_25.pdf,7,wireline,0.157725
15_9_F_11_B_2015_10_25.pdf,8,rig,0.155152
15_9_F_11_B_2015_10_25.pdf,9,continue,0.134253
15_9_F_11_B_2015_10_26.pdf,1,winch,0.175962
15_9_F_11_B_2015_10_26.pdf,2,altus,0.168392
15_9_F_11_B_2015_10_26.pdf,3,surface equipment,0.163881
15_9_F_11_B_2015_10_26.pdf,4,gih,0.161846
15_9_F_11_B_2015_10_26.pdf,5,general,0.154643
15_9_F_11_B_2015_10_26.pdf,6,built,0.14883
15_9_F_11_B_2015_10_26.pdf,7,spotted,0.141335
15_9_F_11_B_2015_10_26.pdf,8,spotted equipment,0.136773
15_9_F_11_B_2015_10_26.pdf,9,cables,0.133325
15_9_F_11_B_2015_10_26.pdf,10,injection head,0.130338
15_9_F_11_B_2015_10_26.pdf,11,shore,0.130338
15_9_F_11_B_2015_10_26.pdf,12,sent,0.130338
15_9_F_11_B_2015_10_26.pdf,13,identified,0.130338
15_9_F_11_B_2015_10_26.pdf,14,bop rams,0.127704
15_9_F_11_B_2015_10_26.pdf,15,floor prior,0.125347
15_9_F_11_B_2015_10_27.pdf,1,kill wing,0.174274
15_9_F_11_B_2015_10_27.pdf,2,wing,0.160893
15_9_F_11_B_2015_10_27.pdf,3,altus,0.159754
15_9_F_11_B_2015_10_27.pdf,4,swab,0.14095
15_9_F_11_B_2015_10_27.pdf,5,cablehead,0.136007
15_9_F_11_B_2015_10_27.pdf,6,when pulling,0.12565
15_9_F_11_B_2015_10_27.pdf,7,wire,0.123979
15_9_F_11_B_2015_10_27.pdf,8,switch,0.123796
15_9_F_11_B_2015_10_27.pdf,9,hoses,0.120713
15_9_F_11_B_2015_10_27.pdf,10,wire line,0.120479
15_9_F_11_B_2015_10_27.pdf,11,production department,0.120479
15_9_F_11_B_2015_10_27.pdf,12,department,0.117579
15_9_F_11_B_2015_10_27.pdf,13,manifold,0.111622
15_9_F_11_B_2015_10_27.pdf,14,lower riser,0.103656
15_9_F_11_B_2015_10_27.pdf,15,inflow test,0.10292
15_9_F_11_B_2015_10_28.pdf,1,lbs lbs,0.216096
15_9_F_11_B_2015_10_28.pdf,2,lbs,0.170634
15_9_F_11_B_2015_10_28.pdf,3,rst,0.162281
15_9_F_11_B_2015_10_28.pdf,4,tractor,0.154324
15_9_F_11_B_2015_10_28.pdf,5,bha tractor,0.143436
15_9_F_11_B_2015_10_28.pdf,6,plt rst,0.13982
15_9_F_11_B_2015_10_28.pdf,7,over tractor,0.136688
15_9_F_11_B_2015_10_28.pdf,8,switched over,0.136688
15_9_F_11_B_2015_10_28.pdf,9,opened same,0.136688
15_9_F_11_B_2015_10_28.pdf,10,spinner,0.133925
15_9_F_11_B_2015_10_28.pdf,11,slightly,0.127177
15_9_F_11_B_2015_10_28.pdf,12,switched,0.1253
15_9_F_11_B_2015_10_28.pdf,13,calibration,0.1253
15_9_F_11_B_2015_10_28.pdf,14,powered,0.117666
15_9_F_11_B_2015_10_28.pdf,15,across,0.116427
15_9_F_11_B_2015_10_29.pdf,1,pass min,0.289138
15_9_F_11_B_2015_10_29.pdf,2,rst,0.274931
15_9_F_11_B_2015_10_29.pdf,3,switched over,0.261432
15_9_F_11_B_2015_10_29.pdf,4,switched,0.23965
15_9_F_11_B_2015_10_29.pdf,5,pass,0.234676
15_9_F_11_B_2015_10_29.pdf,6,second,0.193763
15_9_F_11_B_2015_10_29.pdf,7,over logging,0.189744
15_9_F_11_B_2015_10_29.pdf,8,performed control,0.189744
15_9_F_11_B_2015_10_29.pdf,9,rst logging,0.189744
15_9_F_11_B_2015_10_29.pdf,10,tractored down,0.189744
15_9_F_11_B_2015_10_29.pdf,11,logging mode,0.189744
15_9_F_11_B_2015_10_29.pdf,12,log,0.188694
15_9_F_11_B_2015_10_29.pdf,13,logging,0.186282
15_9_F_11_B_2015_10_29.pdf,14,over tractor,0.185494
15_9_F_11_B_2015_10_29.pdf,15,tractored,0.178391
15_9_F_11_B_2015_10_30.pdf,1,dhpg bar,0.244011
15_9_F_11_B_2015_10_30.pdf,2,opened choke,0.206154
15_9_F_11_B_2015_10_30.pdf,3,stepwise,0.203337
15_9_F_11_B_2015_10_30.pdf,4,bar dhpg,0.197129
15_9_F_11_B_2015_10_30.pdf,5,bar opened,0.175041
15_9_F_11_B_2015_10_30.pdf,6,dhpg,0.169877
15_9_F_11_B_2015_10_30.pdf,7,plt,0.169835
15_9_F_11_B_2015_10_30.pdf,8,whp bar,0.167381
15_9_F_11_B_2015_10_30.pdf,9,rst,0.165705
15_9_F_11_B_2015_10_30.pdf,10,whp,0.163924
15_9_F_11_B_2015_10_30.pdf,11,switched over,0.157568
15_9_F_11_B_2015_10_30.pdf,12,pass min,0.148957
15_9_F_11_B_2015_10_30.pdf,13,switched,0.14444
15_9_F_11_B_2015_10_30.pdf,14,passes,0.138612
15_9_F_11_B_2015_10_30.pdf,15,pass,0.13693
15_9_F_11_B_2015_10_31.pdf,1,switched over,0.187168
15_9_F_11_B_2015_10_31.pdf,2,flowing,0.177669
15_9_F_11_B_2015_10_31.pdf,3,switched,0.171574
15_9_F_11_B_2015_10_31.pdf,4,logged plt,0.167775
15_9_F_11_B_2015_10_31.pdf,5,mode rih,0.167775
15_9_F_11_B_2015_10_31.pdf,6,plt,0.165619
15_9_F_11_B_2015_10_31.pdf,7,picked back,0.162034
15_9_F_11_B_2015_10_31.pdf,8,logging mode,0.153376
15_9_F_11_B_2015_10_31.pdf,9,over logging,0.153376
15_9_F_11_B_2015_10_31.pdf,10,over tractor,0.14994
15_9_F_11_B_2015_10_31.pdf,11,perform plt,0.14994
15_9_F_11_B_2015_10_31.pdf,12,decision,0.144198
15_9_F_11_B_2015_10_31.pdf,13,dhpg bar,0.143408
15_9_F_11_B_2015_10_31.pdf,14,pass min,0.141746
15_9_F_11_B_2015_10_31.pdf,15,mode,0.138858
15_9_F_11_B_2015_11_01.pdf,1,vpm,0.197071
15_9_F_11_B_2015_11_01.pdf,2,lbs lbs,0.182605
15_9_F_11_B_2015_11_01.pdf,3,altus,0.154626
15_9_F_11_B_2015_11_01.pdf,4,bha tractor,0.14963
15_9_F_11_B_2015_11_01.pdf,5,lbs,0.147255
15_9_F_11_B_2015_11_01.pdf,6,perforation gun,0.146028
15_9_F_11_B_2015_11_01.pdf,7,tractor,0.143997
15_9_F_11_B_2015_11_01.pdf,8,switched,0.136636
15_9_F_11_B_2015_11_01.pdf,9,switched over,0.135129
15_9_F_11_B_2015_11_01.pdf,10,issue,0.132398
15_9_F_11_B_2015_11_01.pdf,11,tractored,0.129955
15_9_F_11_B_2015_11_01.pdf,12,correlation pass,0.129243
15_9_F_11_B_2015_11_01.pdf,13,perforation,0.125307
15_9_F_11_B_2015_11_01.pdf,14,approx min,0.121206
15_9_F_11_B_2015_11_01.pdf,15,perforation guns,0.11765
15_9_F_11_B_2015_11_02.pdf,1,tractor,0.146623
15_9_F_11_B_2015_11_02.pdf,2,power supply,0.137343
15_9_F_11_B_2015_11_02.pdf,3,bha tractor,0.136279
15_9_F_11_B_2015_11_02.pdf,4,gih,0.133861
15_9_F_11_B_2015_11_02.pdf,5,over logging,0.132843
15_9_F_11_B_2015_11_02.pdf,6,switched over,0.129867
15_9_F_11_B_2015_11_02.pdf,7,grease,0.128634
15_9_F_11_B_2015_11_02.pdf,8,altus,0.119047
15_9_F_11_B_2015_11_02.pdf,9,switched,0.119047
15_9_F_11_B_2015_11_02.pdf,10,supply,0.116617
15_9_F_11_B_2015_11_02.pdf,11,perforation,0.114054
15_9_F_11_B_2015_11_02.pdf,12,lubricator,0.113594
15_9_F_11_B_2015_11_02.pdf,13,perforation guns,0.113069
15_9_F_11_B_2015_11_02.pdf,14,toolstring,0.110126
15_9_F_11_B_2015_11_02.pdf,15,performed toolbox,0.10836
15_9_F_11_B_2015_11_03.pdf,1,switched over,0.151359
15_9_F_11_B_2015_11_03.pdf,2,switched,0.138748
15_9_F_11_B_2015_11_03.pdf,3,over logging,0.132341
15_9_F_11_B_2015_11_03.pdf,4,cap leak,0.132341
15_9_F_11_B_2015_11_03.pdf,5,hmv inflow,0.126761
15_9_F_11_B_2015_11_03.pdf,6,riser xmt,0.126761
15_9_F_11_B_2015_11_03.pdf,7,shots fired,0.122306
15_9_F_11_B_2015_11_03.pdf,8,top cap,0.120374
15_9_F_11_B_2015_11_03.pdf,9,shots,0.113987
15_9_F_11_B_2015_11_03.pdf,10,xmt,0.113328
15_9_F_11_B_2015_11_03.pdf,11,lubricator,0.108371
15_9_F_11_B_2015_11_03.pdf,12,hmv,0.10783
15_9_F_11_B_2015_11_03.pdf,13,closed hmv,0.104985
15_9_F_11_B_2015_11_03.pdf,14,fired,0.104985
15_9_F_11_B_2015_11_03.pdf,15,shallow,0.103208
15_9_F_11_B_2016_04_15.pdf,1,vessel,0.466899
15_9_F_11_B_2016_04_15.pdf,2,arrived rig,0.376003
15_9_F_11_B_2016_04_15.pdf,3,arrived,0.339895
15_9_F_11_B_2016_04_15.pdf,4,night,0.335443
15_9_F_11_B_2016_04_15.pdf,5,crew,0.241829
15_9_F_11_B_2016_04_15.pdf,6,held pre,0.238873
15_9_F_11_B_2016_04_15.pdf,7,recieved,0.217585
15_9_F_11_B_2016_04_15.pdf,8,job meeting,0.204014
15_9_F_11_B_2016_04_15.pdf,9,pre job,0.19761
15_9_F_11_B_2016_04_15.pdf,10,pre,0.187736
15_9_F_11_B_2016_04_15.pdf,11,job,0.179558
15_9_F_11_B_2016_04_15.pdf,12,spotted,0.156251
15_9_F_11_B_2016_04_15.pdf,13,meeting,0.156008
15_9_F_11_B_2016_04_15.pdf,14,equipment,0.146138
15_9_F_11_B_2016_04_15.pdf,15,held,0.130921
15_9_F_11_B_2016_04_16.pdf,1,maersk,0.168031
15_9_F_11_B_2016_04_16.pdf,2,spotted equipment,0.143696
15_9_F_11_B_2016_04_16.pdf,3,bop stump,0.140074
15_9_F_11_B_2016_04_16.pdf,4,cables,0.140074
15_9_F_11_B_2016_04_16.pdf,5,drillfloor held,0.136936
15_9_F_11_B_2016_04_16.pdf,6,lubricator section,0.136936
15_9_F_11_B_2016_04_16.pdf,7,fed,0.136936
15_9_F_11_B_2016_04_16.pdf,8,injection head,0.136936
15_9_F_11_B_2016_04_16.pdf,9,electrician,0.136936
15_9_F_11_B_2016_04_16.pdf,10,equipment prior,0.136936
15_9_F_11_B_2016_04_16.pdf,11,toolcatcher,0.134168
15_9_F_11_B_2016_04_16.pdf,12,bop rams,0.134168
15_9_F_11_B_2016_04_16.pdf,13,recieved,0.134168
15_9_F_11_B_2016_04_16.pdf,14,built,0.133654
15_9_F_11_B_2016_04_16.pdf,15,grease injection,0.129452
15_9_F_11_B_2016_04_17.pdf,1,prior lifting,0.159361
15_9_F_11_B_2016_04_17.pdf,2,middle,0.153557
15_9_F_11_B_2016_04_17.pdf,3,spooled,0.136216
15_9_F_11_B_2016_04_17.pdf,4,gih,0.1338
15_9_F_11_B_2016_04_17.pdf,5,lubricator,0.132857
15_9_F_11_B_2016_04_17.pdf,6,moonpool area,0.132782
15_9_F_11_B_2016_04_17.pdf,7,hoses bop,0.132782
15_9_F_11_B_2016_04_17.pdf,8,riser connected,0.132782
15_9_F_11_B_2016_04_17.pdf,9,lubricator section,0.129808
15_9_F_11_B_2016_04_17.pdf,10,prior installing,0.124837
15_9_F_11_B_2016_04_17.pdf,11,cable head,0.122169
15_9_F_11_B_2016_04_17.pdf,12,schlumberger,0.119661
15_9_F_11_B_2016_04_17.pdf,13,hmv dhsv,0.117342
15_9_F_11_B_2016_04_17.pdf,14,hoses,0.116029
15_9_F_11_B_2016_04_17.pdf,15,riser section,0.115805
15_9_F_11_B_2016_04_18.pdf,1,mmd,0.180858
15_9_F_11_B_2016_04_18.pdf,2,correlation pass,0.167391
15_9_F_11_B_2016_04_18.pdf,3,puw,0.161663
15_9_F_11_B_2016_04_18.pdf,4,puw lbs,0.15074
15_9_F_11_B_2016_04_18.pdf,5,before after,0.15074
15_9_F_11_B_2016_04_18.pdf,6,tractor,0.140086
15_9_F_11_B_2016_04_18.pdf,7,mmd mmd,0.132701
15_9_F_11_B_2016_04_18.pdf,8,logging mode,0.129356
15_9_F_11_B_2016_04_18.pdf,9,performed correlation,0.128779
15_9_F_11_B_2016_04_18.pdf,10,activated,0.125927
15_9_F_11_B_2016_04_18.pdf,11,interval mmd,0.120949
15_9_F_11_B_2016_04_18.pdf,12,lbs,0.120028
15_9_F_11_B_2016_04_18.pdf,13,correlation,0.119469
15_9_F_11_B_2016_04_18.pdf,14,tractor activated,0.11681
15_9_F_11_B_2016_04_18.pdf,15,switched,0.115922
15_9_F_11_B_2016_04_19.pdf,1,top cap,0.198757
15_9_F_11_B_2016_04_19.pdf,2,riser section,0.190577
15_9_F_11_B_2016_04_19.pdf,3,xmt,0.169641
15_9_F_11_B_2016_04_19.pdf,4,cap,0.160071
15_9_F_11_B_2016_04_19.pdf,5,lubricator gih,0.155043
15_9_F_11_B_2016_04_19.pdf,6,xmt lifted,0.155043
15_9_F_11_B_2016_04_19.pdf,7,installed top,0.155043
15_9_F_11_B_2016_04_19.pdf,8,moonpool area,0.155043
15_9_F_11_B_2016_04_19.pdf,9,lifting sub,0.15157
15_9_F_11_B_2016_04_19.pdf,10,tubing pressure,0.15157
15_9_F_11_B_2016_04_19.pdf,11,end operation,0.148507
15_9_F_11_B_2016_04_19.pdf,12,entire,0.148507
15_9_F_11_B_2016_04_19.pdf,13,kwv cap,0.148507
15_9_F_11_B_2016_04_19.pdf,14,cap bar,0.148507
15_9_F_11_B_2016_04_19.pdf,15,riser xmt,0.148507
15_9_F_11_B_2016_04_21.pdf,1,straddle,0.195374
15_9_F_11_B_2016_04_21.pdf,2,received,0.178524
15_9_F_11_B_2016_04_21.pdf,3,gih,0.168279
15_9_F_11_B_2016_04_21.pdf,4,lubricator gih,0.166999
15_9_F_11_B_2016_04_21.pdf,5,riser section,0.145646
15_9_F_11_B_2016_04_21.pdf,6,production department,0.145646
15_9_F_11_B_2016_04_21.pdf,7,vessel,0.143838
15_9_F_11_B_2016_04_21.pdf,8,xmt,0.143006
15_9_F_11_B_2016_04_21.pdf,9,department,0.14214
15_9_F_11_B_2016_04_21.pdf,10,lubricator,0.129597
15_9_F_11_B_2016_04_21.pdf,11,grease,0.125309
15_9_F_11_B_2016_04_21.pdf,12,tkv,0.125179
15_9_F_11_B_2016_04_21.pdf,13,prior lifting,0.121555
15_9_F_11_B_2016_04_21.pdf,14,starlube,0.121555
15_9_F_11_B_2016_04_21.pdf,15,error,0.11849
15_9_F_11_B_2016_04_22.pdf,1,grease,0.157637
15_9_F_11_B_2016_04_22.pdf,2,starlube,0.156961
15_9_F_11_B_2016_04_22.pdf,3,using top,0.143061
15_9_F_11_B_2016_04_22.pdf,4,altus,0.137115
15_9_F_11_B_2016_04_22.pdf,5,bop using,0.134165
15_9_F_11_B_2016_04_22.pdf,6,riser section,0.133442
15_9_F_11_B_2016_04_22.pdf,7,double securing,0.130783
15_9_F_11_B_2016_04_22.pdf,8,straddle,0.130783
15_9_F_11_B_2016_04_22.pdf,9,hmv,0.130546
15_9_F_11_B_2016_04_22.pdf,10,grease pressure,0.127853
15_9_F_11_B_2016_04_22.pdf,11,pressure tubing,0.122957
15_9_F_11_B_2016_04_22.pdf,12,lubricator,0.122793
15_9_F_11_B_2016_04_22.pdf,13,open hmv,0.120866
15_9_F_11_B_2016_04_22.pdf,14,tubing bar,0.117201
15_9_F_11_B_2016_04_22.pdf,15,securing,0.115575
15_9_F_11_B_2016_04_23.pdf,1,straddle,0.220593
15_9_F_11_B_2016_04_23.pdf,2,mmd,0.17624
15_9_F_11_B_2016_04_23.pdf,3,interval mmd,0.161852
15_9_F_11_B_2016_04_23.pdf,4,whp bar,0.140515
15_9_F_11_B_2016_04_23.pdf,5,rih tractor,0.138807
15_9_F_11_B_2016_04_23.pdf,6,whp,0.137613
15_9_F_11_B_2016_04_23.pdf,7,performed tool,0.135308
15_9_F_11_B_2016_04_23.pdf,8,tractor,0.130438
15_9_F_11_B_2016_04_23.pdf,9,correlation,0.123588
15_9_F_11_B_2016_04_23.pdf,10,prior bha,0.121256
15_9_F_11_B_2016_04_23.pdf,11,correlation log,0.121256
15_9_F_11_B_2016_04_23.pdf,12,stabbed lubricator,0.121256
15_9_F_11_B_2016_04_23.pdf,13,speed min,0.120552
15_9_F_11_B_2016_04_23.pdf,14,lbs,0.112684
15_9_F_11_B_2016_04_23.pdf,15,hmv,0.110248
15_9_F_11_B_2016_04_24.pdf,1,mmd,0.176689
15_9_F_11_B_2016_04_24.pdf,2,straddle,0.17361
15_9_F_11_B_2016_04_24.pdf,3,interval mmd,0.153833
15_9_F_11_B_2016_04_24.pdf,4,performed tool,0.140631
15_9_F_11_B_2016_04_24.pdf,5,lubricator section,0.13748
15_9_F_11_B_2016_04_24.pdf,6,lbs,0.129185
15_9_F_11_B_2016_04_24.pdf,7,top cap,0.127915
15_9_F_11_B_2016_04_24.pdf,8,across interval,0.12265
15_9_F_11_B_2016_04_24.pdf,9,min closed,0.121127
15_9_F_11_B_2016_04_24.pdf,10,cap,0.113633
15_9_F_11_B_2016_04_24.pdf,11,drillfloor,0.111815
15_9_F_11_B_2016_04_24.pdf,12,lubricator,0.109134
15_9_F_11_B_2016_04_24.pdf,13,speed min,0.107097
15_9_F_11_B_2016_04_24.pdf,14,whp bar,0.105523
15_9_F_11_B_2016_04_24.pdf,15,tractor activated,0.105414
15_9_F_11_B_2016_04_25.pdf,1,end operation,0.424514
15_9_F_11_B_2016_04_25.pdf,2,equipment prepared,0.336175
15_9_F_11_B_2016_04_25.pdf,3,backload,0.330457
15_9_F_11_B_2016_04_25.pdf,4,end,0.292683
15_9_F_11_B_2016_04_25.pdf,5,packed,0.274411
15_9_F_11_B_2016_04_25.pdf,6,cleaned tidied,0.268306
15_9_F_11_B_2016_04_25.pdf,7,tidied,0.243342
15_9_F_11_B_2016_04_25.pdf,8,operation,0.238392
15_9_F_11_B_2016_04_25.pdf,9,inspection,0.23177
15_9_F_11_B_2016_04_25.pdf,10,cantilever,0.221185
15_9_F_11_B_2016_04_25.pdf,11,drillfloor,0.220309
15_9_F_11_B_2016_04_25.pdf,12,cleaned,0.20945
15_9_F_11_B_2016_04_25.pdf,13,prepared,0.147053
15_9_F_11_B_2016_04_25.pdf,14,equipment,0.13586
15_9_F_11_B_2016_04_25.pdf,15,performed,0.115951
15_9_F_11_B_2016_09_19.pdf,1,moon pool,0.165886
15_9_F_11_B_2016_09_19.pdf,2,pool,0.165886
15_9_F_11_B_2016_09_19.pdf,3,lower riser,0.165237
15_9_F_11_B_2016_09_19.pdf,4,moon,0.161483
15_9_F_11_B_2016_09_19.pdf,5,riser performed,0.15555
15_9_F_11_B_2016_09_19.pdf,6,chicksan,0.152406
15_9_F_11_B_2016_09_19.pdf,7,manifolds,0.137048
15_9_F_11_B_2016_09_19.pdf,8,riser bop,0.136795
15_9_F_11_B_2016_09_19.pdf,9,lower,0.126802
15_9_F_11_B_2016_09_19.pdf,10,skidded cantilever,0.1254
15_9_F_11_B_2016_09_19.pdf,11,cantilever,0.121506
15_9_F_11_B_2016_09_19.pdf,12,skid,0.117724
15_9_F_11_B_2016_09_19.pdf,13,hoses,0.117533
15_9_F_11_B_2016_09_19.pdf,14,spotted equipment,0.115816
15_9_F_11_B_2016_09_19.pdf,15,skid cantilever,0.112896
15_9_F_11_B_2016_09_20.pdf,1,off manifold,0.166719
15_9_F_11_B_2016_09_20.pdf,2,barrier plug,0.158606
15_9_F_11_B_2016_09_20.pdf,3,barrier,0.142885
15_9_F_11_B_2016_09_20.pdf,4,tree cap,0.140628
15_9_F_11_B_2016_09_20.pdf,5,deep set,0.127132
15_9_F_11_B_2016_09_20.pdf,6,pumped meg,0.126582
15_9_F_11_B_2016_09_20.pdf,7,bleed off,0.123824
15_9_F_11_B_2016_09_20.pdf,8,deep,0.122782
15_9_F_11_B_2016_09_20.pdf,9,tree,0.122141
15_9_F_11_B_2016_09_20.pdf,10,bleed,0.11647
15_9_F_11_B_2016_09_20.pdf,11,lower riser,0.116011
15_9_F_11_B_2016_09_20.pdf,12,meg,0.111422
15_9_F_11_B_2016_09_20.pdf,13,under,0.111214
15_9_F_11_B_2016_09_20.pdf,14,manifold,0.106783
15_9_F_11_B_2016_09_20.pdf,15,riser lubricator,0.103062
15_9_F_11_B_2016_09_21.pdf,1,barrier plug,0.134894
15_9_F_11_B_2016_09_21.pdf,2,pressure tubing,0.123625
15_9_F_11_B_2016_09_21.pdf,3,barrier,0.121523
15_9_F_11_B_2016_09_21.pdf,4,shallow set,0.120152
15_9_F_11_B_2016_09_21.pdf,5,speed min,0.118461
15_9_F_11_B_2016_09_21.pdf,6,closed drain,0.117837
15_9_F_11_B_2016_09_21.pdf,7,plug mid,0.115302
15_9_F_11_B_2016_09_21.pdf,8,across interval,0.114681
15_9_F_11_B_2016_09_21.pdf,9,tool string,0.113554
15_9_F_11_B_2016_09_21.pdf,10,mid packer,0.112396
15_9_F_11_B_2016_09_21.pdf,11,tagged plug,0.109878
15_9_F_11_B_2016_09_21.pdf,12,packer element,0.109878
15_9_F_11_B_2016_09_21.pdf,13,qts bar,0.109878
15_9_F_11_B_2016_09_21.pdf,14,set plug,0.109466
15_9_F_11_B_2016_09_21.pdf,15,shallow,0.108209
15_9_F_11_B_2016_09_22.pdf,1,pressure tests,0.166978
15_9_F_11_B_2016_09_22.pdf,2,choke manifolds,0.15445
15_9_F_11_B_2016_09_22.pdf,3,moon pool,0.135425
15_9_F_11_B_2016_09_22.pdf,4,pool,0.135425
15_9_F_11_B_2016_09_22.pdf,5,moon,0.13183
15_9_F_11_B_2016_09_22.pdf,6,performed pressure,0.131015
15_9_F_11_B_2016_09_22.pdf,7,manifolds,0.125922
15_9_F_11_B_2016_09_22.pdf,8,tests,0.124435
15_9_F_11_B_2016_09_22.pdf,9,kill choke,0.111336
15_9_F_11_B_2016_09_22.pdf,10,tree,0.102092
15_9_F_11_B_2016_09_22.pdf,11,bop stump,0.100109
15_9_F_11_B_2016_09_22.pdf,12,floor meanwhile,0.098562
15_9_F_11_B_2016_09_22.pdf,13,fox,0.097866
15_9_F_11_B_2016_09_22.pdf,14,stump,0.096249
15_9_F_11_B_2016_09_22.pdf,15,chains,0.094119
15_9_F_11_B_2016_09_23.pdf,1,pulling tubing,0.138927
15_9_F_11_B_2016_09_23.pdf,2,annulus pressure,0.130614
15_9_F_11_B_2016_09_23.pdf,3,control line,0.126125
15_9_F_11_B_2016_09_23.pdf,4,power slips,0.118749
15_9_F_11_B_2016_09_23.pdf,5,stabilized bar,0.118749
15_9_F_11_B_2016_09_23.pdf,6,tubing average,0.116089
15_9_F_11_B_2016_09_23.pdf,7,tubing,0.115794
15_9_F_11_B_2016_09_23.pdf,8,swedge,0.115654
15_9_F_11_B_2016_09_23.pdf,9,thrt,0.114754
15_9_F_11_B_2016_09_23.pdf,10,joints hour,0.113743
15_9_F_11_B_2016_09_23.pdf,11,continued pulling,0.113743
15_9_F_11_B_2016_09_23.pdf,12,dhsv,0.112214
15_9_F_11_B_2016_09_23.pdf,13,pressure tubing,0.111644
15_9_F_11_B_2016_09_23.pdf,14,zero,0.11021
15_9_F_11_B_2016_09_23.pdf,15,barrier plug,0.107134
15_9_F_11_B_2016_09_24.pdf,1,speed hour,0.130273
15_9_F_11_B_2016_09_24.pdf,2,spear,0.121695
15_9_F_11_B_2016_09_24.pdf,3,meeting casing,0.120488
15_9_F_11_B_2016_09_24.pdf,4,swedge,0.117348
15_9_F_11_B_2016_09_24.pdf,5,fosv,0.117348
15_9_F_11_B_2016_09_24.pdf,6,wash tool,0.115408
15_9_F_11_B_2016_09_24.pdf,7,mas tree,0.111352
15_9_F_11_B_2016_09_24.pdf,8,mas,0.111352
15_9_F_11_B_2016_09_24.pdf,9,tubing,0.107716
15_9_F_11_B_2016_09_24.pdf,10,casing handling,0.106547
15_9_F_11_B_2016_09_24.pdf,11,hydraulic hose,0.101398
15_9_F_11_B_2016_09_24.pdf,12,tieback,0.100305
15_9_F_11_B_2016_09_24.pdf,13,pooh spear,0.099622
15_9_F_11_B_2016_09_24.pdf,14,hour,0.09859
15_9_F_11_B_2016_09_24.pdf,15,average pulling,0.098282
15_9_F_11_B_2016_09_25.pdf,1,tieback casing,0.201983
15_9_F_11_B_2016_09_25.pdf,2,seal retrieval,0.160124
15_9_F_11_B_2016_09_25.pdf,3,tieback,0.158153
15_9_F_11_B_2016_09_25.pdf,4,spear,0.145878
15_9_F_11_B_2016_09_25.pdf,5,retrieval tool,0.141974
15_9_F_11_B_2016_09_25.pdf,6,cutter bha,0.140189
15_9_F_11_B_2016_09_25.pdf,7,left hand,0.137937
15_9_F_11_B_2016_09_25.pdf,8,spear bha,0.136131
15_9_F_11_B_2016_09_25.pdf,9,retrieval,0.132853
15_9_F_11_B_2016_09_25.pdf,10,bha inspected,0.130429
15_9_F_11_B_2016_09_25.pdf,11,issue,0.127793
15_9_F_11_B_2016_09_25.pdf,12,floor due,0.125435
15_9_F_11_B_2016_09_25.pdf,13,jetting,0.123823
15_9_F_11_B_2016_09_25.pdf,14,jetting tool,0.123301
15_9_F_11_B_2016_09_25.pdf,15,cutter,0.121861
15_9_F_11_B_2016_09_26.pdf,1,batch,0.184905
15_9_F_11_B_2016_09_26.pdf,2,postflush,0.157385
15_9_F_11_B_2016_09_26.pdf,3,slop,0.153053
15_9_F_11_B_2016_09_26.pdf,4,after batch,0.146751
15_9_F_11_B_2016_09_26.pdf,5,casing fish,0.140388
15_9_F_11_B_2016_09_26.pdf,6,started pumping,0.133054
15_9_F_11_B_2016_09_26.pdf,7,pumping slop,0.133042
15_9_F_11_B_2016_09_26.pdf,8,batch min,0.133042
15_9_F_11_B_2016_09_26.pdf,9,slop batch,0.133042
15_9_F_11_B_2016_09_26.pdf,10,preflush,0.12919
15_9_F_11_B_2016_09_26.pdf,11,milling bha,0.128377
15_9_F_11_B_2016_09_26.pdf,12,drops,0.125933
15_9_F_11_B_2016_09_26.pdf,13,casing cutter,0.123112
15_9_F_11_B_2016_09_26.pdf,14,fish,0.122687
15_9_F_11_B_2016_09_26.pdf,15,milling,0.119646
15_9_F_11_B_2016_09_27.pdf,1,batch,0.178169
15_9_F_11_B_2016_09_27.pdf,2,combined,0.162134
15_9_F_11_B_2016_09_27.pdf,3,batch min,0.146987
15_9_F_11_B_2016_09_27.pdf,4,plug bha,0.136017
15_9_F_11_B_2016_09_27.pdf,5,slop,0.133848
15_9_F_11_B_2016_09_27.pdf,6,ezsv,0.132393
15_9_F_11_B_2016_09_27.pdf,7,cutter,0.128499
15_9_F_11_B_2016_09_27.pdf,8,pumping slop,0.125639
15_9_F_11_B_2016_09_27.pdf,9,postflush,0.125639
15_9_F_11_B_2016_09_27.pdf,10,slop batch,0.125639
15_9_F_11_B_2016_09_27.pdf,11,taper mill,0.125639
15_9_F_11_B_2016_09_27.pdf,12,ezsv plug,0.124684
15_9_F_11_B_2016_09_27.pdf,13,perforation bha,0.119838
15_9_F_11_B_2016_09_27.pdf,14,taper,0.118926
15_9_F_11_B_2016_09_27.pdf,15,continued pumping,0.11181
15_9_F_11_B_2016_09_28.pdf,1,batch,0.167749
15_9_F_11_B_2016_09_28.pdf,2,woc,0.143348
15_9_F_11_B_2016_09_28.pdf,3,rig choke,0.134384
15_9_F_11_B_2016_09_28.pdf,4,woc meanwhile,0.132402
15_9_F_11_B_2016_09_28.pdf,5,pms,0.130996
15_9_F_11_B_2016_09_28.pdf,6,line rig,0.130996
15_9_F_11_B_2016_09_28.pdf,7,knots,0.127693
15_9_F_11_B_2016_09_28.pdf,8,slop,0.12602
15_9_F_11_B_2016_09_28.pdf,9,wind speed,0.119151
15_9_F_11_B_2016_09_28.pdf,10,slop batch,0.118291
15_9_F_11_B_2016_09_28.pdf,11,pumping slop,0.118291
15_9_F_11_B_2016_09_28.pdf,12,after batch,0.118291
15_9_F_11_B_2016_09_28.pdf,13,batch min,0.118291
15_9_F_11_B_2016_09_28.pdf,14,postflush,0.118291
15_9_F_11_B_2016_09_28.pdf,15,ezsv running,0.114867
15_9_F_11_B_2016_09_29.pdf,1,batch,0.165078
15_9_F_11_B_2016_09_29.pdf,2,slop,0.13086
15_9_F_11_B_2016_09_29.pdf,3,pumping slop,0.122834
15_9_F_11_B_2016_09_29.pdf,4,postflush,0.122834
15_9_F_11_B_2016_09_29.pdf,5,after batch,0.122834
15_9_F_11_B_2016_09_29.pdf,6,tool stand,0.113666
15_9_F_11_B_2016_09_29.pdf,7,bop tension,0.113666
15_9_F_11_B_2016_09_29.pdf,8,bushing outer,0.111369
15_9_F_11_B_2016_09_29.pdf,9,cement min,0.111369
15_9_F_11_B_2016_09_29.pdf,10,chains,0.109314
15_9_F_11_B_2016_09_29.pdf,11,balanced cement,0.108218
15_9_F_11_B_2016_09_29.pdf,12,jetting tool,0.107455
15_9_F_11_B_2016_09_29.pdf,13,balanced,0.10371
15_9_F_11_B_2016_09_29.pdf,14,center,0.101405
15_9_F_11_B_2016_09_29.pdf,15,reporting,0.097943
15_9_F_11_B_2016_10_21.pdf,1,cutting machine,0.165233
15_9_F_11_B_2016_10_21.pdf,2,cut riser,0.146198
15_9_F_11_B_2016_10_21.pdf,3,machine,0.146019
15_9_F_11_B_2016_10_21.pdf,4,multibowl,0.143394
15_9_F_11_B_2016_10_21.pdf,5,riser lift,0.142487
15_9_F_11_B_2016_10_21.pdf,6,lift cleaned,0.142487
15_9_F_11_B_2016_10_21.pdf,7,cleaned off,0.138362
15_9_F_11_B_2016_10_21.pdf,8,growth centralizer,0.134874
15_9_F_11_B_2016_10_21.pdf,9,significant wave,0.134874
15_9_F_11_B_2016_10_21.pdf,10,off marine,0.134874
15_9_F_11_B_2016_10_21.pdf,11,wave height,0.134874
15_9_F_11_B_2016_10_21.pdf,12,marine growth,0.134874
15_9_F_11_B_2016_10_21.pdf,13,growth,0.134874
15_9_F_11_B_2016_10_21.pdf,14,deck landed,0.133754
15_9_F_11_B_2016_10_21.pdf,15,marine,0.129188
15_9_F_11_B_2016_10_22.pdf,1,cutting machine,0.213768
15_9_F_11_B_2016_10_22.pdf,2,riser lift,0.204737
15_9_F_11_B_2016_10_22.pdf,3,lift pulled,0.204737
15_9_F_11_B_2016_10_22.pdf,4,joint lift,0.198809
15_9_F_11_B_2016_10_22.pdf,5,riser joint,0.18891
15_9_F_11_B_2016_10_22.pdf,6,machine,0.18891
15_9_F_11_B_2016_10_22.pdf,7,deck landed,0.181203
15_9_F_11_B_2016_10_22.pdf,8,pulled riser,0.176274
15_9_F_11_B_2016_10_22.pdf,9,machine riser,0.175002
15_9_F_11_B_2016_10_22.pdf,10,lift cleaned,0.175002
15_9_F_11_B_2016_10_22.pdf,11,riser cutting,0.169935
15_9_F_11_B_2016_10_22.pdf,12,elevator cutting,0.169935
15_9_F_11_B_2016_10_22.pdf,13,onto elevator,0.169935
15_9_F_11_B_2016_10_22.pdf,14,machine cut,0.169935
15_9_F_11_B_2016_10_22.pdf,15,cleaned off,0.169935
15_9_F_11_T2_2013_03_24.pdf,1,took gyro,0.180452
15_9_F_11_T2_2013_03_24.pdf,2,bit survey,0.180452
15_9_F_11_T2_2013_03_24.pdf,3,deg azi,0.169231
15_9_F_11_T2_2013_03_24.pdf,4,survey station,0.164965
15_9_F_11_T2_2013_03_24.pdf,5,azi deg,0.164965
15_9_F_11_T2_2013_03_24.pdf,6,azi,0.164965
15_9_F_11_T2_2013_03_24.pdf,7,station inclination,0.164965
15_9_F_11_T2_2013_03_24.pdf,8,tons wob,0.164965
15_9_F_11_T2_2013_03_24.pdf,9,survey bit,0.164965
15_9_F_11_T2_2013_03_24.pdf,10,wob pumped,0.162502
15_9_F_11_T2_2013_03_24.pdf,11,vis sweeps,0.16127
15_9_F_11_T2_2013_03_24.pdf,12,sweeps wireline,0.159271
15_9_F_11_T2_2013_03_24.pdf,13,knm tons,0.152541
15_9_F_11_T2_2013_03_24.pdf,14,sweeps,0.152456
15_9_F_11_T2_2013_03_24.pdf,15,inclination deg,0.150048
15_9_F_11_T2_2013_03_25.pdf,1,bit survey,0.176441
15_9_F_11_T2_2013_03_25.pdf,2,took gyro,0.176441
15_9_F_11_T2_2013_03_25.pdf,3,wob pumped,0.174468
15_9_F_11_T2_2013_03_25.pdf,4,knm tons,0.171789
15_9_F_11_T2_2013_03_25.pdf,5,tons wob,0.168658
15_9_F_11_T2_2013_03_25.pdf,6,deg azi,0.16547
15_9_F_11_T2_2013_03_25.pdf,7,vis sweeps,0.16488
15_9_F_11_T2_2013_03_25.pdf,8,survey station,0.161298
15_9_F_11_T2_2013_03_25.pdf,9,station inclination,0.161298
15_9_F_11_T2_2013_03_25.pdf,10,azi deg,0.161298
15_9_F_11_T2_2013_03_25.pdf,11,azi,0.161298
15_9_F_11_T2_2013_03_25.pdf,12,survey bit,0.161298
15_9_F_11_T2_2013_03_25.pdf,13,sweeps wireline,0.160674
15_9_F_11_T2_2013_03_25.pdf,14,sweeps,0.15587
15_9_F_11_T2_2013_03_25.pdf,15,deg drilled,0.152291
15_9_F_11_T2_2013_03_26.pdf,1,sheave crown,0.212663
15_9_F_11_T2_2013_03_26.pdf,2,fast line,0.20247
15_9_F_11_T2_2013_03_26.pdf,3,crown block,0.193206
15_9_F_11_T2_2013_03_26.pdf,4,fast,0.191405
15_9_F_11_T2_2013_03_26.pdf,5,line sheave,0.191405
15_9_F_11_T2_2013_03_26.pdf,6,crown,0.178758
15_9_F_11_T2_2013_03_26.pdf,7,bha deck,0.163164
15_9_F_11_T2_2013_03_26.pdf,8,sheave,0.15119
15_9_F_11_T2_2013_03_26.pdf,9,block,0.137682
15_9_F_11_T2_2013_03_26.pdf,10,changing,0.126174
15_9_F_11_T2_2013_03_26.pdf,11,bha performed,0.122404
15_9_F_11_T2_2013_03_26.pdf,12,performed pre,0.114747
15_9_F_11_T2_2013_03_26.pdf,13,cleared cleaned,0.110767
15_9_F_11_T2_2013_03_26.pdf,14,meanwhile made,0.10587
15_9_F_11_T2_2013_03_26.pdf,15,cleaned rig,0.104822
15_9_F_11_T2_2013_03_27.pdf,1,sheave crown,0.260592
15_9_F_11_T2_2013_03_27.pdf,2,fast line,0.254455
15_9_F_11_T2_2013_03_27.pdf,3,line sheave,0.240549
15_9_F_11_T2_2013_03_27.pdf,4,fast,0.240549
15_9_F_11_T2_2013_03_27.pdf,5,crown block,0.224364
15_9_F_11_T2_2013_03_27.pdf,6,crown,0.207585
15_9_F_11_T2_2013_03_27.pdf,7,general rig,0.206863
15_9_F_11_T2_2013_03_27.pdf,8,sheave,0.198413
15_9_F_11_T2_2013_03_27.pdf,9,rig maintenance,0.191896
15_9_F_11_T2_2013_03_27.pdf,10,bop annular,0.188292
15_9_F_11_T2_2013_03_27.pdf,11,performed general,0.162792
15_9_F_11_T2_2013_03_27.pdf,12,block,0.159886
15_9_F_11_T2_2013_03_27.pdf,13,general,0.15478
15_9_F_11_T2_2013_03_27.pdf,14,changing,0.154611
15_9_F_11_T2_2013_03_27.pdf,15,trouble shoot,0.148375
15_9_F_11_T2_2013_03_28.pdf,1,fast line,0.26322
15_9_F_11_T2_2013_03_28.pdf,2,fast,0.248835
15_9_F_11_T2_2013_03_28.pdf,3,line sheave,0.248835
15_9_F_11_T2_2013_03_28.pdf,4,bop annular,0.233708
15_9_F_11_T2_2013_03_28.pdf,5,sheave,0.214494
15_9_F_11_T2_2013_03_28.pdf,6,general rig,0.177777
15_9_F_11_T2_2013_03_28.pdf,7,rig maintenance,0.164915
15_9_F_11_T2_2013_03_28.pdf,8,crown,0.159131
15_9_F_11_T2_2013_03_28.pdf,9,trouble shoot,0.157416
15_9_F_11_T2_2013_03_28.pdf,10,transferred,0.156535
15_9_F_11_T2_2013_03_28.pdf,11,performed general,0.152985
15_9_F_11_T2_2013_03_28.pdf,12,shoot,0.152765
15_9_F_11_T2_2013_03_28.pdf,13,general,0.145456
15_9_F_11_T2_2013_03_28.pdf,14,annular,0.143391
15_9_F_11_T2_2013_03_28.pdf,15,sheave crown,0.141739
15_9_F_11_T2_2013_03_29.pdf,1,bottom assembly,0.214512
15_9_F_11_T2_2013_03_29.pdf,2,made bottom,0.205122
15_9_F_11_T2_2013_03_29.pdf,3,ran bottom,0.175144
15_9_F_11_T2_2013_03_29.pdf,4,sheave,0.164786
15_9_F_11_T2_2013_03_29.pdf,5,fast line,0.157206
15_9_F_11_T2_2013_03_29.pdf,6,fast,0.148615
15_9_F_11_T2_2013_03_29.pdf,7,line sheave,0.148615
15_9_F_11_T2_2013_03_29.pdf,8,bop annular,0.137063
15_9_F_11_T2_2013_03_29.pdf,9,general maintenance,0.13533
15_9_F_11_T2_2013_03_29.pdf,10,informed production,0.12974
15_9_F_11_T2_2013_03_29.pdf,11,ran wireline,0.12974
15_9_F_11_T2_2013_03_29.pdf,12,continued installing,0.126833
15_9_F_11_T2_2013_03_29.pdf,13,ready,0.126833
15_9_F_11_T2_2013_03_29.pdf,14,lifting,0.125099
15_9_F_11_T2_2013_03_29.pdf,15,bottom,0.123957
15_9_F_11_T2_2013_03_30.pdf,1,pumped visc,0.212217
15_9_F_11_T2_2013_03_30.pdf,2,bar ecd,0.208062
15_9_F_11_T2_2013_03_30.pdf,3,visc pill,0.194004
15_9_F_11_T2_2013_03_30.pdf,4,pill every,0.185824
15_9_F_11_T2_2013_03_30.pdf,5,visc,0.182395
15_9_F_11_T2_2013_03_30.pdf,6,every single,0.182395
15_9_F_11_T2_2013_03_30.pdf,7,knm pumped,0.165125
15_9_F_11_T2_2013_03_30.pdf,8,oriented lpm,0.158822
15_9_F_11_T2_2013_03_30.pdf,9,average rop,0.157265
15_9_F_11_T2_2013_03_30.pdf,10,deg azi,0.154224
15_9_F_11_T2_2013_03_30.pdf,11,drilled lpm,0.151488
15_9_F_11_T2_2013_03_30.pdf,12,station inclination,0.150336
15_9_F_11_T2_2013_03_30.pdf,13,survey station,0.150336
15_9_F_11_T2_2013_03_30.pdf,14,deg drilled,0.150336
15_9_F_11_T2_2013_03_30.pdf,15,azi deg,0.150336
15_9_F_11_T2_2013_03_31.pdf,1,pumped visc,0.276053
15_9_F_11_T2_2013_03_31.pdf,2,visc pill,0.252361
15_9_F_11_T2_2013_03_31.pdf,3,bar ecd,0.252361
15_9_F_11_T2_2013_03_31.pdf,4,pill every,0.241721
15_9_F_11_T2_2013_03_31.pdf,5,oriented lpm,0.2417
15_9_F_11_T2_2013_03_31.pdf,6,visc,0.237261
15_9_F_11_T2_2013_03_31.pdf,7,every single,0.237261
15_9_F_11_T2_2013_03_31.pdf,8,slided,0.205026
15_9_F_11_T2_2013_03_31.pdf,9,ecd pumped,0.200615
15_9_F_11_T2_2013_03_31.pdf,10,utsira,0.197057
15_9_F_11_T2_2013_03_31.pdf,11,average rop,0.190749
15_9_F_11_T2_2013_03_31.pdf,12,oriented,0.166136
15_9_F_11_T2_2013_03_31.pdf,13,single,0.150843
15_9_F_11_T2_2013_03_31.pdf,14,average,0.138939
15_9_F_11_T2_2013_03_31.pdf,15,pill,0.135359
15_9_F_11_T2_2013_04_01.pdf,1,rig casing,0.339169
15_9_F_11_T2_2013_04_01.pdf,2,kcl mud,0.319506
15_9_F_11_T2_2013_04_01.pdf,3,bottom assembly,0.316204
15_9_F_11_T2_2013_04_01.pdf,4,kcl,0.313062
15_9_F_11_T2_2013_04_01.pdf,5,drilled oriented,0.285942
15_9_F_11_T2_2013_04_01.pdf,6,circulate clean,0.263991
15_9_F_11_T2_2013_04_01.pdf,7,oriented,0.243357
15_9_F_11_T2_2013_04_01.pdf,8,displace,0.220808
15_9_F_11_T2_2013_04_01.pdf,9,volume,0.21725
15_9_F_11_T2_2013_04_01.pdf,10,open,0.210052
15_9_F_11_T2_2013_04_01.pdf,11,circulate,0.209436
15_9_F_11_T2_2013_04_01.pdf,12,bottom,0.182719
15_9_F_11_T2_2013_04_01.pdf,13,pull,0.170242
15_9_F_11_T2_2013_04_01.pdf,14,assembly,0.167948
15_9_F_11_T2_2013_04_01.pdf,15,clean,0.150562
15_9_F_11_T2_2013_04_02.pdf,1,bottom assembly,0.180565
15_9_F_11_T2_2013_04_02.pdf,2,pulled bottom,0.17027
15_9_F_11_T2_2013_04_02.pdf,3,pumped visc,0.160476
15_9_F_11_T2_2013_04_02.pdf,4,oriented lpm,0.154984
15_9_F_11_T2_2013_04_02.pdf,5,kcl mud,0.150769
15_9_F_11_T2_2013_04_02.pdf,6,kcl,0.147728
15_9_F_11_T2_2013_04_02.pdf,7,bar ecd,0.146703
15_9_F_11_T2_2013_04_02.pdf,8,visc,0.137925
15_9_F_11_T2_2013_04_02.pdf,9,slided,0.131468
15_9_F_11_T2_2013_04_02.pdf,10,mud lpm,0.129728
15_9_F_11_T2_2013_04_02.pdf,11,wells,0.127946
15_9_F_11_T2_2013_04_02.pdf,12,mud pumps,0.11348
15_9_F_11_T2_2013_04_02.pdf,13,clean lpm,0.111721
15_9_F_11_T2_2013_04_02.pdf,14,average rop,0.110887
15_9_F_11_T2_2013_04_02.pdf,15,skade,0.106782
15_9_F_11_T2_2013_04_03.pdf,1,bails elevators,0.166725
15_9_F_11_T2_2013_04_03.pdf,2,machine,0.164808
15_9_F_11_T2_2013_04_03.pdf,3,pdm,0.16063
15_9_F_11_T2_2013_04_03.pdf,4,shoe joint,0.152122
15_9_F_11_T2_2013_04_03.pdf,5,installed casing,0.150714
15_9_F_11_T2_2013_04_03.pdf,6,pipedeck,0.14874
15_9_F_11_T2_2013_04_03.pdf,7,joint float,0.143662
15_9_F_11_T2_2013_04_03.pdf,8,performed prejob,0.140509
15_9_F_11_T2_2013_04_03.pdf,9,collar joint,0.136423
15_9_F_11_T2_2013_04_03.pdf,10,thread,0.130809
15_9_F_11_T2_2013_04_03.pdf,11,prejob meeting,0.127971
15_9_F_11_T2_2013_04_03.pdf,12,prejob,0.127062
15_9_F_11_T2_2013_04_03.pdf,13,rigged casing,0.124861
15_9_F_11_T2_2013_04_03.pdf,14,float collar,0.122343
15_9_F_11_T2_2013_04_03.pdf,15,derrick rigged,0.121007
15_9_F_11_T2_2013_04_04.pdf,1,hour filled,0.15522
15_9_F_11_T2_2013_04_04.pdf,2,meeting oncoming,0.151307
15_9_F_11_T2_2013_04_04.pdf,3,oncoming,0.147918
15_9_F_11_T2_2013_04_04.pdf,4,checked equipment,0.147918
15_9_F_11_T2_2013_04_04.pdf,5,down joints,0.144928
15_9_F_11_T2_2013_04_04.pdf,6,joints hour,0.144928
15_9_F_11_T2_2013_04_04.pdf,7,deck crane,0.142253
15_9_F_11_T2_2013_04_04.pdf,8,ran casing,0.141187
15_9_F_11_T2_2013_04_04.pdf,9,barriers,0.139834
15_9_F_11_T2_2013_04_04.pdf,10,crews,0.135594
15_9_F_11_T2_2013_04_04.pdf,11,casing average,0.135594
15_9_F_11_T2_2013_04_04.pdf,12,speed joints,0.130323
15_9_F_11_T2_2013_04_04.pdf,13,maersk,0.128784
15_9_F_11_T2_2013_04_04.pdf,14,joints,0.125079
15_9_F_11_T2_2013_04_04.pdf,15,laying,0.124659
15_9_F_11_T2_2013_04_05.pdf,1,backup,0.165483
15_9_F_11_T2_2013_04_05.pdf,2,weight observed,0.147034
15_9_F_11_T2_2013_04_05.pdf,3,removed casing,0.143741
15_9_F_11_T2_2013_04_05.pdf,4,same deck,0.143741
15_9_F_11_T2_2013_04_05.pdf,5,ran casing,0.143419
15_9_F_11_T2_2013_04_05.pdf,6,down casing,0.136461
15_9_F_11_T2_2013_04_05.pdf,7,installed elevator,0.135885
15_9_F_11_T2_2013_04_05.pdf,8,casing string,0.133739
15_9_F_11_T2_2013_04_05.pdf,9,casing hwdp,0.121571
15_9_F_11_T2_2013_04_05.pdf,10,meter,0.11528
15_9_F_11_T2_2013_04_05.pdf,11,liter min,0.114667
15_9_F_11_T2_2013_04_05.pdf,12,down same,0.10805
15_9_F_11_T2_2013_04_05.pdf,13,wellhead,0.107951
15_9_F_11_T2_2013_04_05.pdf,14,hour filled,0.107023
15_9_F_11_T2_2013_04_05.pdf,15,chain hoists,0.107023
15_9_F_11_T2_2013_04_06.pdf,1,liter min,0.117781
15_9_F_11_T2_2013_04_06.pdf,2,slurry min,0.117033
15_9_F_11_T2_2013_04_06.pdf,3,liter,0.116314
15_9_F_11_T2_2013_04_06.pdf,4,cart,0.114156
15_9_F_11_T2_2013_04_06.pdf,5,cement stand,0.113983
15_9_F_11_T2_2013_04_06.pdf,6,observe,0.106451
15_9_F_11_T2_2013_04_06.pdf,7,made cement,0.103424
15_9_F_11_T2_2013_04_06.pdf,8,hpdr,0.102233
15_9_F_11_T2_2013_04_06.pdf,9,top plug,0.096421
15_9_F_11_T2_2013_04_06.pdf,10,cantilever,0.093422
15_9_F_11_T2_2013_04_06.pdf,11,min bar,0.091684
15_9_F_11_T2_2013_04_06.pdf,12,claxton tool,0.090529
15_9_F_11_T2_2013_04_06.pdf,13,claxton,0.089815
15_9_F_11_T2_2013_04_06.pdf,14,tds washpipe,0.087726
15_9_F_11_T2_2013_04_06.pdf,15,ton,0.08632
15_9_F_11_T2_2013_04_07.pdf,1,tbc stress,0.181846
15_9_F_11_T2_2013_04_07.pdf,2,stress joint,0.170538
15_9_F_11_T2_2013_04_07.pdf,3,stress,0.162515
15_9_F_11_T2_2013_04_07.pdf,4,tbc,0.161833
15_9_F_11_T2_2013_04_07.pdf,5,nubbin,0.155436
15_9_F_11_T2_2013_04_07.pdf,6,lift nubbin,0.155436
15_9_F_11_T2_2013_04_07.pdf,7,seal faces,0.150116
15_9_F_11_T2_2013_04_07.pdf,8,faces,0.14577
15_9_F_11_T2_2013_04_07.pdf,9,riser pup,0.142095
15_9_F_11_T2_2013_04_07.pdf,10,riser joints,0.133593
15_9_F_11_T2_2013_04_07.pdf,11,hpdr,0.129752
15_9_F_11_T2_2013_04_07.pdf,12,riser joint,0.125572
15_9_F_11_T2_2013_04_07.pdf,13,landed same,0.120944
15_9_F_11_T2_2013_04_07.pdf,14,ran hpdr,0.119696
15_9_F_11_T2_2013_04_07.pdf,15,riser spider,0.11707
15_9_F_11_T2_2013_04_08.pdf,1,between riser,0.206459
15_9_F_11_T2_2013_04_08.pdf,2,nubbin,0.194534
15_9_F_11_T2_2013_04_08.pdf,3,riser joints,0.189212
15_9_F_11_T2_2013_04_08.pdf,4,joints tested,0.187877
15_9_F_11_T2_2013_04_08.pdf,5,connection between,0.183286
15_9_F_11_T2_2013_04_08.pdf,6,nubbin checked,0.176361
15_9_F_11_T2_2013_04_08.pdf,7,lift nubbin,0.176361
15_9_F_11_T2_2013_04_08.pdf,8,removed lift,0.170326
15_9_F_11_T2_2013_04_08.pdf,9,checked seal,0.170326
15_9_F_11_T2_2013_04_08.pdf,10,seal faces,0.170326
15_9_F_11_T2_2013_04_08.pdf,11,anti collision,0.165394
15_9_F_11_T2_2013_04_08.pdf,12,faces,0.165394
15_9_F_11_T2_2013_04_08.pdf,13,made connection,0.162335
15_9_F_11_T2_2013_04_08.pdf,14,fairings,0.157613
15_9_F_11_T2_2013_04_08.pdf,15,anti,0.149
15_9_F_11_T2_2013_04_09.pdf,1,joints tested,0.16984
15_9_F_11_T2_2013_04_09.pdf,2,bop joint,0.160766
15_9_F_11_T2_2013_04_09.pdf,3,tension joint,0.150935
15_9_F_11_T2_2013_04_09.pdf,4,nubbin checked,0.150317
15_9_F_11_T2_2013_04_09.pdf,5,lift nubbin,0.150317
15_9_F_11_T2_2013_04_09.pdf,6,nubbin,0.150317
15_9_F_11_T2_2013_04_09.pdf,7,removed lift,0.145173
15_9_F_11_T2_2013_04_09.pdf,8,checked seal,0.145173
15_9_F_11_T2_2013_04_09.pdf,9,seal faces,0.145173
15_9_F_11_T2_2013_04_09.pdf,10,between riser,0.14097
15_9_F_11_T2_2013_04_09.pdf,11,faces,0.14097
15_9_F_11_T2_2013_04_09.pdf,12,connection between,0.14021
15_9_F_11_T2_2013_04_09.pdf,13,made connection,0.136835
15_9_F_11_T2_2013_04_09.pdf,14,bails elevators,0.134338
15_9_F_11_T2_2013_04_09.pdf,15,equipment prior,0.134338
15_9_F_11_T2_2013_04_10.pdf,1,riser guide,0.182318
15_9_F_11_T2_2013_04_10.pdf,2,test riser,0.178409
15_9_F_11_T2_2013_04_10.pdf,3,worked installation,0.169073
15_9_F_11_T2_2013_04_10.pdf,4,guide funnel,0.160631
15_9_F_11_T2_2013_04_10.pdf,5,washpipe,0.153785
15_9_F_11_T2_2013_04_10.pdf,6,tbc,0.145441
15_9_F_11_T2_2013_04_10.pdf,7,tensioner system,0.144517
15_9_F_11_T2_2013_04_10.pdf,8,hot stab,0.137912
15_9_F_11_T2_2013_04_10.pdf,9,hot,0.136593
15_9_F_11_T2_2013_04_10.pdf,10,installation,0.135866
15_9_F_11_T2_2013_04_10.pdf,11,funnel,0.131964
15_9_F_11_T2_2013_04_10.pdf,12,torq,0.13145
15_9_F_11_T2_2013_04_10.pdf,13,hose bar,0.129509
15_9_F_11_T2_2013_04_10.pdf,14,meanwhile worked,0.123005
15_9_F_11_T2_2013_04_10.pdf,15,stab,0.117584
15_9_F_11_T2_2013_04_11.pdf,1,cylinders,0.16566
15_9_F_11_T2_2013_04_11.pdf,2,claxton tool,0.164256
15_9_F_11_T2_2013_04_11.pdf,3,claxton,0.16296
15_9_F_11_T2_2013_04_11.pdf,4,nippled,0.160847
15_9_F_11_T2_2013_04_11.pdf,5,tension cylinders,0.151156
15_9_F_11_T2_2013_04_11.pdf,6,skidding bop,0.150665
15_9_F_11_T2_2013_04_11.pdf,7,skidding,0.150255
15_9_F_11_T2_2013_04_11.pdf,8,cylinders meanwhile,0.14729
15_9_F_11_T2_2013_04_11.pdf,9,deck prepared,0.14729
15_9_F_11_T2_2013_04_11.pdf,10,joint diverter,0.144313
15_9_F_11_T2_2013_04_11.pdf,11,centralizer boat,0.144313
15_9_F_11_T2_2013_04_11.pdf,12,shifted,0.14165
15_9_F_11_T2_2013_04_11.pdf,13,skidded bop,0.139241
15_9_F_11_T2_2013_04_11.pdf,14,slip joint,0.139241
15_9_F_11_T2_2013_04_11.pdf,15,tensioner,0.139131
15_9_F_11_T2_2013_04_12.pdf,1,bop hpdr,0.178628
15_9_F_11_T2_2013_04_12.pdf,2,bha average,0.172296
15_9_F_11_T2_2013_04_12.pdf,3,joint diverter,0.161955
15_9_F_11_T2_2013_04_12.pdf,4,seat protector,0.158912
15_9_F_11_T2_2013_04_12.pdf,5,average tripping,0.156827
15_9_F_11_T2_2013_04_12.pdf,6,slip joint,0.156263
15_9_F_11_T2_2013_04_12.pdf,7,protector rih,0.153795
15_9_F_11_T2_2013_04_12.pdf,8,nippled,0.145634
15_9_F_11_T2_2013_04_12.pdf,9,systems,0.145634
15_9_F_11_T2_2013_04_12.pdf,10,seat,0.144611
15_9_F_11_T2_2013_04_12.pdf,11,surface meter,0.136416
15_9_F_11_T2_2013_04_12.pdf,12,picked singles,0.13336
15_9_F_11_T2_2013_04_12.pdf,13,bar picked,0.13336
15_9_F_11_T2_2013_04_12.pdf,14,protector pooh,0.13336
15_9_F_11_T2_2013_04_12.pdf,15,hwdp surface,0.13336
15_9_F_11_T2_2013_04_13.pdf,1,firm cement,0.189028
15_9_F_11_T2_2013_04_13.pdf,2,wob ton,0.182061
15_9_F_11_T2_2013_04_13.pdf,3,firm,0.18001
15_9_F_11_T2_2013_04_13.pdf,4,drilled firm,0.178739
15_9_F_11_T2_2013_04_13.pdf,5,black,0.175127
15_9_F_11_T2_2013_04_13.pdf,6,cement min,0.175127
15_9_F_11_T2_2013_04_13.pdf,7,coming,0.157479
15_9_F_11_T2_2013_04_13.pdf,8,rubber,0.153866
15_9_F_11_T2_2013_04_13.pdf,9,ton,0.15261
15_9_F_11_T2_2013_04_13.pdf,10,min bar,0.143234
15_9_F_11_T2_2013_04_13.pdf,11,drilled bottom,0.13705
15_9_F_11_T2_2013_04_13.pdf,12,meter,0.133987
15_9_F_11_T2_2013_04_13.pdf,13,shakers,0.127391
15_9_F_11_T2_2013_04_13.pdf,14,bottom wiper,0.126821
15_9_F_11_T2_2013_04_13.pdf,15,knm wob,0.126037
15_9_F_11_T2_2013_04_14.pdf,1,lines against,0.150461
15_9_F_11_T2_2013_04_14.pdf,2,prior fit,0.150461
15_9_F_11_T2_2013_04_14.pdf,3,wob ton,0.149824
15_9_F_11_T2_2013_04_14.pdf,4,test surface,0.14709
15_9_F_11_T2_2013_04_14.pdf,5,liter,0.141712
15_9_F_11_T2_2013_04_14.pdf,6,pumped liter,0.139052
15_9_F_11_T2_2013_04_14.pdf,7,liter min,0.137277
15_9_F_11_T2_2013_04_14.pdf,8,screw,0.131223
15_9_F_11_T2_2013_04_14.pdf,9,test cement,0.131223
15_9_F_11_T2_2013_04_14.pdf,10,down string,0.128064
15_9_F_11_T2_2013_04_14.pdf,11,min bar,0.124379
15_9_F_11_T2_2013_04_14.pdf,12,fit,0.122664
15_9_F_11_T2_2013_04_14.pdf,13,rathole,0.113727
15_9_F_11_T2_2013_04_14.pdf,14,attempted pressure,0.110568
15_9_F_11_T2_2013_04_14.pdf,15,obtained,0.109125
15_9_F_11_T2_2013_04_15.pdf,1,liter min,0.203685
15_9_F_11_T2_2013_04_15.pdf,2,liter,0.177743
15_9_F_11_T2_2013_04_15.pdf,3,screw,0.176513
15_9_F_11_T2_2013_04_15.pdf,4,min bar,0.158554
15_9_F_11_T2_2013_04_15.pdf,5,tanks supply,0.151708
15_9_F_11_T2_2013_04_15.pdf,6,iso tanks,0.151708
15_9_F_11_T2_2013_04_15.pdf,7,disk,0.151708
15_9_F_11_T2_2013_04_15.pdf,8,able back,0.147316
15_9_F_11_T2_2013_04_15.pdf,9,vessel due,0.147316
15_9_F_11_T2_2013_04_15.pdf,10,cuttings,0.143648
15_9_F_11_T2_2013_04_15.pdf,11,load cuttings,0.143602
15_9_F_11_T2_2013_04_15.pdf,12,back load,0.143602
15_9_F_11_T2_2013_04_15.pdf,13,cuttings iso,0.143602
15_9_F_11_T2_2013_04_15.pdf,14,down liter,0.143602
15_9_F_11_T2_2013_04_15.pdf,15,due heavy,0.143602
15_9_F_11_T2_2013_04_16.pdf,1,tanks supply,0.23022
15_9_F_11_T2_2013_04_16.pdf,2,iso tanks,0.23022
15_9_F_11_T2_2013_04_16.pdf,3,cuttings iso,0.217919
15_9_F_11_T2_2013_04_16.pdf,4,iso,0.213038
15_9_F_11_T2_2013_04_16.pdf,5,supply vessel,0.201396
15_9_F_11_T2_2013_04_16.pdf,6,vessel,0.198061
15_9_F_11_T2_2013_04_16.pdf,7,load cuttings,0.18627
15_9_F_11_T2_2013_04_16.pdf,8,back load,0.18627
15_9_F_11_T2_2013_04_16.pdf,9,tanks,0.185481
15_9_F_11_T2_2013_04_16.pdf,10,supply,0.180368
15_9_F_11_T2_2013_04_16.pdf,11,loaded cuttings,0.16805
15_9_F_11_T2_2013_04_16.pdf,12,back loaded,0.16805
15_9_F_11_T2_2013_04_16.pdf,13,liter min,0.145265
15_9_F_11_T2_2013_04_16.pdf,14,cuttings,0.139506
15_9_F_11_T2_2013_04_16.pdf,15,vessel due,0.135582
15_9_F_11_T2_2013_04_17.pdf,1,iso tanks,0.186598
15_9_F_11_T2_2013_04_17.pdf,2,iso,0.172671
15_9_F_11_T2_2013_04_17.pdf,3,tanks supply,0.169166
15_9_F_11_T2_2013_04_17.pdf,4,load cuttings,0.160127
15_9_F_11_T2_2013_04_17.pdf,5,cuttings iso,0.160127
15_9_F_11_T2_2013_04_17.pdf,6,drilled reduced,0.160127
15_9_F_11_T2_2013_04_17.pdf,7,back load,0.160127
15_9_F_11_T2_2013_04_17.pdf,8,tanks,0.150336
15_9_F_11_T2_2013_04_17.pdf,9,meter hour,0.147985
15_9_F_11_T2_2013_04_17.pdf,10,supply vessel,0.147985
15_9_F_11_T2_2013_04_17.pdf,11,drilled min,0.145648
15_9_F_11_T2_2013_04_17.pdf,12,transfer,0.143498
15_9_F_11_T2_2013_04_17.pdf,13,able back,0.14041
15_9_F_11_T2_2013_04_17.pdf,14,vessel due,0.14041
15_9_F_11_T2_2013_04_17.pdf,15,vessel,0.13792
15_9_F_11_T2_2013_04_18.pdf,1,iso tanks,0.184058
15_9_F_11_T2_2013_04_18.pdf,2,tanks supply,0.184058
15_9_F_11_T2_2013_04_18.pdf,3,weather meanwhile,0.178729
15_9_F_11_T2_2013_04_18.pdf,4,able back,0.178729
15_9_F_11_T2_2013_04_18.pdf,5,vessel due,0.178729
15_9_F_11_T2_2013_04_18.pdf,6,waited weather,0.175862
15_9_F_11_T2_2013_04_18.pdf,7,take scr,0.174224
15_9_F_11_T2_2013_04_18.pdf,8,load cuttings,0.174224
15_9_F_11_T2_2013_04_18.pdf,9,back load,0.174224
15_9_F_11_T2_2013_04_18.pdf,10,due heavy,0.174224
15_9_F_11_T2_2013_04_18.pdf,11,cuttings iso,0.174224
15_9_F_11_T2_2013_04_18.pdf,12,tbt rih,0.170321
15_9_F_11_T2_2013_04_18.pdf,13,wind sea,0.170321
15_9_F_11_T2_2013_04_18.pdf,14,iso,0.170321
15_9_F_11_T2_2013_04_18.pdf,15,circ,0.168092
15_9_F_11_T2_2013_04_19.pdf,1,weather back,0.20369
15_9_F_11_T2_2013_04_19.pdf,2,load cuttings,0.193041
15_9_F_11_T2_2013_04_19.pdf,3,back load,0.193041
15_9_F_11_T2_2013_04_19.pdf,4,supply vessel,0.164799
15_9_F_11_T2_2013_04_19.pdf,5,iso,0.159935
15_9_F_11_T2_2013_04_19.pdf,6,vessel,0.15359
15_9_F_11_T2_2013_04_19.pdf,7,inst rop,0.150916
15_9_F_11_T2_2013_04_19.pdf,8,bar ecd,0.142853
15_9_F_11_T2_2013_04_19.pdf,9,cuttings iso,0.142853
15_9_F_11_T2_2013_04_19.pdf,10,inst,0.142853
15_9_F_11_T2_2013_04_19.pdf,11,load,0.13912
15_9_F_11_T2_2013_04_19.pdf,12,back loaded,0.136976
15_9_F_11_T2_2013_04_19.pdf,13,supply,0.133804
15_9_F_11_T2_2013_04_19.pdf,14,reciprocating rotating,0.133569
15_9_F_11_T2_2013_04_19.pdf,15,waited weather,0.133363
15_9_F_11_T2_2013_04_20.pdf,1,cuttings supply,0.249215
15_9_F_11_T2_2013_04_20.pdf,2,back loaded,0.233718
15_9_F_11_T2_2013_04_20.pdf,3,loaded cuttings,0.233718
15_9_F_11_T2_2013_04_20.pdf,4,meanwhile back,0.232377
15_9_F_11_T2_2013_04_20.pdf,5,supply vessel,0.222175
15_9_F_11_T2_2013_04_20.pdf,6,vessel,0.207063
15_9_F_11_T2_2013_04_20.pdf,7,supply,0.180389
15_9_F_11_T2_2013_04_20.pdf,8,wob inst,0.180071
15_9_F_11_T2_2013_04_20.pdf,9,inst rop,0.173909
15_9_F_11_T2_2013_04_20.pdf,10,inst,0.164617
15_9_F_11_T2_2013_04_20.pdf,11,ecd meanwhile,0.164617
15_9_F_11_T2_2013_04_20.pdf,12,loaded,0.164189
15_9_F_11_T2_2013_04_20.pdf,13,iso,0.160929
15_9_F_11_T2_2013_04_20.pdf,14,cuttings,0.152298
15_9_F_11_T2_2013_04_20.pdf,15,rop ecd,0.138534
15_9_F_11_T2_2013_04_21.pdf,1,meanwhile back,0.249335
15_9_F_11_T2_2013_04_21.pdf,2,wob inst,0.249335
15_9_F_11_T2_2013_04_21.pdf,3,cuttings supply,0.249335
15_9_F_11_T2_2013_04_21.pdf,4,inst rop,0.240803
15_9_F_11_T2_2013_04_21.pdf,5,back loaded,0.233831
15_9_F_11_T2_2013_04_21.pdf,6,loaded cuttings,0.233831
15_9_F_11_T2_2013_04_21.pdf,7,vessel drilled,0.228204
15_9_F_11_T2_2013_04_21.pdf,8,inst,0.227936
15_9_F_11_T2_2013_04_21.pdf,9,ecd meanwhile,0.216011
15_9_F_11_T2_2013_04_21.pdf,10,supply vessel,0.210653
15_9_F_11_T2_2013_04_21.pdf,11,vessel,0.196325
15_9_F_11_T2_2013_04_21.pdf,12,rop ecd,0.191821
15_9_F_11_T2_2013_04_21.pdf,13,orientated lpm,0.187792
15_9_F_11_T2_2013_04_21.pdf,14,drilled orientated,0.17372
15_9_F_11_T2_2013_04_21.pdf,15,supply,0.171034
15_9_F_11_T2_2013_04_22.pdf,1,wob inst,0.207355
15_9_F_11_T2_2013_04_22.pdf,2,inst rop,0.200259
15_9_F_11_T2_2013_04_22.pdf,3,inst,0.189559
15_9_F_11_T2_2013_04_22.pdf,4,cuttings supply,0.17724
15_9_F_11_T2_2013_04_22.pdf,5,meanwhile back,0.17724
15_9_F_11_T2_2013_04_22.pdf,6,back loaded,0.166218
15_9_F_11_T2_2013_04_22.pdf,7,loaded cuttings,0.166218
15_9_F_11_T2_2013_04_22.pdf,8,rop ecd,0.159525
15_9_F_11_T2_2013_04_22.pdf,9,checked min,0.155197
15_9_F_11_T2_2013_04_22.pdf,10,supply vessel,0.149742
15_9_F_11_T2_2013_04_22.pdf,11,min static,0.141312
15_9_F_11_T2_2013_04_22.pdf,12,vessel,0.139557
15_9_F_11_T2_2013_04_22.pdf,13,clean lpm,0.123392
15_9_F_11_T2_2013_04_22.pdf,14,supply,0.121579
15_9_F_11_T2_2013_04_22.pdf,15,vessel drilled,0.121453
15_9_F_11_T2_2013_04_23.pdf,1,obm average,0.218134
15_9_F_11_T2_2013_04_23.pdf,2,speed jts,0.201768
15_9_F_11_T2_2013_04_23.pdf,3,csg filling,0.201768
15_9_F_11_T2_2013_04_23.pdf,4,seat protector,0.193416
15_9_F_11_T2_2013_04_23.pdf,5,joint obm,0.190987
15_9_F_11_T2_2013_04_23.pdf,6,seat,0.17601
15_9_F_11_T2_2013_04_23.pdf,7,filling every,0.166568
15_9_F_11_T2_2013_04_23.pdf,8,protector,0.164985
15_9_F_11_T2_2013_04_23.pdf,9,casing handling,0.157858
15_9_F_11_T2_2013_04_23.pdf,10,jts,0.150201
15_9_F_11_T2_2013_04_23.pdf,11,every joint,0.148944
15_9_F_11_T2_2013_04_23.pdf,12,rih csg,0.14657
15_9_F_11_T2_2013_04_23.pdf,13,held tbt,0.144359
15_9_F_11_T2_2013_04_23.pdf,14,joints tested,0.14316
15_9_F_11_T2_2013_04_23.pdf,15,baffle,0.139015
15_9_F_11_T2_2013_04_24.pdf,1,obm average,0.217011
15_9_F_11_T2_2013_04_24.pdf,2,csg filling,0.209607
15_9_F_11_T2_2013_04_24.pdf,3,speed jts,0.200728
15_9_F_11_T2_2013_04_24.pdf,4,joint obm,0.198408
15_9_F_11_T2_2013_04_24.pdf,5,power tong,0.183659
15_9_F_11_T2_2013_04_24.pdf,6,filling every,0.17304
15_9_F_11_T2_2013_04_24.pdf,7,every joint,0.154732
15_9_F_11_T2_2013_04_24.pdf,8,rih csg,0.152265
15_9_F_11_T2_2013_04_24.pdf,9,jts,0.149427
15_9_F_11_T2_2013_04_24.pdf,10,filling,0.140393
15_9_F_11_T2_2013_04_24.pdf,11,average running,0.137804
15_9_F_11_T2_2013_04_24.pdf,12,stabbing guide,0.137449
15_9_F_11_T2_2013_04_24.pdf,13,fac,0.131102
15_9_F_11_T2_2013_04_24.pdf,14,pack off,0.128095
15_9_F_11_T2_2013_04_24.pdf,15,hydraulic hose,0.128095
15_9_F_11_T2_2013_04_25.pdf,1,marked,0.139557
15_9_F_11_T2_2013_04_25.pdf,2,after strokes,0.128217
15_9_F_11_T2_2013_04_25.pdf,3,down pumps,0.12371
15_9_F_11_T2_2013_04_25.pdf,4,strokes,0.121139
15_9_F_11_T2_2013_04_25.pdf,5,restriction,0.104393
15_9_F_11_T2_2013_04_25.pdf,6,casing hanger,0.10392
15_9_F_11_T2_2013_04_25.pdf,7,power tong,0.103895
15_9_F_11_T2_2013_04_25.pdf,8,recorded,0.102145
15_9_F_11_T2_2013_04_25.pdf,9,speed jts,0.100339
15_9_F_11_T2_2013_04_25.pdf,10,csg filling,0.100339
15_9_F_11_T2_2013_04_25.pdf,11,cement assembly,0.100339
15_9_F_11_T2_2013_04_25.pdf,12,dart,0.098369
15_9_F_11_T2_2013_04_25.pdf,13,slacked,0.095871
15_9_F_11_T2_2013_04_25.pdf,14,zeroed stroke,0.094978
15_9_F_11_T2_2013_04_25.pdf,15,bar bumped,0.094978
15_9_F_11_T2_2013_04_26.pdf,1,hanger running,0.172438
15_9_F_11_T2_2013_04_26.pdf,2,installed wear,0.156066
15_9_F_11_T2_2013_04_26.pdf,3,wear bushing,0.149622
15_9_F_11_T2_2013_04_26.pdf,4,wear,0.144411
15_9_F_11_T2_2013_04_26.pdf,5,tool same,0.140339
15_9_F_11_T2_2013_04_26.pdf,6,seal assembly,0.139353
15_9_F_11_T2_2013_04_26.pdf,7,tbt bha,0.134855
15_9_F_11_T2_2013_04_26.pdf,8,tested seal,0.131634
15_9_F_11_T2_2013_04_26.pdf,9,combination,0.131455
15_9_F_11_T2_2013_04_26.pdf,10,floor serviced,0.131455
15_9_F_11_T2_2013_04_26.pdf,11,bha filling,0.131455
15_9_F_11_T2_2013_04_26.pdf,12,running tool,0.129467
15_9_F_11_T2_2013_04_26.pdf,13,set wear,0.12851
15_9_F_11_T2_2013_04_26.pdf,14,decreasing trend,0.12851
15_9_F_11_T2_2013_04_26.pdf,15,equipment prior,0.12851
15_9_F_11_T2_2013_04_27.pdf,1,gyro survey,0.210851
15_9_F_11_T2_2013_04_27.pdf,2,due gyro,0.193488
15_9_F_11_T2_2013_04_27.pdf,3,recording,0.176882
15_9_F_11_T2_2013_04_27.pdf,4,encoder,0.17292
15_9_F_11_T2_2013_04_27.pdf,5,gyro,0.171414
15_9_F_11_T2_2013_04_27.pdf,6,speed due,0.169425
15_9_F_11_T2_2013_04_27.pdf,7,drilled shoetrack,0.137469
15_9_F_11_T2_2013_04_27.pdf,8,performed fit,0.137469
15_9_F_11_T2_2013_04_27.pdf,9,while pooh,0.134704
15_9_F_11_T2_2013_04_27.pdf,10,survey,0.132718
15_9_F_11_T2_2013_04_27.pdf,11,gyro tool,0.128749
15_9_F_11_T2_2013_04_27.pdf,12,fit emw,0.126888
15_9_F_11_T2_2013_04_27.pdf,13,pooh meanwhile,0.125503
15_9_F_11_T2_2013_04_27.pdf,14,bha filling,0.125503
15_9_F_11_T2_2013_04_27.pdf,15,same lpm,0.125503
15_9_F_11_T2_2013_04_28.pdf,1,rih steerable,0.288331
15_9_F_11_T2_2013_04_28.pdf,2,steerable bha,0.259924
15_9_F_11_T2_2013_04_28.pdf,3,steerable,0.254464
15_9_F_11_T2_2013_04_28.pdf,4,filled string,0.196284
15_9_F_11_T2_2013_04_28.pdf,5,string every,0.192369
15_9_F_11_T2_2013_04_28.pdf,6,bha filled,0.174245
15_9_F_11_T2_2013_04_28.pdf,7,plugged,0.161062
15_9_F_11_T2_2013_04_28.pdf,8,held tbt,0.159859
15_9_F_11_T2_2013_04_28.pdf,9,tools rih,0.143734
15_9_F_11_T2_2013_04_28.pdf,10,bha including,0.143734
15_9_F_11_T2_2013_04_28.pdf,11,hwdp rih,0.141082
15_9_F_11_T2_2013_04_28.pdf,12,tbt,0.135862
15_9_F_11_T2_2013_04_28.pdf,13,ontrack,0.134477
15_9_F_11_T2_2013_04_28.pdf,14,cut line,0.133211
15_9_F_11_T2_2013_04_28.pdf,15,bha pulled,0.132611
15_9_F_11_T2_2013_04_29.pdf,1,net rop,0.231676
15_9_F_11_T2_2013_04_29.pdf,2,rop net,0.231676
15_9_F_11_T2_2013_04_29.pdf,3,wob gross,0.211793
15_9_F_11_T2_2013_04_29.pdf,4,gross,0.207048
15_9_F_11_T2_2013_04_29.pdf,5,gross rop,0.207048
15_9_F_11_T2_2013_04_29.pdf,6,net,0.19912
15_9_F_11_T2_2013_04_29.pdf,7,rop ecd,0.178236
15_9_F_11_T2_2013_04_29.pdf,8,orientated lpm,0.174492
15_9_F_11_T2_2013_04_29.pdf,9,rih steerable,0.168195
15_9_F_11_T2_2013_04_29.pdf,10,drilled orientated,0.166505
15_9_F_11_T2_2013_04_29.pdf,11,orientated,0.152899
15_9_F_11_T2_2013_04_29.pdf,12,mwd tools,0.149149
15_9_F_11_T2_2013_04_29.pdf,13,slipped cut,0.135509
15_9_F_11_T2_2013_04_29.pdf,14,steerable bha,0.133983
15_9_F_11_T2_2013_04_29.pdf,15,rop,0.133123
15_9_F_11_T2_2013_04_30.pdf,1,rop net,0.29285
15_9_F_11_T2_2013_04_30.pdf,2,net rop,0.29285
15_9_F_11_T2_2013_04_30.pdf,3,wob gross,0.267716
15_9_F_11_T2_2013_04_30.pdf,4,gross rop,0.261719
15_9_F_11_T2_2013_04_30.pdf,5,gross,0.261719
15_9_F_11_T2_2013_04_30.pdf,6,net,0.251697
15_9_F_11_T2_2013_04_30.pdf,7,rop ecd,0.225298
15_9_F_11_T2_2013_04_30.pdf,8,orientated lpm,0.220566
15_9_F_11_T2_2013_04_30.pdf,9,drilled orientated,0.205213
15_9_F_11_T2_2013_04_30.pdf,10,orientated,0.188444
15_9_F_11_T2_2013_04_30.pdf,11,rop,0.170538
15_9_F_11_T2_2013_04_30.pdf,12,knm wob,0.157746
15_9_F_11_T2_2013_04_30.pdf,13,ecd,0.142005
15_9_F_11_T2_2013_04_30.pdf,14,wob,0.133605
15_9_F_11_T2_2013_04_30.pdf,15,rpm knm,0.130372
15_9_F_11_T2_2013_05_01.pdf,1,rop net,0.26823
15_9_F_11_T2_2013_05_01.pdf,2,net rop,0.26823
15_9_F_11_T2_2013_05_01.pdf,3,wob gross,0.245209
15_9_F_11_T2_2013_05_01.pdf,4,gross,0.239716
15_9_F_11_T2_2013_05_01.pdf,5,gross rop,0.239716
15_9_F_11_T2_2013_05_01.pdf,6,net,0.230537
15_9_F_11_T2_2013_05_01.pdf,7,logging unit,0.216696
15_9_F_11_T2_2013_05_01.pdf,8,rop ecd,0.206357
15_9_F_11_T2_2013_05_01.pdf,9,booted,0.204901
15_9_F_11_T2_2013_05_01.pdf,10,orientated lpm,0.202023
15_9_F_11_T2_2013_05_01.pdf,11,drilled orientated,0.192776
15_9_F_11_T2_2013_05_01.pdf,12,orientated,0.177023
15_9_F_11_T2_2013_05_01.pdf,13,rop,0.154127
15_9_F_11_T2_2013_05_01.pdf,14,down picked,0.148715
15_9_F_11_T2_2013_05_01.pdf,15,knm wob,0.144485
15_9_F_11_T2_2013_05_02.pdf,1,ecd average,0.263287
15_9_F_11_T2_2013_05_02.pdf,2,orientated lpm,0.242054
15_9_F_11_T2_2013_05_02.pdf,3,average rop,0.22207
15_9_F_11_T2_2013_05_02.pdf,4,drilled orientated,0.218889
15_9_F_11_T2_2013_05_02.pdf,5,rop drilled,0.213892
15_9_F_11_T2_2013_05_02.pdf,6,wob ecd,0.210419
15_9_F_11_T2_2013_05_02.pdf,7,orientated,0.201002
15_9_F_11_T2_2013_05_02.pdf,8,knm wob,0.173114
15_9_F_11_T2_2013_05_02.pdf,9,average,0.161752
15_9_F_11_T2_2013_05_02.pdf,10,ecd,0.15584
15_9_F_11_T2_2013_05_02.pdf,11,rop,0.154481
15_9_F_11_T2_2013_05_02.pdf,12,decreased,0.150956
15_9_F_11_T2_2013_05_02.pdf,13,backloaded,0.1508
15_9_F_11_T2_2013_05_02.pdf,14,losses,0.143885
15_9_F_11_T2_2013_05_02.pdf,15,rpm knm,0.143073
15_9_F_11_T2_2013_05_03.pdf,1,ecd average,0.20612
15_9_F_11_T2_2013_05_03.pdf,2,orientated lpm,0.189498
15_9_F_11_T2_2013_05_03.pdf,3,average rop,0.173852
15_9_F_11_T2_2013_05_03.pdf,4,sequence,0.171821
15_9_F_11_T2_2013_05_03.pdf,5,drilled orientated,0.171362
15_9_F_11_T2_2013_05_03.pdf,6,decoding,0.17049
15_9_F_11_T2_2013_05_03.pdf,7,rop drilled,0.169032
15_9_F_11_T2_2013_05_03.pdf,8,wob ecd,0.164731
15_9_F_11_T2_2013_05_03.pdf,9,orientated,0.157359
15_9_F_11_T2_2013_05_03.pdf,10,ontrack,0.148933
15_9_F_11_T2_2013_05_03.pdf,11,knm wob,0.135527
15_9_F_11_T2_2013_05_03.pdf,12,software,0.130701
15_9_F_11_T2_2013_05_03.pdf,13,ecd,0.128738
15_9_F_11_T2_2013_05_03.pdf,14,average,0.126631
15_9_F_11_T2_2013_05_03.pdf,15,approximately,0.125887
15_9_F_11_T2_2013_05_04.pdf,1,ecd average,0.285523
15_9_F_11_T2_2013_05_04.pdf,2,orientated lpm,0.262498
15_9_F_11_T2_2013_05_04.pdf,3,average rop,0.240825
15_9_F_11_T2_2013_05_04.pdf,4,drilled orientated,0.237375
15_9_F_11_T2_2013_05_04.pdf,5,wob ecd,0.22819
15_9_F_11_T2_2013_05_04.pdf,6,rpm drilled,0.223811
15_9_F_11_T2_2013_05_04.pdf,7,orientated,0.217978
15_9_F_11_T2_2013_05_04.pdf,8,decrease,0.213282
15_9_F_11_T2_2013_05_04.pdf,9,knm wob,0.187735
15_9_F_11_T2_2013_05_04.pdf,10,rop drilled,0.179746
15_9_F_11_T2_2013_05_04.pdf,11,average,0.175413
15_9_F_11_T2_2013_05_04.pdf,12,ecd,0.169002
15_9_F_11_T2_2013_05_04.pdf,13,rop,0.160431
15_9_F_11_T2_2013_05_04.pdf,14,rpm knm,0.155157
15_9_F_11_T2_2013_05_04.pdf,15,rop performed,0.154798
15_9_F_11_T2_2013_05_05.pdf,1,bottom assembly,0.199035
15_9_F_11_T2_2013_05_05.pdf,2,performed pressure,0.190394
15_9_F_11_T2_2013_05_05.pdf,3,surveys,0.185294
15_9_F_11_T2_2013_05_05.pdf,4,drilled reduced,0.17141
15_9_F_11_T2_2013_05_05.pdf,5,ran bottom,0.164183
15_9_F_11_T2_2013_05_05.pdf,6,performed check,0.161154
15_9_F_11_T2_2013_05_05.pdf,7,hard stringers,0.158413
15_9_F_11_T2_2013_05_05.pdf,8,drilled orientated,0.158288
15_9_F_11_T2_2013_05_05.pdf,9,ecd average,0.153609
15_9_F_11_T2_2013_05_05.pdf,10,prior start,0.153609
15_9_F_11_T2_2013_05_05.pdf,11,stringers,0.149494
15_9_F_11_T2_2013_05_05.pdf,12,pressure points,0.147638
15_9_F_11_T2_2013_05_05.pdf,13,orientated,0.145353
15_9_F_11_T2_2013_05_05.pdf,14,while reciprocating,0.142696
15_9_F_11_T2_2013_05_05.pdf,15,points,0.141221
15_9_F_11_T2_2013_05_06.pdf,1,bottom assembly,0.280651
15_9_F_11_T2_2013_05_06.pdf,2,pulled bottom,0.236998
15_9_F_11_T2_2013_05_06.pdf,3,assembly observed,0.21547
15_9_F_11_T2_2013_05_06.pdf,4,performed pressure,0.169815
15_9_F_11_T2_2013_05_06.pdf,5,bottom,0.162175
15_9_F_11_T2_2013_05_06.pdf,6,ecd meanwhile,0.152882
15_9_F_11_T2_2013_05_06.pdf,7,meanwhile observed,0.149457
15_9_F_11_T2_2013_05_06.pdf,8,assembly lpm,0.149457
15_9_F_11_T2_2013_05_06.pdf,9,bar worked,0.149457
15_9_F_11_T2_2013_05_06.pdf,10,observed overpull,0.149457
15_9_F_11_T2_2013_05_06.pdf,11,maintanence,0.149457
15_9_F_11_T2_2013_05_06.pdf,12,assembly,0.149065
15_9_F_11_T2_2013_05_06.pdf,13,shoe lpm,0.146437
15_9_F_11_T2_2013_05_06.pdf,14,performed check,0.143734
15_9_F_11_T2_2013_05_06.pdf,15,restrictions,0.14129
15_9_F_11_T2_2013_05_07.pdf,1,bottom assembly,0.212906
15_9_F_11_T2_2013_05_07.pdf,2,ran bottom,0.20541
15_9_F_11_T2_2013_05_07.pdf,3,engaged top,0.203807
15_9_F_11_T2_2013_05_07.pdf,4,assembly engaged,0.203807
15_9_F_11_T2_2013_05_07.pdf,5,draw work,0.160859
15_9_F_11_T2_2013_05_07.pdf,6,draw,0.157891
15_9_F_11_T2_2013_05_07.pdf,7,vsp,0.152636
15_9_F_11_T2_2013_05_07.pdf,8,off top,0.140333
15_9_F_11_T2_2013_05_07.pdf,9,down bottom,0.140333
15_9_F_11_T2_2013_05_07.pdf,10,emptied trip,0.134959
15_9_F_11_T2_2013_05_07.pdf,11,performed prejob,0.129326
15_9_F_11_T2_2013_05_07.pdf,12,top drive,0.125944
15_9_F_11_T2_2013_05_07.pdf,13,bottom,0.125075
15_9_F_11_T2_2013_05_07.pdf,14,engaged,0.124913
15_9_F_11_T2_2013_05_07.pdf,15,emptied,0.123641
15_9_F_11_T2_2013_05_08.pdf,1,vsp,0.241403
15_9_F_11_T2_2013_05_08.pdf,2,performed prejob,0.20927
15_9_F_11_T2_2013_05_08.pdf,3,tests,0.195999
15_9_F_11_T2_2013_05_08.pdf,4,prejob,0.189242
15_9_F_11_T2_2013_05_08.pdf,5,down wireline,0.188533
15_9_F_11_T2_2013_05_08.pdf,6,wireline gyro,0.185054
15_9_F_11_T2_2013_05_08.pdf,7,wireline,0.169114
15_9_F_11_T2_2013_05_08.pdf,8,prior rig,0.157551
15_9_F_11_T2_2013_05_08.pdf,9,rigged wireline,0.155126
15_9_F_11_T2_2013_05_08.pdf,10,gyro,0.152807
15_9_F_11_T2_2013_05_08.pdf,11,toolstring,0.147928
15_9_F_11_T2_2013_05_08.pdf,12,prejob meeting,0.147694
15_9_F_11_T2_2013_05_08.pdf,13,meanwhile troubleshot,0.147541
15_9_F_11_T2_2013_05_08.pdf,14,sticky,0.13377
15_9_F_11_T2_2013_05_08.pdf,15,circulating bottoms,0.13377
15_9_F_11_T2_2013_05_09.pdf,1,power tong,0.174471
15_9_F_11_T2_2013_05_09.pdf,2,bottom assembly,0.164033
15_9_F_11_T2_2013_05_09.pdf,3,established rotation,0.133278
15_9_F_11_T2_2013_05_09.pdf,4,assembly lpm,0.133278
15_9_F_11_T2_2013_05_09.pdf,5,down wireline,0.130584
15_9_F_11_T2_2013_05_09.pdf,6,logging unit,0.120479
15_9_F_11_T2_2013_05_09.pdf,7,pack off,0.114731
15_9_F_11_T2_2013_05_09.pdf,8,wireline gyro,0.112722
15_9_F_11_T2_2013_05_09.pdf,9,pack,0.110142
15_9_F_11_T2_2013_05_09.pdf,10,restriction,0.106321
15_9_F_11_T2_2013_05_09.pdf,11,several times,0.104626
15_9_F_11_T2_2013_05_09.pdf,12,power,0.102918
15_9_F_11_T2_2013_05_09.pdf,13,stabbing guide,0.102192
15_9_F_11_T2_2013_05_09.pdf,14,csg filling,0.102192
15_9_F_11_T2_2013_05_09.pdf,15,circulation lpm,0.099522
15_9_F_11_T2_2013_05_10.pdf,1,bottom assembly,0.211523
15_9_F_11_T2_2013_05_10.pdf,2,pulled bottom,0.20632
15_9_F_11_T2_2013_05_10.pdf,3,ran cement,0.203889
15_9_F_11_T2_2013_05_10.pdf,4,lubricated,0.192995
15_9_F_11_T2_2013_05_10.pdf,5,observed tight,0.159734
15_9_F_11_T2_2013_05_10.pdf,6,assembly lpm,0.152219
15_9_F_11_T2_2013_05_10.pdf,7,bop removed,0.152219
15_9_F_11_T2_2013_05_10.pdf,8,picked ran,0.149143
15_9_F_11_T2_2013_05_10.pdf,9,near bit,0.149143
15_9_F_11_T2_2013_05_10.pdf,10,near,0.146391
15_9_F_11_T2_2013_05_10.pdf,11,totco ring,0.146391
15_9_F_11_T2_2013_05_10.pdf,12,totco,0.143901
15_9_F_11_T2_2013_05_10.pdf,13,filled trip,0.143901
15_9_F_11_T2_2013_05_10.pdf,14,removed ps21,0.141628
15_9_F_11_T2_2013_05_10.pdf,15,changed dies,0.135799
15_9_F_11_T2_2013_05_11.pdf,1,ran cement,0.191967
15_9_F_11_T2_2013_05_11.pdf,2,cement assembly,0.173976
15_9_F_11_T2_2013_05_11.pdf,3,single joint,0.16468
15_9_F_11_T2_2013_05_11.pdf,4,stinger broke,0.157723
15_9_F_11_T2_2013_05_11.pdf,5,cement stinger,0.139425
15_9_F_11_T2_2013_05_11.pdf,6,contaminated mud,0.134816
15_9_F_11_T2_2013_05_11.pdf,7,floor water,0.130913
15_9_F_11_T2_2013_05_11.pdf,8,pumped spacer,0.129512
15_9_F_11_T2_2013_05_11.pdf,9,pulled cement,0.128964
15_9_F_11_T2_2013_05_11.pdf,10,laid single,0.127612
15_9_F_11_T2_2013_05_11.pdf,11,laid cement,0.127612
15_9_F_11_T2_2013_05_11.pdf,12,joint pulled,0.127612
15_9_F_11_T2_2013_05_11.pdf,13,stinger,0.125742
15_9_F_11_T2_2013_05_11.pdf,14,assembly pressure,0.124754
15_9_F_11_T2_2013_05_11.pdf,15,stroke counters,0.124754
15_9_F_11_T2_2013_05_12.pdf,1,pulled cement,0.190238
15_9_F_11_T2_2013_05_12.pdf,2,test tool,0.170699
15_9_F_11_T2_2013_05_12.pdf,3,waited cement,0.166037
15_9_F_11_T2_2013_05_12.pdf,4,cement meanwhile,0.163008
15_9_F_11_T2_2013_05_12.pdf,5,tool removed,0.151666
15_9_F_11_T2_2013_05_12.pdf,6,cement stinger,0.149719
15_9_F_11_T2_2013_05_12.pdf,7,bop test,0.146325
15_9_F_11_T2_2013_05_12.pdf,8,stinger,0.135026
15_9_F_11_T2_2013_05_12.pdf,9,lpm continued,0.115659
15_9_F_11_T2_2013_05_12.pdf,10,circulated string,0.115659
15_9_F_11_T2_2013_05_12.pdf,11,tool wellhead,0.115659
15_9_F_11_T2_2013_05_12.pdf,12,maintanence,0.115659
15_9_F_11_T2_2013_05_12.pdf,13,encoder,0.115659
15_9_F_11_T2_2013_05_12.pdf,14,meanwhile pulled,0.113321
15_9_F_11_T2_2013_05_12.pdf,15,tool broke,0.113321
15_9_F_11_T2_2013_05_13.pdf,1,pulled cement,0.167415
15_9_F_11_T2_2013_05_13.pdf,2,stinger broke,0.163581
15_9_F_11_T2_2013_05_13.pdf,3,cement assembly,0.163581
15_9_F_11_T2_2013_05_13.pdf,4,ran cement,0.163581
15_9_F_11_T2_2013_05_13.pdf,5,cement stinger,0.161246
15_9_F_11_T2_2013_05_13.pdf,6,single joint,0.154841
15_9_F_11_T2_2013_05_13.pdf,7,stinger,0.145421
15_9_F_11_T2_2013_05_13.pdf,8,one single,0.1431
15_9_F_11_T2_2013_05_13.pdf,9,prior start,0.138761
15_9_F_11_T2_2013_05_13.pdf,10,pumped spacer,0.121774
15_9_F_11_T2_2013_05_13.pdf,11,cement job,0.114562
15_9_F_11_T2_2013_05_13.pdf,12,spacer,0.113427
15_9_F_11_T2_2013_05_13.pdf,13,floor water,0.112706
15_9_F_11_T2_2013_05_13.pdf,14,visc pill,0.109864
15_9_F_11_T2_2013_05_13.pdf,15,laid cement,0.109864
15_9_F_11_T2_2013_05_14.pdf,1,bottom assembly,0.221235
15_9_F_11_T2_2013_05_14.pdf,2,ran bottom,0.204342
15_9_F_11_T2_2013_05_14.pdf,3,made bottom,0.193856
15_9_F_11_T2_2013_05_14.pdf,4,pulled cement,0.174641
15_9_F_11_T2_2013_05_14.pdf,5,cement stinger,0.14297
15_9_F_11_T2_2013_05_14.pdf,6,excess cement,0.129354
15_9_F_11_T2_2013_05_14.pdf,7,stinger,0.128939
15_9_F_11_T2_2013_05_14.pdf,8,bottom,0.127842
15_9_F_11_T2_2013_05_14.pdf,9,engaged top,0.125785
15_9_F_11_T2_2013_05_14.pdf,10,assembly engaged,0.125785
15_9_F_11_T2_2013_05_14.pdf,11,carriers,0.119867
15_9_F_11_T2_2013_05_14.pdf,12,assembly,0.117507
15_9_F_11_T2_2013_05_14.pdf,13,through bop,0.117444
15_9_F_11_T2_2013_05_14.pdf,14,assembly picked,0.117444
15_9_F_11_T2_2013_05_14.pdf,15,same broke,0.117444
15_9_F_11_T2_2013_05_15.pdf,1,hard cement,0.237641
15_9_F_11_T2_2013_05_15.pdf,2,hard,0.189489
15_9_F_11_T2_2013_05_15.pdf,3,cement drilled,0.185687
15_9_F_11_T2_2013_05_15.pdf,4,drilled hard,0.173907
15_9_F_11_T2_2013_05_15.pdf,5,bottom assembly,0.173114
15_9_F_11_T2_2013_05_15.pdf,6,equipment prior,0.165726
15_9_F_11_T2_2013_05_15.pdf,7,test performed,0.162376
15_9_F_11_T2_2013_05_15.pdf,8,ran bottom,0.162376
15_9_F_11_T2_2013_05_15.pdf,9,stand lpm,0.15938
15_9_F_11_T2_2013_05_15.pdf,10,slip cut,0.157665
15_9_F_11_T2_2013_05_15.pdf,11,down last,0.156669
15_9_F_11_T2_2013_05_15.pdf,12,fail,0.156669
15_9_F_11_T2_2013_05_15.pdf,13,bar tagged,0.154195
15_9_F_11_T2_2013_05_15.pdf,14,onboard,0.151918
15_9_F_11_T2_2013_05_15.pdf,15,discovered,0.151918
15_9_F_12_2007_06_14.pdf,1,skidded,0.259555
15_9_F_12_2007_06_14.pdf,2,opener bha,0.258799
15_9_F_12_2007_06_14.pdf,3,skidded rig,0.249594
15_9_F_12_2007_06_14.pdf,4,carriers,0.231288
15_9_F_12_2007_06_14.pdf,5,skidding rig,0.226613
15_9_F_12_2007_06_14.pdf,6,wellhead module,0.222431
15_9_F_12_2007_06_14.pdf,7,opener,0.218648
15_9_F_12_2007_06_14.pdf,8,main deck,0.218648
15_9_F_12_2007_06_14.pdf,9,scaffolding,0.212337
15_9_F_12_2007_06_14.pdf,10,installed hatches,0.209077
15_9_F_12_2007_06_14.pdf,11,removed scaffolding,0.206338
15_9_F_12_2007_06_14.pdf,12,cantilever,0.206261
15_9_F_12_2007_06_14.pdf,13,main,0.177526
15_9_F_12_2007_06_14.pdf,14,way,0.175044
15_9_F_12_2007_06_14.pdf,15,module,0.173859
15_9_F_12_2007_06_15.pdf,1,opener bha,0.260191
15_9_F_12_2007_06_15.pdf,2,opener,0.250203
15_9_F_12_2007_06_15.pdf,3,hours,0.169416
15_9_F_12_2007_06_15.pdf,4,performed repair,0.133074
15_9_F_12_2007_06_15.pdf,5,seabed,0.127942
15_9_F_12_2007_06_15.pdf,6,repair work,0.125963
15_9_F_12_2007_06_15.pdf,7,prs continued,0.125963
15_9_F_12_2007_06_15.pdf,8,problems prs,0.125963
15_9_F_12_2007_06_15.pdf,9,maintenance,0.12553
15_9_F_12_2007_06_15.pdf,10,template funnel,0.120653
15_9_F_12_2007_06_15.pdf,11,wellhead module,0.118426
15_9_F_12_2007_06_15.pdf,12,dropped object,0.118426
15_9_F_12_2007_06_15.pdf,13,starting,0.116412
15_9_F_12_2007_06_15.pdf,14,torque wrench,0.116412
15_9_F_12_2007_06_15.pdf,15,held toolbox,0.115388
15_9_F_12_2007_06_16.pdf,1,opener bha,0.228292
15_9_F_12_2007_06_16.pdf,2,opener,0.192874
15_9_F_12_2007_06_16.pdf,3,conductor,0.162775
15_9_F_12_2007_06_16.pdf,4,wbm,0.158309
15_9_F_12_2007_06_16.pdf,5,swept,0.149396
15_9_F_12_2007_06_16.pdf,6,ran conductor,0.148673
15_9_F_12_2007_06_16.pdf,7,running equipment,0.142268
15_9_F_12_2007_06_16.pdf,8,rotation rpm,0.126851
15_9_F_12_2007_06_16.pdf,9,pumping lpm,0.124231
15_9_F_12_2007_06_16.pdf,10,section parameters,0.12034
15_9_F_12_2007_06_16.pdf,11,problems prs,0.119949
15_9_F_12_2007_06_16.pdf,12,back hwdp,0.119949
15_9_F_12_2007_06_16.pdf,13,down mwd,0.117262
15_9_F_12_2007_06_16.pdf,14,knm circulated,0.117262
15_9_F_12_2007_06_16.pdf,15,recieved,0.114892
15_9_F_12_2007_06_17.pdf,1,conductor housing,0.152799
15_9_F_12_2007_06_17.pdf,2,conductor,0.149268
15_9_F_12_2007_06_17.pdf,3,inside conductor,0.146717
15_9_F_12_2007_06_17.pdf,4,string inside,0.146446
15_9_F_12_2007_06_17.pdf,5,housing,0.141015
15_9_F_12_2007_06_17.pdf,6,aluminium inner,0.135516
15_9_F_12_2007_06_17.pdf,7,aluminium,0.133049
15_9_F_12_2007_06_17.pdf,8,cart,0.130793
15_9_F_12_2007_06_17.pdf,9,rih conductor,0.129266
15_9_F_12_2007_06_17.pdf,10,inner string,0.120898
15_9_F_12_2007_06_17.pdf,11,installed top,0.118489
15_9_F_12_2007_06_17.pdf,12,down handling,0.118489
15_9_F_12_2007_06_17.pdf,13,dogs,0.113493
15_9_F_12_2007_06_17.pdf,14,inner,0.104016
15_9_F_12_2007_06_17.pdf,15,brought,0.096651
15_9_F_12_2007_06_18.pdf,1,rods,0.124455
15_9_F_12_2007_06_18.pdf,2,disk,0.124455
15_9_F_12_2007_06_18.pdf,3,uwg,0.115166
15_9_F_12_2007_06_18.pdf,4,cart,0.113705
15_9_F_12_2007_06_18.pdf,5,screen,0.108873
15_9_F_12_2007_06_18.pdf,6,prior pulling,0.105571
15_9_F_12_2007_06_18.pdf,7,cement hose,0.101149
15_9_F_12_2007_06_18.pdf,8,installed protector,0.100696
15_9_F_12_2007_06_18.pdf,9,string held,0.100696
15_9_F_12_2007_06_18.pdf,10,burst,0.09844
15_9_F_12_2007_06_18.pdf,11,hose flushed,0.09844
15_9_F_12_2007_06_18.pdf,12,removed handling,0.09844
15_9_F_12_2007_06_18.pdf,13,prior installing,0.09467
15_9_F_12_2007_06_18.pdf,14,spider removed,0.09467
15_9_F_12_2007_06_18.pdf,15,flange,0.093454
15_9_F_12_2007_06_19.pdf,1,lpdr,0.184732
15_9_F_12_2007_06_19.pdf,2,flange,0.152997
15_9_F_12_2007_06_19.pdf,3,guidewires,0.145087
15_9_F_12_2007_06_19.pdf,4,rods,0.142357
15_9_F_12_2007_06_19.pdf,5,flange installed,0.142357
15_9_F_12_2007_06_19.pdf,6,gasket,0.142357
15_9_F_12_2007_06_19.pdf,7,bandak,0.139742
15_9_F_12_2007_06_19.pdf,8,bandak procedure,0.13475
15_9_F_12_2007_06_19.pdf,9,band,0.13306
15_9_F_12_2007_06_19.pdf,10,guidewire,0.131732
15_9_F_12_2007_06_19.pdf,11,landed double,0.118158
15_9_F_12_2007_06_19.pdf,12,installed guide,0.116063
15_9_F_12_2007_06_19.pdf,13,centralizer deck,0.116051
15_9_F_12_2007_06_19.pdf,14,double,0.114167
15_9_F_12_2007_06_19.pdf,15,tensioner joint,0.1126
15_9_F_12_2007_06_20.pdf,1,tensioning,0.179711
15_9_F_12_2007_06_20.pdf,2,tensioning cylinders,0.165066
15_9_F_12_2007_06_20.pdf,3,lpdr,0.149659
15_9_F_12_2007_06_20.pdf,4,overshot joint,0.137304
15_9_F_12_2007_06_20.pdf,5,ring assembly,0.137008
15_9_F_12_2007_06_20.pdf,6,contact,0.134578
15_9_F_12_2007_06_20.pdf,7,drillout,0.134148
15_9_F_12_2007_06_20.pdf,8,drillout bha,0.134148
15_9_F_12_2007_06_20.pdf,9,threaded,0.133554
15_9_F_12_2007_06_20.pdf,10,overshot,0.131971
15_9_F_12_2007_06_20.pdf,11,tensioning system,0.127923
15_9_F_12_2007_06_20.pdf,12,flange,0.123949
15_9_F_12_2007_06_20.pdf,13,centralizer deck,0.121952
15_9_F_12_2007_06_20.pdf,14,tensioner ring,0.119684
15_9_F_12_2007_06_20.pdf,15,tension joint,0.113674
15_9_F_12_2007_06_21.pdf,1,worked function,0.259078
15_9_F_12_2007_06_21.pdf,2,function flowline,0.259078
15_9_F_12_2007_06_21.pdf,3,drillout bha,0.240011
15_9_F_12_2007_06_21.pdf,4,drillout,0.240011
15_9_F_12_2007_06_21.pdf,5,flowline isolation,0.225992
15_9_F_12_2007_06_21.pdf,6,isolation valve,0.214606
15_9_F_12_2007_06_21.pdf,7,isolation,0.205773
15_9_F_12_2007_06_21.pdf,8,meanwhile worked,0.17886
15_9_F_12_2007_06_21.pdf,9,flowline,0.178337
15_9_F_12_2007_06_21.pdf,10,diverter overshot,0.166093
15_9_F_12_2007_06_21.pdf,11,overshot joint,0.142752
15_9_F_12_2007_06_21.pdf,12,overshot,0.142187
15_9_F_12_2007_06_21.pdf,13,filled conductor,0.110519
15_9_F_12_2007_06_21.pdf,14,function,0.110464
15_9_F_12_2007_06_21.pdf,15,valve,0.108306
15_9_F_12_2007_06_22.pdf,1,flowline isolation,0.198712
15_9_F_12_2007_06_22.pdf,2,isolation valve,0.1887
15_9_F_12_2007_06_22.pdf,3,isolation,0.180933
15_9_F_12_2007_06_22.pdf,4,flowline,0.168609
15_9_F_12_2007_06_22.pdf,5,ton wob,0.166665
15_9_F_12_2007_06_22.pdf,6,rpm ton,0.162464
15_9_F_12_2007_06_22.pdf,7,shoe track,0.153836
15_9_F_12_2007_06_22.pdf,8,operate,0.147773
15_9_F_12_2007_06_22.pdf,9,worked function,0.139486
15_9_F_12_2007_06_22.pdf,10,function flowline,0.139486
15_9_F_12_2007_06_22.pdf,11,wob reamed,0.138868
15_9_F_12_2007_06_22.pdf,12,track,0.138507
15_9_F_12_2007_06_22.pdf,13,lpm rpm,0.114959
15_9_F_12_2007_06_22.pdf,14,diverter,0.10486
15_9_F_12_2007_06_22.pdf,15,drilled new,0.103947
15_9_F_12_2007_06_23.pdf,1,elements,0.166367
15_9_F_12_2007_06_23.pdf,2,rih pilot,0.15854
15_9_F_12_2007_06_23.pdf,3,pilot bha,0.148186
15_9_F_12_2007_06_23.pdf,4,radioactive,0.145331
15_9_F_12_2007_06_23.pdf,5,bha racked,0.141438
15_9_F_12_2007_06_23.pdf,6,pilot,0.139506
15_9_F_12_2007_06_23.pdf,7,back same,0.138033
15_9_F_12_2007_06_23.pdf,8,radioactive source,0.135514
15_9_F_12_2007_06_23.pdf,9,box meeting,0.134994
15_9_F_12_2007_06_23.pdf,10,raw water,0.125061
15_9_F_12_2007_06_23.pdf,11,raw,0.125061
15_9_F_12_2007_06_23.pdf,12,batteries,0.125061
15_9_F_12_2007_06_23.pdf,13,bha meanwhile,0.1225
15_9_F_12_2007_06_23.pdf,14,prior pooh,0.114206
15_9_F_12_2007_06_23.pdf,15,same held,0.109966
15_9_F_12_2007_06_24.pdf,1,raw water,0.239003
15_9_F_12_2007_06_24.pdf,2,raw,0.239003
15_9_F_12_2007_06_24.pdf,3,performed rig,0.146476
15_9_F_12_2007_06_24.pdf,4,trouble shooting,0.146476
15_9_F_12_2007_06_24.pdf,5,rig maintenance,0.133371
15_9_F_12_2007_06_24.pdf,6,failure,0.13224
15_9_F_12_2007_06_24.pdf,7,flowline,0.131434
15_9_F_12_2007_06_24.pdf,8,water,0.127509
15_9_F_12_2007_06_24.pdf,9,trouble,0.127429
15_9_F_12_2007_06_24.pdf,10,shooting,0.127306
15_9_F_12_2007_06_24.pdf,11,dies aft,0.123378
15_9_F_12_2007_06_24.pdf,12,inserts,0.122321
15_9_F_12_2007_06_24.pdf,13,fox,0.120614
15_9_F_12_2007_06_24.pdf,14,screens,0.120614
15_9_F_12_2007_06_24.pdf,15,meanwhile started,0.120614
15_9_F_12_2007_06_25.pdf,1,raw water,0.255658
15_9_F_12_2007_06_25.pdf,2,raw,0.255658
15_9_F_12_2007_06_25.pdf,3,pilot bha,0.173558
15_9_F_12_2007_06_25.pdf,4,rih pilot,0.173558
15_9_F_12_2007_06_25.pdf,5,pilot,0.157433
15_9_F_12_2007_06_25.pdf,6,batteries,0.146938
15_9_F_12_2007_06_25.pdf,7,repair,0.144408
15_9_F_12_2007_06_25.pdf,8,rate approx,0.143234
15_9_F_12_2007_06_25.pdf,9,waiting,0.141684
15_9_F_12_2007_06_25.pdf,10,meanwhile rih,0.140026
15_9_F_12_2007_06_25.pdf,11,fitted,0.140026
15_9_F_12_2007_06_25.pdf,12,man,0.140026
15_9_F_12_2007_06_25.pdf,13,trouble shooting,0.137195
15_9_F_12_2007_06_25.pdf,14,performed rig,0.137195
15_9_F_12_2007_06_25.pdf,15,water,0.136394
15_9_F_12_2007_06_26.pdf,1,mmd lpm,0.19544
15_9_F_12_2007_06_26.pdf,2,drilled pilot,0.180565
15_9_F_12_2007_06_26.pdf,3,pilot,0.170407
15_9_F_12_2007_06_26.pdf,4,pilot bha,0.167283
15_9_F_12_2007_06_26.pdf,5,pilot mmd,0.159996
15_9_F_12_2007_06_26.pdf,6,stand circulated,0.150047
15_9_F_12_2007_06_26.pdf,7,rih pilot,0.142988
15_9_F_12_2007_06_26.pdf,8,mmd,0.140979
15_9_F_12_2007_06_26.pdf,9,shallow gas,0.135174
15_9_F_12_2007_06_26.pdf,10,mud drilled,0.131074
15_9_F_12_2007_06_26.pdf,11,ecd rop,0.130313
15_9_F_12_2007_06_26.pdf,12,loss rate,0.129256
15_9_F_12_2007_06_26.pdf,13,wob ecd,0.122554
15_9_F_12_2007_06_26.pdf,14,shallow,0.114066
15_9_F_12_2007_06_26.pdf,15,mud lpm,0.110555
15_9_F_12_2007_06_27.pdf,1,mmd lpm,0.235568
15_9_F_12_2007_06_27.pdf,2,pilot mmd,0.234243
15_9_F_12_2007_06_27.pdf,3,drilled pilot,0.21414
15_9_F_12_2007_06_27.pdf,4,mmd,0.176425
15_9_F_12_2007_06_27.pdf,5,pilot,0.172503
15_9_F_12_2007_06_27.pdf,6,flowline isolation,0.167403
15_9_F_12_2007_06_27.pdf,7,isolation valve,0.158968
15_9_F_12_2007_06_27.pdf,8,btms lpm,0.153088
15_9_F_12_2007_06_27.pdf,9,according program,0.153088
15_9_F_12_2007_06_27.pdf,10,isolation,0.152426
15_9_F_12_2007_06_27.pdf,11,wob ecd,0.147717
15_9_F_12_2007_06_27.pdf,12,mud drilled,0.143228
15_9_F_12_2007_06_27.pdf,13,flowline,0.132103
15_9_F_12_2007_06_27.pdf,14,program,0.131678
15_9_F_12_2007_06_27.pdf,15,trouble shooted,0.127848
15_9_F_12_2007_06_28.pdf,1,flowline isolation,0.232735
15_9_F_12_2007_06_28.pdf,2,isolation valve,0.221008
15_9_F_12_2007_06_28.pdf,3,isolation,0.211912
15_9_F_12_2007_06_28.pdf,4,flowline,0.183658
15_9_F_12_2007_06_28.pdf,5,drilled pilot,0.173094
15_9_F_12_2007_06_28.pdf,6,pilot,0.167848
15_9_F_12_2007_06_28.pdf,7,housekeeping,0.163851
15_9_F_12_2007_06_28.pdf,8,loss,0.147921
15_9_F_12_2007_06_28.pdf,9,pilot lpm,0.147534
15_9_F_12_2007_06_28.pdf,10,performed general,0.145622
15_9_F_12_2007_06_28.pdf,11,observed losses,0.139651
15_9_F_12_2007_06_28.pdf,12,general,0.138455
15_9_F_12_2007_06_28.pdf,13,min circulated,0.136523
15_9_F_12_2007_06_28.pdf,14,lpdr,0.133763
15_9_F_12_2007_06_28.pdf,15,shallow gas,0.129062
15_9_F_12_2007_06_29.pdf,1,pilot lpm,0.23868
15_9_F_12_2007_06_29.pdf,2,pilot,0.214447
15_9_F_12_2007_06_29.pdf,3,drilled pilot,0.211172
15_9_F_12_2007_06_29.pdf,4,displaced seawater,0.17942
15_9_F_12_2007_06_29.pdf,5,wob ecd,0.178483
15_9_F_12_2007_06_29.pdf,6,wbm,0.154575
15_9_F_12_2007_06_29.pdf,7,knm wob,0.146841
15_9_F_12_2007_06_29.pdf,8,ecd,0.145858
15_9_F_12_2007_06_29.pdf,9,rpm knm,0.143413
15_9_F_12_2007_06_29.pdf,10,ecd pumped,0.140564
15_9_F_12_2007_06_29.pdf,11,bar rpm,0.139587
15_9_F_12_2007_06_29.pdf,12,std,0.136878
15_9_F_12_2007_06_29.pdf,13,wob,0.136444
15_9_F_12_2007_06_29.pdf,14,seawater,0.135656
15_9_F_12_2007_06_29.pdf,15,due high,0.135066
15_9_F_12_2007_06_30.pdf,1,pumpe,0.169334
15_9_F_12_2007_06_30.pdf,2,geoservices,0.161251
15_9_F_12_2007_06_30.pdf,3,sensors,0.158275
15_9_F_12_2007_06_30.pdf,4,esd,0.158219
15_9_F_12_2007_06_30.pdf,5,drilled pilot,0.135393
15_9_F_12_2007_06_30.pdf,6,pilot,0.131289
15_9_F_12_2007_06_30.pdf,7,pilot lpm,0.1154
15_9_F_12_2007_06_30.pdf,8,further action,0.1154
15_9_F_12_2007_06_30.pdf,9,reading,0.113905
15_9_F_12_2007_06_30.pdf,10,reamed each,0.112059
15_9_F_12_2007_06_30.pdf,11,raw water,0.112059
15_9_F_12_2007_06_30.pdf,12,raw,0.112059
15_9_F_12_2007_06_30.pdf,13,esd system,0.109234
15_9_F_12_2007_06_30.pdf,14,drillwater,0.109234
15_9_F_12_2007_06_30.pdf,15,same lpm,0.109234
15_9_F_12_2007_07_01.pdf,1,drilled pilot,0.202552
15_9_F_12_2007_07_01.pdf,2,pilot lpm,0.195687
15_9_F_12_2007_07_01.pdf,3,reamed each,0.190021
15_9_F_12_2007_07_01.pdf,4,wbm lpm,0.190021
15_9_F_12_2007_07_01.pdf,5,stand reamed,0.185231
15_9_F_12_2007_07_01.pdf,6,wbm,0.183035
15_9_F_12_2007_07_01.pdf,7,each stand,0.181082
15_9_F_12_2007_07_01.pdf,8,pilot,0.157964
15_9_F_12_2007_07_01.pdf,9,circulated btms,0.140309
15_9_F_12_2007_07_01.pdf,10,experienced,0.138003
15_9_F_12_2007_07_01.pdf,11,ecd,0.13598
15_9_F_12_2007_07_01.pdf,12,wob ecd,0.132663
15_9_F_12_2007_07_01.pdf,13,reamed,0.132051
15_9_F_12_2007_07_01.pdf,14,reamed circulated,0.125886
15_9_F_12_2007_07_01.pdf,15,displaced wbm,0.125886
15_9_F_12_2007_07_02.pdf,1,lpdr,0.17627
15_9_F_12_2007_07_02.pdf,2,tensioner,0.162195
15_9_F_12_2007_07_02.pdf,3,overshot joint,0.161718
15_9_F_12_2007_07_02.pdf,4,locking,0.156457
15_9_F_12_2007_07_02.pdf,5,joint removed,0.140965
15_9_F_12_2007_07_02.pdf,6,diverter,0.140364
15_9_F_12_2007_07_02.pdf,7,dog,0.140308
15_9_F_12_2007_07_02.pdf,8,overshot,0.137683
15_9_F_12_2007_07_02.pdf,9,tensioner joint,0.135239
15_9_F_12_2007_07_02.pdf,10,bolt,0.134145
15_9_F_12_2007_07_02.pdf,11,lifting,0.132855
15_9_F_12_2007_07_02.pdf,12,disconnect,0.130951
15_9_F_12_2007_07_02.pdf,13,flange,0.124786
15_9_F_12_2007_07_02.pdf,14,box meeting,0.122718
15_9_F_12_2007_07_02.pdf,15,bolts,0.118032
15_9_F_12_2007_07_03.pdf,1,lpdr,0.312075
15_9_F_12_2007_07_03.pdf,2,disconnect,0.202571
15_9_F_12_2007_07_03.pdf,3,dogs,0.188798
15_9_F_12_2007_07_03.pdf,4,prior pulling,0.176638
15_9_F_12_2007_07_03.pdf,5,flange,0.156365
15_9_F_12_2007_07_03.pdf,6,singles,0.151623
15_9_F_12_2007_07_03.pdf,7,wow,0.143731
15_9_F_12_2007_07_03.pdf,8,tensioner system,0.139854
15_9_F_12_2007_07_03.pdf,9,onto hts,0.139854
15_9_F_12_2007_07_03.pdf,10,upper pup,0.136721
15_9_F_12_2007_07_03.pdf,11,turn right,0.136721
15_9_F_12_2007_07_03.pdf,12,cradle,0.136721
15_9_F_12_2007_07_03.pdf,13,handling flange,0.136721
15_9_F_12_2007_07_03.pdf,14,spider,0.134141
15_9_F_12_2007_07_03.pdf,15,rig tongs,0.123591
15_9_F_12_2007_07_04.pdf,1,lpdr,0.250203
15_9_F_12_2007_07_04.pdf,2,handling flange,0.206854
15_9_F_12_2007_07_04.pdf,3,floor removed,0.202673
15_9_F_12_2007_07_04.pdf,4,stinger rih,0.17824
15_9_F_12_2007_07_04.pdf,5,flange,0.167857
15_9_F_12_2007_07_04.pdf,6,attached,0.155493
15_9_F_12_2007_07_04.pdf,7,cement stinger,0.155063
15_9_F_12_2007_07_04.pdf,8,singles,0.148847
15_9_F_12_2007_07_04.pdf,9,tds held,0.146769
15_9_F_12_2007_07_04.pdf,10,prs tds,0.146769
15_9_F_12_2007_07_04.pdf,11,excess equipment,0.146769
15_9_F_12_2007_07_04.pdf,12,wellhead area,0.143803
15_9_F_12_2007_07_04.pdf,13,assisted rov,0.143803
15_9_F_12_2007_07_04.pdf,14,stinger,0.139845
15_9_F_12_2007_07_04.pdf,15,assisted,0.138749
15_9_F_12_2007_07_05.pdf,1,displaced seawater,0.192035
15_9_F_12_2007_07_05.pdf,2,rkb,0.171891
15_9_F_12_2007_07_05.pdf,3,seawater lpm,0.165338
15_9_F_12_2007_07_05.pdf,4,cemented,0.158029
15_9_F_12_2007_07_05.pdf,5,ball circulated,0.151893
15_9_F_12_2007_07_05.pdf,6,dropped sponge,0.148823
15_9_F_12_2007_07_05.pdf,7,slurry displaced,0.141324
15_9_F_12_2007_07_05.pdf,8,sponge ball,0.139238
15_9_F_12_2007_07_05.pdf,9,seawater,0.138137
15_9_F_12_2007_07_05.pdf,10,bar cement,0.135508
15_9_F_12_2007_07_05.pdf,11,knm pooh,0.132246
15_9_F_12_2007_07_05.pdf,12,using rig,0.129346
15_9_F_12_2007_07_05.pdf,13,siemens,0.128466
15_9_F_12_2007_07_05.pdf,14,pooh cement,0.124366
15_9_F_12_2007_07_05.pdf,15,rig pumps,0.122193
15_9_F_12_2007_07_06.pdf,1,displaced seawater,0.154298
15_9_F_12_2007_07_06.pdf,2,dropped sponge,0.139896
15_9_F_12_2007_07_06.pdf,3,seawater lpm,0.132847
15_9_F_12_2007_07_06.pdf,4,slurry displaced,0.132847
15_9_F_12_2007_07_06.pdf,5,rkb,0.130886
15_9_F_12_2007_07_06.pdf,6,seawater,0.121077
15_9_F_12_2007_07_06.pdf,7,pooh cmt,0.12076
15_9_F_12_2007_07_06.pdf,8,cemented,0.120331
15_9_F_12_2007_07_06.pdf,9,box meeting,0.120234
15_9_F_12_2007_07_06.pdf,10,stabilizer,0.117995
15_9_F_12_2007_07_06.pdf,11,cts funnel,0.116831
15_9_F_12_2007_07_06.pdf,12,cmt stinger,0.116831
15_9_F_12_2007_07_06.pdf,13,slip cut,0.109592
15_9_F_12_2007_07_06.pdf,14,pumped lpm,0.108814
15_9_F_12_2007_07_06.pdf,15,cut line,0.104604
15_9_F_12_2007_07_07.pdf,1,bars spp,0.244663
15_9_F_12_2007_07_07.pdf,2,rpm lpm,0.21338
15_9_F_12_2007_07_07.pdf,3,lpm bars,0.175261
15_9_F_12_2007_07_07.pdf,4,one std,0.16506
15_9_F_12_2007_07_07.pdf,5,operation due,0.145161
15_9_F_12_2007_07_07.pdf,6,bars,0.142555
15_9_F_12_2007_07_07.pdf,7,std,0.130677
15_9_F_12_2007_07_07.pdf,8,wob pumped,0.129172
15_9_F_12_2007_07_07.pdf,9,taking,0.127499
15_9_F_12_2007_07_07.pdf,10,personel,0.125432
15_9_F_12_2007_07_07.pdf,11,rov,0.125086
15_9_F_12_2007_07_07.pdf,12,reciprocate,0.12227
15_9_F_12_2007_07_07.pdf,13,spp,0.121909
15_9_F_12_2007_07_07.pdf,14,required,0.119846
15_9_F_12_2007_07_07.pdf,15,check tds,0.119531
15_9_F_12_2007_07_08.pdf,1,every std,0.215175
15_9_F_12_2007_07_08.pdf,2,drilled sliding,0.212855
15_9_F_12_2007_07_08.pdf,3,sweep,0.194802
15_9_F_12_2007_07_08.pdf,4,wob drilled,0.191756
15_9_F_12_2007_07_08.pdf,5,sliding,0.183362
15_9_F_12_2007_07_08.pdf,6,bars spp,0.181941
15_9_F_12_2007_07_08.pdf,7,ecd pumped,0.181941
15_9_F_12_2007_07_08.pdf,8,utsira,0.178714
15_9_F_12_2007_07_08.pdf,9,rpm lpm,0.163906
15_9_F_12_2007_07_08.pdf,10,wob rop,0.163906
15_9_F_12_2007_07_08.pdf,11,spp rpm,0.163906
15_9_F_12_2007_07_08.pdf,12,rotating rpm,0.161317
15_9_F_12_2007_07_08.pdf,13,bar spp,0.154678
15_9_F_12_2007_07_08.pdf,14,rop ecd,0.149253
15_9_F_12_2007_07_08.pdf,15,std,0.148349
15_9_F_12_2007_07_09.pdf,1,rkb,0.219742
15_9_F_12_2007_07_09.pdf,2,ecd pumped,0.21264
15_9_F_12_2007_07_09.pdf,3,wob rop,0.211302
15_9_F_12_2007_07_09.pdf,4,bar spp,0.199406
15_9_F_12_2007_07_09.pdf,5,rop ecd,0.192413
15_9_F_12_2007_07_09.pdf,6,skade,0.181757
15_9_F_12_2007_07_09.pdf,7,sweep,0.176425
15_9_F_12_2007_07_09.pdf,8,rotate string,0.169705
15_9_F_12_2007_07_09.pdf,9,every std,0.166574
15_9_F_12_2007_07_09.pdf,10,spp rpm,0.163741
15_9_F_12_2007_07_09.pdf,11,continued parameters,0.158775
15_9_F_12_2007_07_09.pdf,12,rotate,0.13597
15_9_F_12_2007_07_09.pdf,13,knm wob,0.134721
15_9_F_12_2007_07_09.pdf,14,std,0.134355
15_9_F_12_2007_07_09.pdf,15,base,0.133919
15_9_F_12_2007_07_10.pdf,1,displace mud,0.193185
15_9_F_12_2007_07_10.pdf,2,total pumped,0.183146
15_9_F_12_2007_07_10.pdf,3,rotated string,0.163886
15_9_F_12_2007_07_10.pdf,4,lpm bars,0.162777
15_9_F_12_2007_07_10.pdf,5,reciprocate,0.157166
15_9_F_12_2007_07_10.pdf,6,bars,0.154897
15_9_F_12_2007_07_10.pdf,7,string rpm,0.149196
15_9_F_12_2007_07_10.pdf,8,displace,0.149092
15_9_F_12_2007_07_10.pdf,9,rih circulated,0.147761
15_9_F_12_2007_07_10.pdf,10,knm rpm,0.145248
15_9_F_12_2007_07_10.pdf,11,std,0.143576
15_9_F_12_2007_07_10.pdf,12,prior start,0.140844
15_9_F_12_2007_07_10.pdf,13,vis,0.140764
15_9_F_12_2007_07_10.pdf,14,worked string,0.138669
15_9_F_12_2007_07_10.pdf,15,circulated clean,0.138442
15_9_F_12_2007_07_11.pdf,1,bars rpm,0.215028
15_9_F_12_2007_07_11.pdf,2,lpm bars,0.200382
15_9_F_12_2007_07_11.pdf,3,hook load,0.184688
15_9_F_12_2007_07_11.pdf,4,bars,0.162988
15_9_F_12_2007_07_11.pdf,5,rotated reciprocated,0.161413
15_9_F_12_2007_07_11.pdf,6,btms,0.15463
15_9_F_12_2007_07_11.pdf,7,rih pumped,0.153819
15_9_F_12_2007_07_11.pdf,8,tool face,0.153819
15_9_F_12_2007_07_11.pdf,9,hook,0.151277
15_9_F_12_2007_07_11.pdf,10,btms lpm,0.15071
15_9_F_12_2007_07_11.pdf,11,pumped vis,0.147957
15_9_F_12_2007_07_11.pdf,12,vis,0.146883
15_9_F_12_2007_07_11.pdf,13,load,0.146332
15_9_F_12_2007_07_11.pdf,14,face,0.143117
15_9_F_12_2007_07_11.pdf,15,obstruction,0.142391
15_9_F_12_2007_07_12.pdf,1,bars rpm,0.230051
15_9_F_12_2007_07_12.pdf,2,lpm bars,0.188647
15_9_F_12_2007_07_12.pdf,3,rotated reciprocated,0.17269
15_9_F_12_2007_07_12.pdf,4,lubricated,0.168337
15_9_F_12_2007_07_12.pdf,5,knm continued,0.164566
15_9_F_12_2007_07_12.pdf,6,knm displaced,0.16124
15_9_F_12_2007_07_12.pdf,7,displaced mud,0.156677
15_9_F_12_2007_07_12.pdf,8,bars,0.153442
15_9_F_12_2007_07_12.pdf,9,stabilizers,0.141801
15_9_F_12_2007_07_12.pdf,10,frame,0.137311
15_9_F_12_2007_07_12.pdf,11,box meeting,0.131327
15_9_F_12_2007_07_12.pdf,12,utsira,0.127511
15_9_F_12_2007_07_12.pdf,13,mud lpm,0.127239
15_9_F_12_2007_07_12.pdf,14,bha derrick,0.123243
15_9_F_12_2007_07_12.pdf,15,running csg,0.11944
15_9_F_12_2007_07_13.pdf,1,fac tool,0.190381
15_9_F_12_2007_07_13.pdf,2,fac,0.185555
15_9_F_12_2007_07_13.pdf,3,running csg,0.166941
15_9_F_12_2007_07_13.pdf,4,csg,0.147045
15_9_F_12_2007_07_13.pdf,5,rih csg,0.140097
15_9_F_12_2007_07_13.pdf,6,csg tong,0.138976
15_9_F_12_2007_07_13.pdf,7,continued running,0.13754
15_9_F_12_2007_07_13.pdf,8,running casing,0.129135
15_9_F_12_2007_07_13.pdf,9,guide,0.121791
15_9_F_12_2007_07_13.pdf,10,every jnt,0.11845
15_9_F_12_2007_07_13.pdf,11,lubricated,0.11845
15_9_F_12_2007_07_13.pdf,12,installed protector,0.11845
15_9_F_12_2007_07_13.pdf,13,prs continued,0.11845
15_9_F_12_2007_07_13.pdf,14,tool casing,0.115796
15_9_F_12_2007_07_13.pdf,15,thread locked,0.115796
15_9_F_12_2007_07_14.pdf,1,subsea head,0.237078
15_9_F_12_2007_07_14.pdf,2,rih csg,0.193361
15_9_F_12_2007_07_14.pdf,3,csg,0.16366
15_9_F_12_2007_07_14.pdf,4,subsea,0.163071
15_9_F_12_2007_07_14.pdf,5,jnt,0.155333
15_9_F_12_2007_07_14.pdf,6,automatic slips,0.150607
15_9_F_12_2007_07_14.pdf,7,automatic,0.145783
15_9_F_12_2007_07_14.pdf,8,threads,0.136874
15_9_F_12_2007_07_14.pdf,9,obstruction,0.136874
15_9_F_12_2007_07_14.pdf,10,worked casing,0.128795
15_9_F_12_2007_07_14.pdf,11,load,0.127521
15_9_F_12_2007_07_14.pdf,12,incorrect,0.125549
15_9_F_12_2007_07_14.pdf,13,deck continued,0.122736
15_9_F_12_2007_07_14.pdf,14,casing down,0.122736
15_9_F_12_2007_07_14.pdf,15,overtorqued,0.122736
15_9_F_12_2007_07_15.pdf,1,subsea head,0.245772
15_9_F_12_2007_07_15.pdf,2,frame subsea,0.221084
15_9_F_12_2007_07_15.pdf,3,dci frame,0.201339
15_9_F_12_2007_07_15.pdf,4,dci,0.180932
15_9_F_12_2007_07_15.pdf,5,subsea,0.169051
15_9_F_12_2007_07_15.pdf,6,frame,0.164231
15_9_F_12_2007_07_15.pdf,7,rih landing,0.129571
15_9_F_12_2007_07_15.pdf,8,bars pressure,0.126668
15_9_F_12_2007_07_15.pdf,9,cmt job,0.124108
15_9_F_12_2007_07_15.pdf,10,head,0.120149
15_9_F_12_2007_07_15.pdf,11,cmt hose,0.119746
15_9_F_12_2007_07_15.pdf,12,made same,0.118217
15_9_F_12_2007_07_15.pdf,13,stks,0.109146
15_9_F_12_2007_07_15.pdf,14,cmt head,0.104679
15_9_F_12_2007_07_15.pdf,15,slurry lpm,0.104679
15_9_F_12_2007_07_16.pdf,1,subsea head,0.160108
15_9_F_12_2007_07_16.pdf,2,cart,0.139586
15_9_F_12_2007_07_16.pdf,3,stress,0.138644
15_9_F_12_2007_07_16.pdf,4,hpdr,0.13402
15_9_F_12_2007_07_16.pdf,5,back connector,0.133335
15_9_F_12_2007_07_16.pdf,6,links,0.129693
15_9_F_12_2007_07_16.pdf,7,string held,0.129693
15_9_F_12_2007_07_16.pdf,8,prior cmt,0.129693
15_9_F_12_2007_07_16.pdf,9,shift prior,0.126788
15_9_F_12_2007_07_16.pdf,10,cmt head,0.122581
15_9_F_12_2007_07_16.pdf,11,dog collar,0.119859
15_9_F_12_2007_07_16.pdf,12,cmt hose,0.119859
15_9_F_12_2007_07_16.pdf,13,running hpdr,0.111503
15_9_F_12_2007_07_16.pdf,14,subsea,0.110128
15_9_F_12_2007_07_16.pdf,15,landing string,0.106959
15_9_F_12_2007_07_17.pdf,1,hpdr,0.185582
15_9_F_12_2007_07_17.pdf,2,jnt,0.178353
15_9_F_12_2007_07_17.pdf,3,back connector,0.173168
15_9_F_12_2007_07_17.pdf,4,claxton tool,0.166685
15_9_F_12_2007_07_17.pdf,5,claxton,0.16537
15_9_F_12_2007_07_17.pdf,6,ran hpdr,0.155154
15_9_F_12_2007_07_17.pdf,7,installation,0.140268
15_9_F_12_2007_07_17.pdf,8,anti collision,0.134067
15_9_F_12_2007_07_17.pdf,9,prior pick,0.133587
15_9_F_12_2007_07_17.pdf,10,hpdr double,0.130687
15_9_F_12_2007_07_17.pdf,11,tie back,0.128824
15_9_F_12_2007_07_17.pdf,12,tie,0.128097
15_9_F_12_2007_07_17.pdf,13,shift prior,0.12776
15_9_F_12_2007_07_17.pdf,14,day shift,0.12776
15_9_F_12_2007_07_17.pdf,15,fairings,0.12776
15_9_F_12_2007_07_18.pdf,1,tbc,0.160574
15_9_F_12_2007_07_18.pdf,2,subsea head,0.147755
15_9_F_12_2007_07_18.pdf,3,spider slips,0.144446
15_9_F_12_2007_07_18.pdf,4,slots,0.133425
15_9_F_12_2007_07_18.pdf,5,claxton tool,0.126072
15_9_F_12_2007_07_18.pdf,6,claxton,0.125077
15_9_F_12_2007_07_18.pdf,7,guide wires,0.120523
15_9_F_12_2007_07_18.pdf,8,ring,0.115578
15_9_F_12_2007_07_18.pdf,9,stages,0.114876
15_9_F_12_2007_07_18.pdf,10,tension ring,0.113783
15_9_F_12_2007_07_18.pdf,11,wires,0.11087
15_9_F_12_2007_07_18.pdf,12,movement,0.108781
15_9_F_12_2007_07_18.pdf,13,cylinders,0.108682
15_9_F_12_2007_07_18.pdf,14,vetco procedure,0.107496
15_9_F_12_2007_07_18.pdf,15,came,0.106484
15_9_F_12_2007_07_19.pdf,1,erected,0.170668
15_9_F_12_2007_07_19.pdf,2,testing tds,0.166366
15_9_F_12_2007_07_19.pdf,3,scaffolding around,0.165662
15_9_F_12_2007_07_19.pdf,4,test stump,0.151323
15_9_F_12_2007_07_19.pdf,5,nt2,0.133165
15_9_F_12_2007_07_19.pdf,6,claxton tool,0.12869
15_9_F_12_2007_07_19.pdf,7,around,0.128534
15_9_F_12_2007_07_19.pdf,8,claxton,0.127675
15_9_F_12_2007_07_19.pdf,9,stump,0.123948
15_9_F_12_2007_07_19.pdf,10,scaffolding,0.123943
15_9_F_12_2007_07_19.pdf,11,slick jnt,0.121094
15_9_F_12_2007_07_19.pdf,12,commenced,0.116358
15_9_F_12_2007_07_19.pdf,13,bop tension,0.115397
15_9_F_12_2007_07_19.pdf,14,prior test,0.115397
15_9_F_12_2007_07_19.pdf,15,box talk,0.114193
15_9_F_12_2007_07_20.pdf,1,adn,0.169128
15_9_F_12_2007_07_20.pdf,2,source,0.154665
15_9_F_12_2007_07_20.pdf,3,wbrt,0.152874
15_9_F_12_2007_07_20.pdf,4,plug jet,0.146416
15_9_F_12_2007_07_20.pdf,5,dragchain,0.142177
15_9_F_12_2007_07_20.pdf,6,nominal seat,0.136278
15_9_F_12_2007_07_20.pdf,7,container,0.135488
15_9_F_12_2007_07_20.pdf,8,nominal,0.130483
15_9_F_12_2007_07_20.pdf,9,bursted,0.129542
15_9_F_12_2007_07_20.pdf,10,seat protector,0.127501
15_9_F_12_2007_07_20.pdf,11,source adn,0.118464
15_9_F_12_2007_07_20.pdf,12,test plug,0.116663
15_9_F_12_2007_07_20.pdf,13,seat,0.116027
15_9_F_12_2007_07_20.pdf,14,carrier,0.110934
15_9_F_12_2007_07_20.pdf,15,thread,0.103318
15_9_F_12_2007_07_21.pdf,1,sensors,0.171763
15_9_F_12_2007_07_21.pdf,2,mudpump,0.160053
15_9_F_12_2007_07_21.pdf,3,liner spray,0.136357
15_9_F_12_2007_07_21.pdf,4,spray,0.136357
15_9_F_12_2007_07_21.pdf,5,sensor,0.135779
15_9_F_12_2007_07_21.pdf,6,fault,0.128198
15_9_F_12_2007_07_21.pdf,7,mudpumps,0.126017
15_9_F_12_2007_07_21.pdf,8,firm cement,0.120501
15_9_F_12_2007_07_21.pdf,9,firm,0.114752
15_9_F_12_2007_07_21.pdf,10,bha picked,0.114752
15_9_F_12_2007_07_21.pdf,11,brought,0.111226
15_9_F_12_2007_07_21.pdf,12,choke,0.110299
15_9_F_12_2007_07_21.pdf,13,shoetrack,0.107458
15_9_F_12_2007_07_21.pdf,14,installation,0.103842
15_9_F_12_2007_07_21.pdf,15,source,0.103842
15_9_F_12_2007_07_22.pdf,1,cuttings conveyer,0.157701
15_9_F_12_2007_07_22.pdf,2,xlot,0.138088
15_9_F_12_2007_07_22.pdf,3,conveyer belt,0.13554
15_9_F_12_2007_07_22.pdf,4,conveyer,0.127402
15_9_F_12_2007_07_22.pdf,5,standpipe,0.125688
15_9_F_12_2007_07_22.pdf,6,belt,0.122707
15_9_F_12_2007_07_22.pdf,7,cycle,0.1198
15_9_F_12_2007_07_22.pdf,8,routed,0.109792
15_9_F_12_2007_07_22.pdf,9,powerdrive,0.108607
15_9_F_12_2007_07_22.pdf,10,cycled,0.106221
15_9_F_12_2007_07_22.pdf,11,rate lpm,0.099189
15_9_F_12_2007_07_22.pdf,12,pit,0.091073
15_9_F_12_2007_07_22.pdf,13,rathole,0.088269
15_9_F_12_2007_07_22.pdf,14,valves,0.087796
15_9_F_12_2007_07_22.pdf,15,cuttings,0.087462
15_9_F_12_2007_07_23.pdf,1,cuttings conveyer,0.213346
15_9_F_12_2007_07_23.pdf,2,conveyer,0.197895
15_9_F_12_2007_07_23.pdf,3,conveyer belt,0.1861
15_9_F_12_2007_07_23.pdf,4,shaker room,0.183813
15_9_F_12_2007_07_23.pdf,5,belt,0.17717
15_9_F_12_2007_07_23.pdf,6,blockage,0.168037
15_9_F_12_2007_07_23.pdf,7,screws,0.150064
15_9_F_12_2007_07_23.pdf,8,room,0.143024
15_9_F_12_2007_07_23.pdf,9,cuttings,0.136868
15_9_F_12_2007_07_23.pdf,10,shaker,0.134503
15_9_F_12_2007_07_23.pdf,11,continued section,0.123884
15_9_F_12_2007_07_23.pdf,12,screw,0.123884
15_9_F_12_2007_07_23.pdf,13,static losses,0.112209
15_9_F_12_2007_07_23.pdf,14,fire,0.110437
15_9_F_12_2007_07_23.pdf,15,transport,0.110437
15_9_F_12_2007_07_24.pdf,1,cuttings conveyer,0.231718
15_9_F_12_2007_07_24.pdf,2,conveyer belt,0.219678
15_9_F_12_2007_07_24.pdf,3,conveyer,0.206488
15_9_F_12_2007_07_24.pdf,4,belt,0.198878
15_9_F_12_2007_07_24.pdf,5,partly,0.170231
15_9_F_12_2007_07_24.pdf,6,cuttings,0.141755
15_9_F_12_2007_07_24.pdf,7,stable,0.141206
15_9_F_12_2007_07_24.pdf,8,back rate,0.131793
15_9_F_12_2007_07_24.pdf,9,condtions,0.131793
15_9_F_12_2007_07_24.pdf,10,mud down,0.128471
15_9_F_12_2007_07_24.pdf,11,wob torque,0.127371
15_9_F_12_2007_07_24.pdf,12,stepped rate,0.125593
15_9_F_12_2007_07_24.pdf,13,overboard,0.125593
15_9_F_12_2007_07_24.pdf,14,continued making,0.125593
15_9_F_12_2007_07_24.pdf,15,reamed stand,0.123055
15_9_F_12_2007_07_25.pdf,1,die,0.172622
15_9_F_12_2007_07_25.pdf,2,wob knm,0.159203
15_9_F_12_2007_07_25.pdf,3,retainer,0.158981
15_9_F_12_2007_07_25.pdf,4,flowrate,0.136081
15_9_F_12_2007_07_25.pdf,5,continued working,0.133767
15_9_F_12_2007_07_25.pdf,6,suction,0.12971
15_9_F_12_2007_07_25.pdf,7,continued parameters,0.12971
15_9_F_12_2007_07_25.pdf,8,knm ecd,0.127115
15_9_F_12_2007_07_25.pdf,9,rpm wob,0.126455
15_9_F_12_2007_07_25.pdf,10,belt,0.123196
15_9_F_12_2007_07_25.pdf,11,plate,0.120541
15_9_F_12_2007_07_25.pdf,12,working,0.106469
15_9_F_12_2007_07_25.pdf,13,housing,0.105661
15_9_F_12_2007_07_25.pdf,14,connection downlinked,0.105354
15_9_F_12_2007_07_25.pdf,15,dci hose,0.105354
15_9_F_12_2007_07_26.pdf,1,required,0.160016
15_9_F_12_2007_07_26.pdf,2,knm ecd,0.156583
15_9_F_12_2007_07_26.pdf,3,rpm wob,0.15577
15_9_F_12_2007_07_26.pdf,4,downlinked,0.153375
15_9_F_12_2007_07_26.pdf,5,wob parameters,0.143151
15_9_F_12_2007_07_26.pdf,6,connection downlinked,0.143151
15_9_F_12_2007_07_26.pdf,7,drilled section,0.142709
15_9_F_12_2007_07_26.pdf,8,ecd performed,0.139542
15_9_F_12_2007_07_26.pdf,9,using mud,0.133659
15_9_F_12_2007_07_26.pdf,10,troubleshot problems,0.131192
15_9_F_12_2007_07_26.pdf,11,driller,0.131192
15_9_F_12_2007_07_26.pdf,12,standpipe pressure,0.131192
15_9_F_12_2007_07_26.pdf,13,wob knm,0.131192
15_9_F_12_2007_07_26.pdf,14,parameters lpm,0.131079
15_9_F_12_2007_07_26.pdf,15,mudpumps,0.128961
15_9_F_12_2007_07_27.pdf,1,washpipe,0.199038
15_9_F_12_2007_07_27.pdf,2,tds washpipe,0.189938
15_9_F_12_2007_07_27.pdf,3,got problems,0.142025
15_9_F_12_2007_07_27.pdf,4,continued section,0.134028
15_9_F_12_2007_07_27.pdf,5,mud pumps,0.129991
15_9_F_12_2007_07_27.pdf,6,wob torque,0.126474
15_9_F_12_2007_07_27.pdf,7,knm ecd,0.122354
15_9_F_12_2007_07_27.pdf,8,rpm wob,0.121719
15_9_F_12_2007_07_27.pdf,9,leakage,0.119305
15_9_F_12_2007_07_27.pdf,10,ecd rop,0.117032
15_9_F_12_2007_07_27.pdf,11,got,0.114989
15_9_F_12_2007_07_27.pdf,12,paramaters lpm,0.111858
15_9_F_12_2007_07_27.pdf,13,paramaters,0.111858
15_9_F_12_2007_07_27.pdf,14,section parameters,0.109394
15_9_F_12_2007_07_27.pdf,15,torque knm,0.109074
15_9_F_12_2007_07_28.pdf,1,change bit,0.183095
15_9_F_12_2007_07_28.pdf,2,towards,0.180697
15_9_F_12_2007_07_28.pdf,3,ecd rop,0.157783
15_9_F_12_2007_07_28.pdf,4,paramaters,0.150808
15_9_F_12_2007_07_28.pdf,5,paramaters lpm,0.150808
15_9_F_12_2007_07_28.pdf,6,decided pull,0.147006
15_9_F_12_2007_07_28.pdf,7,wob torque,0.145747
15_9_F_12_2007_07_28.pdf,8,greased tds,0.143713
15_9_F_12_2007_07_28.pdf,9,knm ecd,0.141
15_9_F_12_2007_07_28.pdf,10,installed automatic,0.140808
15_9_F_12_2007_07_28.pdf,11,rpm wob,0.140268
15_9_F_12_2007_07_28.pdf,12,dictated,0.13821
15_9_F_12_2007_07_28.pdf,13,stepped pumps,0.135859
15_9_F_12_2007_07_28.pdf,14,washpipe,0.133713
15_9_F_12_2007_07_28.pdf,15,bar while,0.133713
15_9_F_12_2007_07_29.pdf,1,adn,0.183789
15_9_F_12_2007_07_29.pdf,2,source,0.162956
15_9_F_12_2007_07_29.pdf,3,sticky,0.157237
15_9_F_12_2007_07_29.pdf,4,increasing,0.147701
15_9_F_12_2007_07_29.pdf,5,conditions,0.136659
15_9_F_12_2007_07_29.pdf,6,when pulling,0.127629
15_9_F_12_2007_07_29.pdf,7,transfer,0.125745
15_9_F_12_2007_07_29.pdf,8,backup,0.122376
15_9_F_12_2007_07_29.pdf,9,rotated rpm,0.116811
15_9_F_12_2007_07_29.pdf,10,pooh bha,0.115652
15_9_F_12_2007_07_29.pdf,11,prior pooh,0.115604
15_9_F_12_2007_07_29.pdf,12,threads,0.10854
15_9_F_12_2007_07_29.pdf,13,over shakers,0.106858
15_9_F_12_2007_07_29.pdf,14,rotation rpm,0.105288
15_9_F_12_2007_07_29.pdf,15,pumped lpm,0.10454
15_9_F_12_2007_07_30.pdf,1,adn,0.182063
15_9_F_12_2007_07_30.pdf,2,fingerboard,0.171711
15_9_F_12_2007_07_30.pdf,3,bha hwdp,0.147803
15_9_F_12_2007_07_30.pdf,4,oil tds,0.142161
15_9_F_12_2007_07_30.pdf,5,source,0.141827
15_9_F_12_2007_07_30.pdf,6,source adn,0.134565
15_9_F_12_2007_07_30.pdf,7,manual tongs,0.134565
15_9_F_12_2007_07_30.pdf,8,sonic,0.13155
15_9_F_12_2007_07_30.pdf,9,noise,0.126513
15_9_F_12_2007_07_30.pdf,10,transfer,0.12059
15_9_F_12_2007_07_30.pdf,11,while rotating,0.118917
15_9_F_12_2007_07_30.pdf,12,backup,0.11736
15_9_F_12_2007_07_30.pdf,13,arc,0.114534
15_9_F_12_2007_07_30.pdf,14,tds made,0.113353
15_9_F_12_2007_07_30.pdf,15,gear,0.110865
15_9_F_12_2007_07_31.pdf,1,continued parameters,0.159293
15_9_F_12_2007_07_31.pdf,2,ecd rop,0.15319
15_9_F_12_2007_07_31.pdf,3,rop hrs,0.149923
15_9_F_12_2007_07_31.pdf,4,wob torque,0.141505
15_9_F_12_2007_07_31.pdf,5,knm ecd,0.136896
15_9_F_12_2007_07_31.pdf,6,rpm wob,0.136185
15_9_F_12_2007_07_31.pdf,7,powerdrive,0.128102
15_9_F_12_2007_07_31.pdf,8,reamed down,0.127298
15_9_F_12_2007_07_31.pdf,9,torque knm,0.122037
15_9_F_12_2007_07_31.pdf,10,made connection,0.117239
15_9_F_12_2007_07_31.pdf,11,performed mwd,0.115918
15_9_F_12_2007_07_31.pdf,12,ecd,0.115508
15_9_F_12_2007_07_31.pdf,13,parameters lpm,0.114599
15_9_F_12_2007_07_31.pdf,14,spp bar,0.113961
15_9_F_12_2007_07_31.pdf,15,lpm spp,0.112667
15_9_F_12_2007_08_01.pdf,1,adn,0.16521
15_9_F_12_2007_08_01.pdf,2,max overpull,0.147388
15_9_F_12_2007_08_01.pdf,3,sample,0.124418
15_9_F_12_2007_08_01.pdf,4,while reciprocating,0.120253
15_9_F_12_2007_08_01.pdf,5,losses,0.113959
15_9_F_12_2007_08_01.pdf,6,lcm pill,0.109185
15_9_F_12_2007_08_01.pdf,7,reciprocating,0.107621
15_9_F_12_2007_08_01.pdf,8,iron roughneck,0.107621
15_9_F_12_2007_08_01.pdf,9,roughneck,0.107621
15_9_F_12_2007_08_01.pdf,10,iron,0.106152
15_9_F_12_2007_08_01.pdf,11,lcm,0.105449
15_9_F_12_2007_08_01.pdf,12,dragchain,0.105143
15_9_F_12_2007_08_01.pdf,13,lpm obtain,0.105143
15_9_F_12_2007_08_01.pdf,14,stand circulated,0.105143
15_9_F_12_2007_08_01.pdf,15,powerdrive,0.104102
15_9_F_12_2007_08_02.pdf,1,singel,0.141784
15_9_F_12_2007_08_02.pdf,2,wbrrt,0.13502
15_9_F_12_2007_08_02.pdf,3,nominal seat,0.11751
15_9_F_12_2007_08_02.pdf,4,cement head,0.117121
15_9_F_12_2007_08_02.pdf,5,casing installed,0.116888
15_9_F_12_2007_08_02.pdf,6,accross,0.116888
15_9_F_12_2007_08_02.pdf,7,air,0.113433
15_9_F_12_2007_08_02.pdf,8,collar joint,0.113085
15_9_F_12_2007_08_02.pdf,9,nominal,0.112512
15_9_F_12_2007_08_02.pdf,10,seat protector,0.109941
15_9_F_12_2007_08_02.pdf,11,running casing,0.105164
15_9_F_12_2007_08_02.pdf,12,needed,0.101413
15_9_F_12_2007_08_02.pdf,13,float collar,0.101413
15_9_F_12_2007_08_02.pdf,14,rack back,0.101413
15_9_F_12_2007_08_02.pdf,15,seat,0.100048
15_9_F_12_2007_08_03.pdf,1,running average,0.255035
15_9_F_12_2007_08_03.pdf,2,tally filled,0.255035
15_9_F_12_2007_08_03.pdf,3,according tally,0.246307
15_9_F_12_2007_08_03.pdf,4,joint while,0.239176
15_9_F_12_2007_08_03.pdf,5,casing according,0.227924
15_9_F_12_2007_08_03.pdf,6,speed jnts,0.200812
15_9_F_12_2007_08_03.pdf,7,while running,0.200812
15_9_F_12_2007_08_03.pdf,8,tally,0.188357
15_9_F_12_2007_08_03.pdf,9,jnts,0.183357
15_9_F_12_2007_08_03.pdf,10,every joint,0.181823
15_9_F_12_2007_08_03.pdf,11,ran casing,0.181311
15_9_F_12_2007_08_03.pdf,12,average running,0.169095
15_9_F_12_2007_08_03.pdf,13,filled every,0.159507
15_9_F_12_2007_08_03.pdf,14,running speed,0.154712
15_9_F_12_2007_08_03.pdf,15,average,0.12836
15_9_F_12_2007_08_04.pdf,1,according tally,0.184987
15_9_F_12_2007_08_04.pdf,2,casing according,0.171181
15_9_F_12_2007_08_04.pdf,3,tally filled,0.163723
15_9_F_12_2007_08_04.pdf,4,running average,0.163723
15_9_F_12_2007_08_04.pdf,5,ran casing,0.156571
15_9_F_12_2007_08_04.pdf,6,joint while,0.153542
15_9_F_12_2007_08_04.pdf,7,casing down,0.146319
15_9_F_12_2007_08_04.pdf,8,bar down,0.146319
15_9_F_12_2007_08_04.pdf,9,tally,0.141464
15_9_F_12_2007_08_04.pdf,10,coupling,0.134128
15_9_F_12_2007_08_04.pdf,11,while running,0.128915
15_9_F_12_2007_08_04.pdf,12,speed jnts,0.128915
15_9_F_12_2007_08_04.pdf,13,jnts,0.117709
15_9_F_12_2007_08_04.pdf,14,every joint,0.116724
15_9_F_12_2007_08_04.pdf,15,inner,0.112307
15_9_F_12_2007_08_05.pdf,1,upweight,0.186972
15_9_F_12_2007_08_05.pdf,2,csg hanger,0.159225
15_9_F_12_2007_08_05.pdf,3,continued work,0.151764
15_9_F_12_2007_08_05.pdf,4,changed bails,0.145518
15_9_F_12_2007_08_05.pdf,5,head rih,0.14055
15_9_F_12_2007_08_05.pdf,6,stds,0.131219
15_9_F_12_2007_08_05.pdf,7,csg,0.130729
15_9_F_12_2007_08_05.pdf,8,air,0.130122
15_9_F_12_2007_08_05.pdf,9,tight spot,0.127065
15_9_F_12_2007_08_05.pdf,10,rih landed,0.124894
15_9_F_12_2007_08_05.pdf,11,cmt head,0.118547
15_9_F_12_2007_08_05.pdf,12,lpm max,0.118386
15_9_F_12_2007_08_05.pdf,13,prior cmt,0.118386
15_9_F_12_2007_08_05.pdf,14,tds pooh,0.118386
15_9_F_12_2007_08_05.pdf,15,casing down,0.115734
15_9_F_12_2007_08_06.pdf,1,wbm,0.120679
15_9_F_12_2007_08_06.pdf,2,turns right,0.114214
15_9_F_12_2007_08_06.pdf,3,gyro,0.110393
15_9_F_12_2007_08_06.pdf,4,ltr,0.109405
15_9_F_12_2007_08_06.pdf,5,rig pumps,0.107494
15_9_F_12_2007_08_06.pdf,6,cement rig,0.09944
15_9_F_12_2007_08_06.pdf,7,vetco procedure,0.09944
15_9_F_12_2007_08_06.pdf,8,seal assembly,0.099207
15_9_F_12_2007_08_06.pdf,9,using rig,0.09726
15_9_F_12_2007_08_06.pdf,10,padprt,0.096255
15_9_F_12_2007_08_06.pdf,11,pumps lpm,0.093018
15_9_F_12_2007_08_06.pdf,12,wear bushing,0.089414
15_9_F_12_2007_08_06.pdf,13,according vetco,0.088973
15_9_F_12_2007_08_06.pdf,14,plug strokes,0.087575
15_9_F_12_2007_08_06.pdf,15,jet sub,0.087405
15_9_F_12_2007_08_07.pdf,1,dci hose,0.163574
15_9_F_12_2007_08_07.pdf,2,pull diverter,0.15945
15_9_F_12_2007_08_07.pdf,3,seals,0.149316
15_9_F_12_2007_08_07.pdf,4,slick joint,0.148406
15_9_F_12_2007_08_07.pdf,5,diverter,0.136255
15_9_F_12_2007_08_07.pdf,6,slick,0.13381
15_9_F_12_2007_08_07.pdf,7,dci,0.131368
15_9_F_12_2007_08_07.pdf,8,overshot,0.12763
15_9_F_12_2007_08_07.pdf,9,shear ram,0.123377
15_9_F_12_2007_08_07.pdf,10,nut,0.116061
15_9_F_12_2007_08_07.pdf,11,ram bar,0.113135
15_9_F_12_2007_08_07.pdf,12,bell nipple,0.113135
15_9_F_12_2007_08_07.pdf,13,jetted bop,0.1106
15_9_F_12_2007_08_07.pdf,14,house,0.1106
15_9_F_12_2007_08_07.pdf,15,bell,0.1106
15_9_F_12_2007_08_08.pdf,1,prs continued,0.220749
15_9_F_12_2007_08_08.pdf,2,procedure meanwhile,0.188688
15_9_F_12_2007_08_08.pdf,3,housekeeping,0.18377
15_9_F_12_2007_08_08.pdf,4,according procedure,0.177398
15_9_F_12_2007_08_08.pdf,5,meanwhile changed,0.175119
15_9_F_12_2007_08_08.pdf,6,kelly hose,0.160601
15_9_F_12_2007_08_08.pdf,7,kelly,0.151032
15_9_F_12_2007_08_08.pdf,8,levels,0.138143
15_9_F_12_2007_08_08.pdf,9,testing tds,0.13388
15_9_F_12_2007_08_08.pdf,10,tool landed,0.130881
15_9_F_12_2007_08_08.pdf,11,hose flushed,0.130881
15_9_F_12_2007_08_08.pdf,12,chicksan,0.128236
15_9_F_12_2007_08_08.pdf,13,injection,0.124607
15_9_F_12_2007_08_08.pdf,14,rih bop,0.123728
15_9_F_12_2007_08_08.pdf,15,down pumps,0.123728
15_9_F_12_2007_08_09.pdf,1,stetho scope,0.186758
15_9_F_12_2007_08_09.pdf,2,stetho,0.186758
15_9_F_12_2007_08_09.pdf,3,scope,0.186758
15_9_F_12_2007_08_09.pdf,4,adn,0.172819
15_9_F_12_2007_08_09.pdf,5,radioactive,0.158421
15_9_F_12_2007_08_09.pdf,6,float,0.157869
15_9_F_12_2007_08_09.pdf,7,backup,0.154177
15_9_F_12_2007_08_09.pdf,8,bha change,0.14141
15_9_F_12_2007_08_09.pdf,9,equal,0.13251
15_9_F_12_2007_08_09.pdf,10,powerdrive,0.127401
15_9_F_12_2007_08_09.pdf,11,displacement,0.125839
15_9_F_12_2007_08_09.pdf,12,source adn,0.12543
15_9_F_12_2007_08_09.pdf,13,pre installed,0.12543
15_9_F_12_2007_08_09.pdf,14,bha tds,0.12543
15_9_F_12_2007_08_09.pdf,15,downhole tools,0.12543
15_9_F_12_2007_08_10.pdf,1,battery,0.201235
15_9_F_12_2007_08_10.pdf,2,scope,0.189513
15_9_F_12_2007_08_10.pdf,3,stetho,0.189513
15_9_F_12_2007_08_10.pdf,4,stetho scope,0.189513
15_9_F_12_2007_08_10.pdf,5,kill line,0.16899
15_9_F_12_2007_08_10.pdf,6,mwd tools,0.161614
15_9_F_12_2007_08_10.pdf,7,radioactive,0.160758
15_9_F_12_2007_08_10.pdf,8,down kill,0.160758
15_9_F_12_2007_08_10.pdf,9,incorrect,0.157761
15_9_F_12_2007_08_10.pdf,10,jar,0.15071
15_9_F_12_2007_08_10.pdf,11,leakage,0.13017
15_9_F_12_2007_08_10.pdf,12,bar observed,0.130105
15_9_F_12_2007_08_10.pdf,13,bha tds,0.127281
15_9_F_12_2007_08_10.pdf,14,downhole tools,0.127281
15_9_F_12_2007_08_10.pdf,15,kill,0.127072
15_9_F_12_2007_08_11.pdf,1,every stds,0.248935
15_9_F_12_2007_08_11.pdf,2,bha filled,0.205093
15_9_F_12_2007_08_11.pdf,3,stds,0.195774
15_9_F_12_2007_08_11.pdf,4,float,0.187921
15_9_F_12_2007_08_11.pdf,5,down tagged,0.182251
15_9_F_12_2007_08_11.pdf,6,downhole tools,0.176627
15_9_F_12_2007_08_11.pdf,7,wbm,0.175234
15_9_F_12_2007_08_11.pdf,8,filled every,0.170309
15_9_F_12_2007_08_11.pdf,9,tds tested,0.163234
15_9_F_12_2007_08_11.pdf,10,flushing,0.160656
15_9_F_12_2007_08_11.pdf,11,rih bha,0.160387
15_9_F_12_2007_08_11.pdf,12,bar drilled,0.158284
15_9_F_12_2007_08_11.pdf,13,allow,0.158284
15_9_F_12_2007_08_11.pdf,14,line rih,0.150335
15_9_F_12_2007_08_11.pdf,15,downhole,0.144074
15_9_F_12_2007_08_12.pdf,1,cleaned rathole,0.148366
15_9_F_12_2007_08_12.pdf,2,previous,0.147508
15_9_F_12_2007_08_12.pdf,3,wbm,0.132519
15_9_F_12_2007_08_12.pdf,4,stepwise,0.131105
15_9_F_12_2007_08_12.pdf,5,shoe track,0.125585
15_9_F_12_2007_08_12.pdf,6,rathole,0.12514
15_9_F_12_2007_08_12.pdf,7,one single,0.12394
15_9_F_12_2007_08_12.pdf,8,different,0.121983
15_9_F_12_2007_08_12.pdf,9,fit emw,0.119621
15_9_F_12_2007_08_12.pdf,10,track,0.113071
15_9_F_12_2007_08_12.pdf,11,wob ecd,0.112369
15_9_F_12_2007_08_12.pdf,12,fit,0.109333
15_9_F_12_2007_08_12.pdf,13,displaced obm,0.108998
15_9_F_12_2007_08_12.pdf,14,trouble shot,0.107277
15_9_F_12_2007_08_12.pdf,15,stds,0.105469
15_9_F_12_2007_08_13.pdf,1,down linked,0.201459
15_9_F_12_2007_08_13.pdf,2,linked,0.198664
15_9_F_12_2007_08_13.pdf,3,drilled obm,0.195154
15_9_F_12_2007_08_13.pdf,4,rop down,0.185973
15_9_F_12_2007_08_13.pdf,5,linked performed,0.176923
15_9_F_12_2007_08_13.pdf,6,survey required,0.172463
15_9_F_12_2007_08_13.pdf,7,signal,0.167892
15_9_F_12_2007_08_13.pdf,8,stetho scope,0.155736
15_9_F_12_2007_08_13.pdf,9,stetho,0.155736
15_9_F_12_2007_08_13.pdf,10,scope,0.155736
15_9_F_12_2007_08_13.pdf,11,obm lpm,0.150912
15_9_F_12_2007_08_13.pdf,12,ecd rop,0.144873
15_9_F_12_2007_08_13.pdf,13,performed survey,0.142089
15_9_F_12_2007_08_13.pdf,14,wob ecd,0.136247
15_9_F_12_2007_08_13.pdf,15,parameters drilled,0.132106
15_9_F_12_2007_08_14.pdf,1,drilled obm,0.208604
15_9_F_12_2007_08_14.pdf,2,rop down,0.19879
15_9_F_12_2007_08_14.pdf,3,survey required,0.184348
15_9_F_12_2007_08_14.pdf,4,down linked,0.182227
15_9_F_12_2007_08_14.pdf,5,forward prs,0.180219
15_9_F_12_2007_08_14.pdf,6,linked,0.179699
15_9_F_12_2007_08_14.pdf,7,linked performed,0.161649
15_9_F_12_2007_08_14.pdf,8,obm lpm,0.161312
15_9_F_12_2007_08_14.pdf,9,die,0.159244
15_9_F_12_2007_08_14.pdf,10,ecd rop,0.154857
15_9_F_12_2007_08_14.pdf,11,meanwhile built,0.148146
15_9_F_12_2007_08_14.pdf,12,wob ecd,0.145636
15_9_F_12_2007_08_14.pdf,13,required,0.141419
15_9_F_12_2007_08_14.pdf,14,carriers,0.135473
15_9_F_12_2007_08_14.pdf,15,forward,0.132031
15_9_F_12_2007_08_15.pdf,1,drilled obm,0.205727
15_9_F_12_2007_08_15.pdf,2,down linked,0.179715
15_9_F_12_2007_08_15.pdf,3,linked,0.177222
15_9_F_12_2007_08_15.pdf,4,signal,0.172511
15_9_F_12_2007_08_15.pdf,5,survey required,0.171415
15_9_F_12_2007_08_15.pdf,6,trouble shot,0.170495
15_9_F_12_2007_08_15.pdf,7,rop down,0.167575
15_9_F_12_2007_08_15.pdf,8,forward prs,0.167575
15_9_F_12_2007_08_15.pdf,9,meanwhile built,0.161159
15_9_F_12_2007_08_15.pdf,10,geoservices unit,0.15926
15_9_F_12_2007_08_15.pdf,11,obm lpm,0.159088
15_9_F_12_2007_08_15.pdf,12,different,0.155916
15_9_F_12_2007_08_15.pdf,13,rates,0.153614
15_9_F_12_2007_08_15.pdf,14,ecd rop,0.152721
15_9_F_12_2007_08_15.pdf,15,geoservices,0.144394
15_9_F_12_2007_08_16.pdf,1,drilled obm,0.226921
15_9_F_12_2007_08_16.pdf,2,survey required,0.2212
15_9_F_12_2007_08_16.pdf,3,down linked,0.198228
15_9_F_12_2007_08_16.pdf,4,ecd rop,0.197077
15_9_F_12_2007_08_16.pdf,5,linked,0.195478
15_9_F_12_2007_08_16.pdf,6,wob ecd,0.185343
15_9_F_12_2007_08_16.pdf,7,obm lpm,0.175477
15_9_F_12_2007_08_16.pdf,8,geoservices unit,0.165808
15_9_F_12_2007_08_16.pdf,9,weight down,0.163659
15_9_F_12_2007_08_16.pdf,10,linked performed,0.161007
15_9_F_12_2007_08_16.pdf,11,required,0.153837
15_9_F_12_2007_08_16.pdf,12,rop down,0.153432
15_9_F_12_2007_08_16.pdf,13,tank pooh,0.153432
15_9_F_12_2007_08_16.pdf,14,knm wob,0.152484
15_9_F_12_2007_08_16.pdf,15,one std,0.150331
15_9_F_12_2007_08_17.pdf,1,linked performed,0.242614
15_9_F_12_2007_08_17.pdf,2,survey required,0.236498
15_9_F_12_2007_08_17.pdf,3,rop down,0.2312
15_9_F_12_2007_08_17.pdf,4,tiw,0.215113
15_9_F_12_2007_08_17.pdf,5,down linked,0.211937
15_9_F_12_2007_08_17.pdf,6,linked,0.208997
15_9_F_12_2007_08_17.pdf,7,swedge,0.196881
15_9_F_12_2007_08_17.pdf,8,performed survey,0.194846
15_9_F_12_2007_08_17.pdf,9,obm lpm,0.187612
15_9_F_12_2007_08_17.pdf,10,ecd rop,0.180104
15_9_F_12_2007_08_17.pdf,11,drilled obm,0.172142
15_9_F_12_2007_08_17.pdf,12,wob ecd,0.16938
15_9_F_12_2007_08_17.pdf,13,spm bar,0.167802
15_9_F_12_2007_08_17.pdf,14,required,0.164476
15_9_F_12_2007_08_17.pdf,15,cement hose,0.162672
15_9_F_12_2007_08_18.pdf,1,linked performed,0.166694
15_9_F_12_2007_08_18.pdf,2,survey required,0.162492
15_9_F_12_2007_08_18.pdf,3,rop down,0.158852
15_9_F_12_2007_08_18.pdf,4,knm rpm,0.150171
15_9_F_12_2007_08_18.pdf,5,down linked,0.145617
15_9_F_12_2007_08_18.pdf,6,linked,0.143597
15_9_F_12_2007_08_18.pdf,7,bha same,0.134352
15_9_F_12_2007_08_18.pdf,8,performed survey,0.133874
15_9_F_12_2007_08_18.pdf,9,obm lpm,0.128904
15_9_F_12_2007_08_18.pdf,10,ecd rop,0.123745
15_9_F_12_2007_08_18.pdf,11,rpm knm,0.120672
15_9_F_12_2007_08_18.pdf,12,took down,0.116377
15_9_F_12_2007_08_18.pdf,13,wob ecd,0.116377
15_9_F_12_2007_08_18.pdf,14,hot,0.11545
15_9_F_12_2007_08_18.pdf,15,below bop,0.115293
15_9_F_12_2007_08_19.pdf,1,sonic,0.209359
15_9_F_12_2007_08_19.pdf,2,liner filling,0.200907
15_9_F_12_2007_08_19.pdf,3,radio,0.191455
15_9_F_12_2007_08_19.pdf,4,rih liner,0.186891
15_9_F_12_2007_08_19.pdf,5,continued bha,0.184124
15_9_F_12_2007_08_19.pdf,6,filling every,0.170803
15_9_F_12_2007_08_19.pdf,7,data,0.16309
15_9_F_12_2007_08_19.pdf,8,liner,0.156367
15_9_F_12_2007_08_19.pdf,9,source,0.149143
15_9_F_12_2007_08_19.pdf,10,personal,0.14255
15_9_F_12_2007_08_19.pdf,11,bha deck,0.14255
15_9_F_12_2007_08_19.pdf,12,filling,0.138578
15_9_F_12_2007_08_19.pdf,13,tool cleaned,0.133098
15_9_F_12_2007_08_19.pdf,14,fms installed,0.133098
15_9_F_12_2007_08_19.pdf,15,equipment removed,0.133098
15_9_F_12_2007_08_20.pdf,1,weatherford procedure,0.130641
15_9_F_12_2007_08_20.pdf,2,liner filling,0.126859
15_9_F_12_2007_08_20.pdf,3,liner hanger,0.123441
15_9_F_12_2007_08_20.pdf,4,mixing,0.12175
15_9_F_12_2007_08_20.pdf,5,chemical,0.12175
15_9_F_12_2007_08_20.pdf,6,liner,0.120167
15_9_F_12_2007_08_20.pdf,7,plug sheared,0.118447
15_9_F_12_2007_08_20.pdf,8,rih liner,0.118008
15_9_F_12_2007_08_20.pdf,9,software,0.113777
15_9_F_12_2007_08_20.pdf,10,filling every,0.10785
15_9_F_12_2007_08_20.pdf,11,chemical injection,0.105253
15_9_F_12_2007_08_20.pdf,12,weatherford,0.104067
15_9_F_12_2007_08_20.pdf,13,halliburton,0.098982
15_9_F_12_2007_08_20.pdf,14,town,0.095656
15_9_F_12_2007_08_20.pdf,15,sheared,0.089688
15_9_F_12_2007_08_21.pdf,1,tsp packer,0.187093
15_9_F_12_2007_08_21.pdf,2,packer running,0.187076
15_9_F_12_2007_08_21.pdf,3,tsp,0.183641
15_9_F_12_2007_08_21.pdf,4,pooh tsp,0.177081
15_9_F_12_2007_08_21.pdf,5,cmt head,0.150961
15_9_F_12_2007_08_21.pdf,6,head held,0.142305
15_9_F_12_2007_08_21.pdf,7,commenced,0.115764
15_9_F_12_2007_08_21.pdf,8,weatherford procedure,0.113458
15_9_F_12_2007_08_21.pdf,9,cmt,0.110666
15_9_F_12_2007_08_21.pdf,10,running tool,0.110566
15_9_F_12_2007_08_21.pdf,11,prior cmt,0.107396
15_9_F_12_2007_08_21.pdf,12,according weatherford,0.107396
15_9_F_12_2007_08_21.pdf,13,same cleared,0.107396
15_9_F_12_2007_08_21.pdf,14,packer,0.105364
15_9_F_12_2007_08_21.pdf,15,bop test,0.10495
15_9_F_12_2007_08_22.pdf,1,bha tds,0.19303
15_9_F_12_2007_08_22.pdf,2,bars mins,0.181227
15_9_F_12_2007_08_22.pdf,3,tds filled,0.172984
15_9_F_12_2007_08_22.pdf,4,continued bha,0.155122
15_9_F_12_2007_08_22.pdf,5,bars,0.144026
15_9_F_12_2007_08_22.pdf,6,mins,0.141984
15_9_F_12_2007_08_22.pdf,7,tested choke,0.141853
15_9_F_12_2007_08_22.pdf,8,rih bha,0.122615
15_9_F_12_2007_08_22.pdf,9,pressure through,0.120096
15_9_F_12_2007_08_22.pdf,10,simultaneously,0.118908
15_9_F_12_2007_08_22.pdf,11,choke manifold,0.116146
15_9_F_12_2007_08_22.pdf,12,shift prior,0.114446
15_9_F_12_2007_08_22.pdf,13,radio,0.114446
15_9_F_12_2007_08_22.pdf,14,knm continued,0.114446
15_9_F_12_2007_08_22.pdf,15,manifold,0.112972
15_9_F_12_2007_08_23.pdf,1,ltr,0.168475
15_9_F_12_2007_08_23.pdf,2,performed fit,0.163581
15_9_F_12_2007_08_23.pdf,3,fit,0.151996
15_9_F_12_2007_08_23.pdf,4,fit emw,0.15099
15_9_F_12_2007_08_23.pdf,5,lpm max,0.149342
15_9_F_12_2007_08_23.pdf,6,bar annulus,0.145996
15_9_F_12_2007_08_23.pdf,7,tagged toc,0.143046
15_9_F_12_2007_08_23.pdf,8,returned,0.143046
15_9_F_12_2007_08_23.pdf,9,back shoe,0.143046
15_9_F_12_2007_08_23.pdf,10,fluid,0.141769
15_9_F_12_2007_08_23.pdf,11,pumped ltr,0.140406
15_9_F_12_2007_08_23.pdf,12,tds washed,0.140406
15_9_F_12_2007_08_23.pdf,13,rpm lpm,0.138018
15_9_F_12_2007_08_23.pdf,14,wob rop,0.138018
15_9_F_12_2007_08_23.pdf,15,spp rpm,0.138018
15_9_F_12_2007_08_24.pdf,1,wob rop,0.222705
15_9_F_12_2007_08_24.pdf,2,spp rpm,0.222705
15_9_F_12_2007_08_24.pdf,3,continued parameters,0.215951
15_9_F_12_2007_08_24.pdf,4,rop ecd,0.202796
15_9_F_12_2007_08_24.pdf,5,bars spp,0.175402
15_9_F_12_2007_08_24.pdf,6,installed sub,0.163772
15_9_F_12_2007_08_24.pdf,7,returns over,0.163772
15_9_F_12_2007_08_24.pdf,8,prior change,0.16075
15_9_F_12_2007_08_24.pdf,9,stand installed,0.158016
15_9_F_12_2007_08_24.pdf,10,trouble shot,0.15552
15_9_F_12_2007_08_24.pdf,11,bha changed,0.151098
15_9_F_12_2007_08_24.pdf,12,bar spp,0.149119
15_9_F_12_2007_08_24.pdf,13,commenced,0.148223
15_9_F_12_2007_08_24.pdf,14,wash,0.144219
15_9_F_12_2007_08_24.pdf,15,table,0.143889
15_9_F_12_2007_08_25.pdf,1,pressure points,0.172313
15_9_F_12_2007_08_25.pdf,2,reciprocating rotating,0.169581
15_9_F_12_2007_08_25.pdf,3,rpm lpm,0.167616
15_9_F_12_2007_08_25.pdf,4,points,0.164823
15_9_F_12_2007_08_25.pdf,5,geoservices unit,0.163778
15_9_F_12_2007_08_25.pdf,6,taking pressure,0.15938
15_9_F_12_2007_08_25.pdf,7,bars spp,0.159036
15_9_F_12_2007_08_25.pdf,8,geoservices,0.148491
15_9_F_12_2007_08_25.pdf,9,wob rop,0.143272
15_9_F_12_2007_08_25.pdf,10,spp rpm,0.143272
15_9_F_12_2007_08_25.pdf,11,lpm rpm,0.14156
15_9_F_12_2007_08_25.pdf,12,circulating clean,0.141009
15_9_F_12_2007_08_25.pdf,13,continued parameters,0.138927
15_9_F_12_2007_08_25.pdf,14,lpm bars,0.13328
15_9_F_12_2007_08_25.pdf,15,string lpm,0.13195
15_9_F_12_2007_08_26.pdf,1,taking pressure,0.172677
15_9_F_12_2007_08_26.pdf,2,pressure points,0.171691
15_9_F_12_2007_08_26.pdf,3,draw work,0.166718
15_9_F_12_2007_08_26.pdf,4,points,0.164229
15_9_F_12_2007_08_26.pdf,5,draw,0.163642
15_9_F_12_2007_08_26.pdf,6,took pressure,0.160859
15_9_F_12_2007_08_26.pdf,7,geoservices unit,0.157175
15_9_F_12_2007_08_26.pdf,8,schlumberger procedure,0.151802
15_9_F_12_2007_08_26.pdf,9,according schlumberger,0.148147
15_9_F_12_2007_08_26.pdf,10,pressure point,0.145444
15_9_F_12_2007_08_26.pdf,11,geoservices,0.142505
15_9_F_12_2007_08_26.pdf,12,knm rpm,0.137496
15_9_F_12_2007_08_26.pdf,13,taking,0.13589
15_9_F_12_2007_08_26.pdf,14,checked static,0.126238
15_9_F_12_2007_08_26.pdf,15,brake,0.123855
15_9_F_12_2007_08_27.pdf,1,rih liner,0.204768
15_9_F_12_2007_08_27.pdf,2,liner filling,0.19389
15_9_F_12_2007_08_27.pdf,3,filling every,0.164837
15_9_F_12_2007_08_27.pdf,4,liner,0.161643
15_9_F_12_2007_08_27.pdf,5,prior rih,0.155715
15_9_F_12_2007_08_27.pdf,6,tsp packer,0.154741
15_9_F_12_2007_08_27.pdf,7,tsp,0.151886
15_9_F_12_2007_08_27.pdf,8,weatherford procedure,0.150096
15_9_F_12_2007_08_27.pdf,9,filling,0.133737
15_9_F_12_2007_08_27.pdf,10,made same,0.125989
15_9_F_12_2007_08_27.pdf,11,every joint,0.125989
15_9_F_12_2007_08_27.pdf,12,weatherford,0.119565
15_9_F_12_2007_08_27.pdf,13,fms slips,0.114626
15_9_F_12_2007_08_27.pdf,14,shoe float,0.114626
15_9_F_12_2007_08_27.pdf,15,odfjell casing,0.112058
15_9_F_12_2007_08_28.pdf,1,tsp packer,0.13756
15_9_F_12_2007_08_28.pdf,2,tsp,0.135021
15_9_F_12_2007_08_28.pdf,3,clean assy,0.131595
15_9_F_12_2007_08_28.pdf,4,packer running,0.128565
15_9_F_12_2007_08_28.pdf,5,pooh tsp,0.121695
15_9_F_12_2007_08_28.pdf,6,weatherford procedure,0.117571
15_9_F_12_2007_08_28.pdf,7,lpm bars,0.113184
15_9_F_12_2007_08_28.pdf,8,according weatherford,0.111289
15_9_F_12_2007_08_28.pdf,9,cement head,0.104839
15_9_F_12_2007_08_28.pdf,10,wiper plug,0.104215
15_9_F_12_2007_08_28.pdf,11,bars rpm,0.099731
15_9_F_12_2007_08_28.pdf,12,bars,0.097145
15_9_F_12_2007_08_28.pdf,13,pup joints,0.095855
15_9_F_12_2007_08_28.pdf,14,weatherford,0.093656
15_9_F_12_2007_08_28.pdf,15,cement line,0.090778
15_9_F_12_2007_08_29.pdf,1,clean assy,0.228947
15_9_F_12_2007_08_29.pdf,2,rih clean,0.188655
15_9_F_12_2007_08_29.pdf,3,pressures,0.172372
15_9_F_12_2007_08_29.pdf,4,razor,0.153823
15_9_F_12_2007_08_29.pdf,5,razor back,0.153823
15_9_F_12_2007_08_29.pdf,6,prior change,0.144619
15_9_F_12_2007_08_29.pdf,7,bars rpm,0.137848
15_9_F_12_2007_08_29.pdf,8,assy,0.136447
15_9_F_12_2007_08_29.pdf,9,prior pressure,0.134155
15_9_F_12_2007_08_29.pdf,10,bars mins,0.130925
15_9_F_12_2007_08_29.pdf,11,spm,0.125472
15_9_F_12_2007_08_29.pdf,12,scraper,0.120973
15_9_F_12_2007_08_29.pdf,13,mfct,0.119388
15_9_F_12_2007_08_29.pdf,14,bars,0.118651
15_9_F_12_2007_08_29.pdf,15,dressed,0.118049
15_9_F_12_2007_08_30.pdf,1,soap,0.210002
15_9_F_12_2007_08_30.pdf,2,mfct,0.168499
15_9_F_12_2007_08_30.pdf,3,bars lpm,0.162733
15_9_F_12_2007_08_30.pdf,4,base oil,0.15717
15_9_F_12_2007_08_30.pdf,5,spm,0.146997
15_9_F_12_2007_08_30.pdf,6,top dress,0.142358
15_9_F_12_2007_08_30.pdf,7,dress mill,0.142358
15_9_F_12_2007_08_30.pdf,8,bars,0.140409
15_9_F_12_2007_08_30.pdf,9,top pbr,0.140109
15_9_F_12_2007_08_30.pdf,10,bars rpm,0.138041
15_9_F_12_2007_08_30.pdf,11,base,0.136214
15_9_F_12_2007_08_30.pdf,12,surface equipment,0.134343
15_9_F_12_2007_08_30.pdf,13,lpm bars,0.13243
15_9_F_12_2007_08_30.pdf,14,dress,0.131109
15_9_F_12_2007_08_30.pdf,15,pbr,0.130037
15_9_F_12_2007_08_31.pdf,1,mfct,0.186767
15_9_F_12_2007_08_31.pdf,2,pooh cleaning,0.156448
15_9_F_12_2007_08_31.pdf,3,razor back,0.154787
15_9_F_12_2007_08_31.pdf,4,razor,0.154787
15_9_F_12_2007_08_31.pdf,5,treated,0.154603
15_9_F_12_2007_08_31.pdf,6,constant,0.148261
15_9_F_12_2007_08_31.pdf,7,nut,0.135728
15_9_F_12_2007_08_31.pdf,8,cleaning assembly,0.135728
15_9_F_12_2007_08_31.pdf,9,ntu,0.129343
15_9_F_12_2007_08_31.pdf,10,bars,0.128929
15_9_F_12_2007_08_31.pdf,11,pressure bars,0.120343
15_9_F_12_2007_08_31.pdf,12,cleaning,0.111745
15_9_F_12_2007_08_31.pdf,13,sea water,0.111551
15_9_F_12_2007_08_31.pdf,14,changed inserts,0.110143
15_9_F_12_2007_08_31.pdf,15,assy,0.106697
15_9_F_12_2007_09_01.pdf,1,wbrrt hwdp,0.188436
15_9_F_12_2007_09_01.pdf,2,deviation,0.182981
15_9_F_12_2007_09_01.pdf,3,bx3,0.178368
15_9_F_12_2007_09_01.pdf,4,back casing,0.160487
15_9_F_12_2007_09_01.pdf,5,tally,0.158951
15_9_F_12_2007_09_01.pdf,6,bx3 elevator,0.156405
15_9_F_12_2007_09_01.pdf,7,hydraulic fitting,0.156405
15_9_F_12_2007_09_01.pdf,8,wbrrt,0.150107
15_9_F_12_2007_09_01.pdf,9,flush mounted,0.149047
15_9_F_12_2007_09_01.pdf,10,elevator changed,0.149047
15_9_F_12_2007_09_01.pdf,11,number,0.14334
15_9_F_12_2007_09_01.pdf,12,rih wbrrt,0.140902
15_9_F_12_2007_09_01.pdf,13,casing held,0.138676
15_9_F_12_2007_09_01.pdf,14,tie back,0.137608
15_9_F_12_2007_09_01.pdf,15,tie,0.136831
15_9_F_12_2007_09_02.pdf,1,back casing,0.143561
15_9_F_12_2007_09_02.pdf,2,seals,0.140875
15_9_F_12_2007_09_02.pdf,3,further,0.136141
15_9_F_12_2007_09_02.pdf,4,padprt tool,0.131925
15_9_F_12_2007_09_02.pdf,5,bx3 elevator,0.128106
15_9_F_12_2007_09_02.pdf,6,casing hanger,0.127711
15_9_F_12_2007_09_02.pdf,7,bx3,0.124876
15_9_F_12_2007_09_02.pdf,8,tie back,0.123095
15_9_F_12_2007_09_02.pdf,9,tie,0.122401
15_9_F_12_2007_09_02.pdf,10,tds took,0.122079
15_9_F_12_2007_09_02.pdf,11,tong rih,0.122079
15_9_F_12_2007_09_02.pdf,12,removed casing,0.122079
15_9_F_12_2007_09_02.pdf,13,swage,0.122079
15_9_F_12_2007_09_02.pdf,14,hanger landing,0.119611
15_9_F_12_2007_09_02.pdf,15,performed low,0.119611
15_9_F_12_2007_09_03.pdf,1,padprt tool,0.128135
15_9_F_12_2007_09_03.pdf,2,wash tool,0.12259
15_9_F_12_2007_09_03.pdf,3,pumped liters,0.121289
15_9_F_12_2007_09_03.pdf,4,tool hwdp,0.116175
15_9_F_12_2007_09_03.pdf,5,wearbushing,0.110113
15_9_F_12_2007_09_03.pdf,6,hydraulic fitting,0.106354
15_9_F_12_2007_09_03.pdf,7,bx3 elevator,0.106354
15_9_F_12_2007_09_03.pdf,8,liters,0.106133
15_9_F_12_2007_09_03.pdf,9,unit through,0.103673
15_9_F_12_2007_09_03.pdf,10,back cement,0.103673
15_9_F_12_2007_09_03.pdf,11,bx3,0.103673
15_9_F_12_2007_09_03.pdf,12,wbrrt,0.102071
15_9_F_12_2007_09_03.pdf,13,rih tool,0.101351
15_9_F_12_2007_09_03.pdf,14,padprt,0.099928
15_9_F_12_2007_09_03.pdf,15,hwdp landing,0.099928
15_9_F_12_2007_09_04.pdf,1,mode rih,0.15637
15_9_F_12_2007_09_04.pdf,2,rtts,0.152019
15_9_F_12_2007_09_04.pdf,3,padrt,0.142949
15_9_F_12_2007_09_04.pdf,4,hwdp landing,0.137785
15_9_F_12_2007_09_04.pdf,5,back casing,0.136416
15_9_F_12_2007_09_04.pdf,6,string set,0.130024
15_9_F_12_2007_09_04.pdf,7,rtts packer,0.1203
15_9_F_12_2007_09_04.pdf,8,wbrrt,0.1203
15_9_F_12_2007_09_04.pdf,9,tie back,0.116969
15_9_F_12_2007_09_04.pdf,10,tie,0.116308
15_9_F_12_2007_09_04.pdf,11,pulled free,0.116183
15_9_F_12_2007_09_04.pdf,12,latched,0.111954
15_9_F_12_2007_09_04.pdf,13,wearbushing,0.109704
15_9_F_12_2007_09_04.pdf,14,standpipe,0.10805
15_9_F_12_2007_09_04.pdf,15,wbrrt hwdp,0.107152
15_9_F_12_2007_09_05.pdf,1,tsp,0.208035
15_9_F_12_2007_09_05.pdf,2,seals,0.167848
15_9_F_12_2007_09_05.pdf,3,wbrrt,0.164947
15_9_F_12_2007_09_05.pdf,4,pooh casing,0.162208
15_9_F_12_2007_09_05.pdf,5,wearbushing,0.137556
15_9_F_12_2007_09_05.pdf,6,broke tds,0.130466
15_9_F_12_2007_09_05.pdf,7,over broke,0.124328
15_9_F_12_2007_09_05.pdf,8,travelling block,0.124328
15_9_F_12_2007_09_05.pdf,9,continued pulling,0.121815
15_9_F_12_2007_09_05.pdf,10,travelling,0.119567
15_9_F_12_2007_09_05.pdf,11,elevator picked,0.119567
15_9_F_12_2007_09_05.pdf,12,spider installed,0.117534
15_9_F_12_2007_09_05.pdf,13,rih wbrrt,0.117534
15_9_F_12_2007_09_05.pdf,14,inserts elevator,0.115677
15_9_F_12_2007_09_05.pdf,15,breaking,0.115677
15_9_F_12_2007_09_06.pdf,1,tsp,0.198407
15_9_F_12_2007_09_06.pdf,2,pooh tsp,0.155588
15_9_F_12_2007_09_06.pdf,3,wbrrt,0.146789
15_9_F_12_2007_09_06.pdf,4,wbrrt hwdp,0.133146
15_9_F_12_2007_09_06.pdf,5,top pbr,0.125355
15_9_F_12_2007_09_06.pdf,6,hwdp landing,0.121478
15_9_F_12_2007_09_06.pdf,7,tsp packer,0.120718
15_9_F_12_2007_09_06.pdf,8,backloaded,0.117094
15_9_F_12_2007_09_06.pdf,9,hydraulic leak,0.116968
15_9_F_12_2007_09_06.pdf,10,surface laid,0.114636
15_9_F_12_2007_09_06.pdf,11,repaired hydraulic,0.112943
15_9_F_12_2007_09_06.pdf,12,setting tool,0.111432
15_9_F_12_2007_09_06.pdf,13,mins,0.108455
15_9_F_12_2007_09_06.pdf,14,automatic slips,0.107271
15_9_F_12_2007_09_06.pdf,15,tool surface,0.10492
15_9_F_12_2007_09_07.pdf,1,backloaded,0.164488
15_9_F_12_2007_09_07.pdf,2,stb,0.160973
15_9_F_12_2007_09_07.pdf,3,back casing,0.148582
15_9_F_12_2007_09_07.pdf,4,tiw,0.14162
15_9_F_12_2007_09_07.pdf,5,loaded,0.138523
15_9_F_12_2007_09_07.pdf,6,pipedeck,0.135792
15_9_F_12_2007_09_07.pdf,7,fitting,0.131029
15_9_F_12_2007_09_07.pdf,8,tie back,0.127401
15_9_F_12_2007_09_07.pdf,9,tie,0.126682
15_9_F_12_2007_09_07.pdf,10,used,0.12332
15_9_F_12_2007_09_07.pdf,11,bar mins,0.120438
15_9_F_12_2007_09_07.pdf,12,dope,0.116709
15_9_F_12_2007_09_07.pdf,13,joint average,0.116709
15_9_F_12_2007_09_07.pdf,14,hydraulic fitting,0.11333
15_9_F_12_2007_09_07.pdf,15,counted joints,0.110473
15_9_F_12_2007_09_08.pdf,1,conveyer belt,0.197196
15_9_F_12_2007_09_08.pdf,2,back casing,0.188719
15_9_F_12_2007_09_08.pdf,3,conveyer,0.185356
15_9_F_12_2007_09_08.pdf,4,speed jnts,0.180658
15_9_F_12_2007_09_08.pdf,5,belt,0.178525
15_9_F_12_2007_09_08.pdf,6,jnts,0.164954
15_9_F_12_2007_09_08.pdf,7,tie back,0.161816
15_9_F_12_2007_09_08.pdf,8,tie,0.160903
15_9_F_12_2007_09_08.pdf,9,casing average,0.160665
15_9_F_12_2007_09_08.pdf,10,fixed,0.160665
15_9_F_12_2007_09_08.pdf,11,jammed,0.156361
15_9_F_12_2007_09_08.pdf,12,average running,0.152123
15_9_F_12_2007_09_08.pdf,13,hts,0.147972
15_9_F_12_2007_09_08.pdf,14,running speed,0.139184
15_9_F_12_2007_09_08.pdf,15,dope,0.134388
15_9_F_12_2007_09_09.pdf,1,padprt tool,0.166616
15_9_F_12_2007_09_09.pdf,2,gtv plug,0.149074
15_9_F_12_2007_09_09.pdf,3,gtv,0.145316
15_9_F_12_2007_09_09.pdf,4,padprt,0.129937
15_9_F_12_2007_09_09.pdf,5,down sub,0.128719
15_9_F_12_2007_09_09.pdf,6,hwdp landing,0.12515
15_9_F_12_2007_09_09.pdf,7,lock down,0.123292
15_9_F_12_2007_09_09.pdf,8,back casing,0.118534
15_9_F_12_2007_09_09.pdf,9,removed casing,0.115075
15_9_F_12_2007_09_09.pdf,10,drift,0.111521
15_9_F_12_2007_09_09.pdf,11,string set,0.107068
15_9_F_12_2007_09_09.pdf,12,upr,0.106525
15_9_F_12_2007_09_09.pdf,13,clockwise,0.102661
15_9_F_12_2007_09_09.pdf,14,tie back,0.101636
15_9_F_12_2007_09_09.pdf,15,tie,0.101062
15_9_F_12_2007_09_10.pdf,1,gtv plug,0.172785
15_9_F_12_2007_09_10.pdf,2,gtv,0.168429
15_9_F_12_2007_09_10.pdf,3,lock ring,0.167499
15_9_F_12_2007_09_10.pdf,4,overshot,0.134817
15_9_F_12_2007_09_10.pdf,5,chain hoists,0.133893
15_9_F_12_2007_09_10.pdf,6,hoists,0.133893
15_9_F_12_2007_09_10.pdf,7,lock,0.132695
15_9_F_12_2007_09_10.pdf,8,dogs,0.125015
15_9_F_12_2007_09_10.pdf,9,releasing,0.120621
15_9_F_12_2007_09_10.pdf,10,diverter,0.118672
15_9_F_12_2007_09_10.pdf,11,slings,0.114576
15_9_F_12_2007_09_10.pdf,12,meanwhile worked,0.11109
15_9_F_12_2007_09_10.pdf,13,flange,0.103539
15_9_F_12_2007_09_10.pdf,14,chain,0.101786
15_9_F_12_2007_09_10.pdf,15,fwd prs,0.101596
15_9_F_12_2007_09_11.pdf,1,trolley,0.218983
15_9_F_12_2007_09_11.pdf,2,lock ring,0.179995
15_9_F_12_2007_09_11.pdf,3,claxton tool,0.166473
15_9_F_12_2007_09_11.pdf,4,claxton,0.16516
15_9_F_12_2007_09_11.pdf,5,skidding bop,0.160626
15_9_F_12_2007_09_11.pdf,6,overshot,0.150416
15_9_F_12_2007_09_11.pdf,7,meanwhile worked,0.136716
15_9_F_12_2007_09_11.pdf,8,prepared skidding,0.136716
15_9_F_12_2007_09_11.pdf,9,test stump,0.128488
15_9_F_12_2007_09_11.pdf,10,lock,0.127886
15_9_F_12_2007_09_11.pdf,11,tugger,0.118914
15_9_F_12_2007_09_11.pdf,12,weather meanwhile,0.116916
15_9_F_12_2007_09_11.pdf,13,nippling down,0.116916
15_9_F_12_2007_09_11.pdf,14,down bop,0.116382
15_9_F_12_2007_09_11.pdf,15,skidding,0.113658
15_9_F_12_2007_09_12.pdf,1,hotstab,0.148814
15_9_F_12_2007_09_12.pdf,2,soft,0.145806
15_9_F_12_2007_09_12.pdf,3,vetco bandak,0.13746
15_9_F_12_2007_09_12.pdf,4,sling,0.134523
15_9_F_12_2007_09_12.pdf,5,tensioning deck,0.13348
15_9_F_12_2007_09_12.pdf,6,tbc,0.130947
15_9_F_12_2007_09_12.pdf,7,installed protector,0.130115
15_9_F_12_2007_09_12.pdf,8,bandak procedure,0.130115
15_9_F_12_2007_09_12.pdf,9,tension joint,0.129564
15_9_F_12_2007_09_12.pdf,10,riser spider,0.125414
15_9_F_12_2007_09_12.pdf,11,tension,0.125233
15_9_F_12_2007_09_12.pdf,12,hpdr,0.123357
15_9_F_12_2007_09_12.pdf,13,bandak,0.12233
15_9_F_12_2007_09_12.pdf,14,centralizer deck,0.118812
15_9_F_12_2007_09_12.pdf,15,removed scaffolding,0.113479
15_9_F_12_2007_09_13.pdf,1,production riser,0.160011
15_9_F_12_2007_09_13.pdf,2,tbc,0.159057
15_9_F_12_2007_09_13.pdf,3,mounted,0.139538
15_9_F_12_2007_09_13.pdf,4,flanged connection,0.136847
15_9_F_12_2007_09_13.pdf,5,flanged,0.136847
15_9_F_12_2007_09_13.pdf,6,vetco bandak,0.132164
15_9_F_12_2007_09_13.pdf,7,connection according,0.132164
15_9_F_12_2007_09_13.pdf,8,tensioning deck,0.128338
15_9_F_12_2007_09_13.pdf,9,tensioning,0.124573
15_9_F_12_2007_09_13.pdf,10,removed handling,0.1223
15_9_F_12_2007_09_13.pdf,11,handling tool,0.121842
15_9_F_12_2007_09_13.pdf,12,wellhead module,0.117617
15_9_F_12_2007_09_13.pdf,13,bandak,0.117617
15_9_F_12_2007_09_13.pdf,14,barriers,0.115616
15_9_F_12_2007_09_13.pdf,15,drillfloor,0.112565
15_9_F_12_2007_09_14.pdf,1,tbc,0.152283
15_9_F_12_2007_09_14.pdf,2,tension joint,0.143205
15_9_F_12_2007_09_14.pdf,3,hooks,0.138271
15_9_F_12_2007_09_14.pdf,4,guidewires,0.12672
15_9_F_12_2007_09_14.pdf,5,flanged,0.126025
15_9_F_12_2007_09_14.pdf,6,flanged connection,0.126025
15_9_F_12_2007_09_14.pdf,7,locking,0.122597
15_9_F_12_2007_09_14.pdf,8,connection according,0.121713
15_9_F_12_2007_09_14.pdf,9,dual lift,0.118189
15_9_F_12_2007_09_14.pdf,10,horizontal,0.118189
15_9_F_12_2007_09_14.pdf,11,double,0.114197
15_9_F_12_2007_09_14.pdf,12,according vetco,0.113222
15_9_F_12_2007_09_14.pdf,13,removed handling,0.112628
15_9_F_12_2007_09_14.pdf,14,dual,0.110352
15_9_F_12_2007_09_14.pdf,15,hydraulics,0.110352
15_9_F_12_2007_09_15.pdf,1,ring assembly,0.167263
15_9_F_12_2007_09_15.pdf,2,tensioner ring,0.146114
15_9_F_12_2007_09_15.pdf,3,deck meanwhile,0.145218
15_9_F_12_2007_09_15.pdf,4,centralizer boat,0.142818
15_9_F_12_2007_09_15.pdf,5,min volume,0.140182
15_9_F_12_2007_09_15.pdf,6,drawworks,0.135622
15_9_F_12_2007_09_15.pdf,7,performed pressure,0.13362
15_9_F_12_2007_09_15.pdf,8,centralizer,0.129747
15_9_F_12_2007_09_15.pdf,9,tension joint,0.126909
15_9_F_12_2007_09_15.pdf,10,installed hatch,0.1256
15_9_F_12_2007_09_15.pdf,11,tension,0.123653
15_9_F_12_2007_09_15.pdf,12,centralizer deck,0.123433
15_9_F_12_2007_09_15.pdf,13,collision stool,0.122844
15_9_F_12_2007_09_15.pdf,14,boat collision,0.121624
15_9_F_12_2007_09_15.pdf,15,tensioner,0.121475
15_9_F_12_2007_10_12.pdf,1,skidded,0.404457
15_9_F_12_2007_10_12.pdf,2,skidded rig,0.388934
15_9_F_12_2007_10_12.pdf,3,lowered down,0.360409
15_9_F_12_2007_10_12.pdf,4,skidded cantilever,0.330381
15_9_F_12_2007_10_12.pdf,5,skidding,0.260868
15_9_F_12_2007_10_12.pdf,6,lowered,0.249592
15_9_F_12_2007_10_12.pdf,7,cantilever,0.22805
15_9_F_12_2007_10_12.pdf,8,valves,0.224514
15_9_F_12_2007_10_12.pdf,9,rig,0.176561
15_9_F_12_2007_10_12.pdf,10,head,0.175906
15_9_F_12_2007_10_12.pdf,11,hook,0.162224
15_9_F_12_2007_10_12.pdf,12,port,0.1611
15_9_F_12_2007_10_12.pdf,13,prepared,0.151617
15_9_F_12_2007_10_12.pdf,14,wire,0.151431
15_9_F_12_2007_10_12.pdf,15,crane,0.145198
15_9_F_12_2007_12_31.pdf,1,surface riser,0.268403
15_9_F_12_2007_12_31.pdf,2,nippling bop,0.199392
15_9_F_12_2007_12_31.pdf,3,meanwhile built,0.191757
15_9_F_12_2007_12_31.pdf,4,nippling,0.18278
15_9_F_12_2007_12_31.pdf,5,built scaffolding,0.176931
15_9_F_12_2007_12_31.pdf,6,built,0.150996
15_9_F_12_2007_12_31.pdf,7,stairs,0.148459
15_9_F_12_2007_12_31.pdf,8,cantilever,0.147603
15_9_F_12_2007_12_31.pdf,9,moon pool,0.144913
15_9_F_12_2007_12_31.pdf,10,pool,0.144913
15_9_F_12_2007_12_31.pdf,11,riser meanwhile,0.144717
15_9_F_12_2007_12_31.pdf,12,skidding,0.144322
15_9_F_12_2007_12_31.pdf,13,scaffolding,0.142028
15_9_F_12_2007_12_31.pdf,14,deck cleaned,0.141475
15_9_F_12_2007_12_31.pdf,15,moon,0.141067
15_9_F_12_2008_01_01.pdf,1,annulus insert,0.215698
15_9_F_12_2008_01_01.pdf,2,insert,0.178962
15_9_F_12_2008_01_01.pdf,3,retrieving tool,0.157764
15_9_F_12_2008_01_01.pdf,4,surface riser,0.151705
15_9_F_12_2008_01_01.pdf,5,retrieving,0.145041
15_9_F_12_2008_01_01.pdf,6,bop surface,0.139912
15_9_F_12_2008_01_01.pdf,7,bowl protector,0.132616
15_9_F_12_2008_01_01.pdf,8,annulus,0.123225
15_9_F_12_2008_01_01.pdf,9,bowl,0.11983
15_9_F_12_2008_01_01.pdf,10,slick jnt,0.114761
15_9_F_12_2008_01_01.pdf,11,rih tagged,0.109562
15_9_F_12_2008_01_01.pdf,12,bars mins,0.108268
15_9_F_12_2008_01_01.pdf,13,slick,0.106748
15_9_F_12_2008_01_01.pdf,14,closed annular,0.1048
15_9_F_12_2008_01_01.pdf,15,marked,0.102766
15_9_F_12_2008_01_02.pdf,1,bowl protector,0.140826
15_9_F_12_2008_01_02.pdf,2,annulus insert,0.139606
15_9_F_12_2008_01_02.pdf,3,retrieving tool,0.138012
15_9_F_12_2008_01_02.pdf,4,bowl,0.127248
15_9_F_12_2008_01_02.pdf,5,retrieving,0.126882
15_9_F_12_2008_01_02.pdf,6,straddle cup,0.120445
15_9_F_12_2008_01_02.pdf,7,spear assy,0.120262
15_9_F_12_2008_01_02.pdf,8,insert,0.11583
15_9_F_12_2008_01_02.pdf,9,cup tester,0.115356
15_9_F_12_2008_01_02.pdf,10,tie back,0.112478
15_9_F_12_2008_01_02.pdf,11,tie,0.111843
15_9_F_12_2008_01_02.pdf,12,surface head,0.111408
15_9_F_12_2008_01_02.pdf,13,back connector,0.108416
15_9_F_12_2008_01_02.pdf,14,spear,0.106511
15_9_F_12_2008_01_02.pdf,15,protector,0.105751
15_9_F_12_2008_01_03.pdf,1,sub setting,0.191567
15_9_F_12_2008_01_03.pdf,2,adjustment sub,0.190753
15_9_F_12_2008_01_03.pdf,3,adjustment,0.184547
15_9_F_12_2008_01_03.pdf,4,straddle cup,0.158496
15_9_F_12_2008_01_03.pdf,5,cup tester,0.151798
15_9_F_12_2008_01_03.pdf,6,setting tool,0.140345
15_9_F_12_2008_01_03.pdf,7,cup,0.139082
15_9_F_12_2008_01_03.pdf,8,straddle,0.13877
15_9_F_12_2008_01_03.pdf,9,tester,0.13292
15_9_F_12_2008_01_03.pdf,10,turned string,0.114678
15_9_F_12_2008_01_03.pdf,11,applied bars,0.11285
15_9_F_12_2008_01_03.pdf,12,turned,0.111449
15_9_F_12_2008_01_03.pdf,13,took over,0.110287
15_9_F_12_2008_01_03.pdf,14,slots,0.105929
15_9_F_12_2008_01_03.pdf,15,setting,0.10227
15_9_F_12_2008_01_04.pdf,1,gtv plug,0.21624
15_9_F_12_2008_01_04.pdf,2,gtv,0.210789
15_9_F_12_2008_01_04.pdf,3,seal setting,0.169551
15_9_F_12_2008_01_04.pdf,4,retrieving tool,0.143824
15_9_F_12_2008_01_04.pdf,5,retrieving,0.132226
15_9_F_12_2008_01_04.pdf,6,comprising,0.124367
15_9_F_12_2008_01_04.pdf,7,clean assy,0.119123
15_9_F_12_2008_01_04.pdf,8,seat protector,0.116049
15_9_F_12_2008_01_04.pdf,9,setting tool,0.114944
15_9_F_12_2008_01_04.pdf,10,same changed,0.114937
15_9_F_12_2008_01_04.pdf,11,drift,0.11166
15_9_F_12_2008_01_04.pdf,12,nominal seat,0.10987
15_9_F_12_2008_01_04.pdf,13,seat,0.105605
15_9_F_12_2008_01_04.pdf,14,nominal,0.105198
15_9_F_12_2008_01_04.pdf,15,tool picked,0.102463
15_9_F_12_2008_01_05.pdf,1,clean assemblies,0.243719
15_9_F_12_2008_01_05.pdf,2,rih clean,0.189098
15_9_F_12_2008_01_05.pdf,3,assemblies,0.183794
15_9_F_12_2008_01_05.pdf,4,comprising,0.154184
15_9_F_12_2008_01_05.pdf,5,fwd prs,0.151899
15_9_F_12_2008_01_05.pdf,6,clean assy,0.147683
15_9_F_12_2008_01_05.pdf,7,halted operation,0.144958
15_9_F_12_2008_01_05.pdf,8,magnet,0.142493
15_9_F_12_2008_01_05.pdf,9,fwd,0.1416
15_9_F_12_2008_01_05.pdf,10,rigfloor,0.139532
15_9_F_12_2008_01_05.pdf,11,pin,0.136255
15_9_F_12_2008_01_05.pdf,12,knots,0.136255
15_9_F_12_2008_01_05.pdf,13,winds,0.134954
15_9_F_12_2008_01_05.pdf,14,halted,0.128356
15_9_F_12_2008_01_05.pdf,15,pins,0.127482
15_9_F_12_2008_01_06.pdf,1,improved,0.193581
15_9_F_12_2008_01_06.pdf,2,dragchain,0.180938
15_9_F_12_2008_01_06.pdf,3,injected,0.161294
15_9_F_12_2008_01_06.pdf,4,fwd prs,0.158904
15_9_F_12_2008_01_06.pdf,5,scaffolding,0.15
15_9_F_12_2008_01_06.pdf,6,weather conditions,0.149064
15_9_F_12_2008_01_06.pdf,7,fwd,0.14813
15_9_F_12_2008_01_06.pdf,8,repair,0.14603
15_9_F_12_2008_01_06.pdf,9,prs repair,0.141849
15_9_F_12_2008_01_06.pdf,10,slop,0.140672
15_9_F_12_2008_01_06.pdf,11,performed general,0.139614
15_9_F_12_2008_01_06.pdf,12,conditions,0.134275
15_9_F_12_2008_01_06.pdf,13,general,0.132742
15_9_F_12_2008_01_06.pdf,14,high winds,0.131567
15_9_F_12_2008_01_06.pdf,15,prs,0.130786
15_9_F_12_2008_01_07.pdf,1,security net,0.245835
15_9_F_12_2008_01_07.pdf,2,security,0.230549
15_9_F_12_2008_01_07.pdf,3,net,0.211289
15_9_F_12_2008_01_07.pdf,4,scaffolding,0.185696
15_9_F_12_2008_01_07.pdf,5,platform,0.167859
15_9_F_12_2008_01_07.pdf,6,aft prs,0.167157
15_9_F_12_2008_01_07.pdf,7,siemens,0.16373
15_9_F_12_2008_01_07.pdf,8,prs held,0.151884
15_9_F_12_2008_01_07.pdf,9,around,0.148413
15_9_F_12_2008_01_07.pdf,10,aft,0.144424
15_9_F_12_2008_01_07.pdf,11,prs,0.138977
15_9_F_12_2008_01_07.pdf,12,installation,0.132624
15_9_F_12_2008_01_07.pdf,13,cooler,0.13054
15_9_F_12_2008_01_07.pdf,14,seal setting,0.13054
15_9_F_12_2008_01_07.pdf,15,talk installed,0.13054
15_9_F_12_2008_01_08.pdf,1,upper drive,0.227933
15_9_F_12_2008_01_08.pdf,2,esd system,0.208371
15_9_F_12_2008_01_08.pdf,3,prs upper,0.201899
15_9_F_12_2008_01_08.pdf,4,siemens,0.195902
15_9_F_12_2008_01_08.pdf,5,security net,0.184634
15_9_F_12_2008_01_08.pdf,6,aft prs,0.180859
15_9_F_12_2008_01_08.pdf,7,esd,0.173465
15_9_F_12_2008_01_08.pdf,8,security,0.173153
15_9_F_12_2008_01_08.pdf,9,scaffolding around,0.168073
15_9_F_12_2008_01_08.pdf,10,aft,0.160494
15_9_F_12_2008_01_08.pdf,11,net,0.158688
15_9_F_12_2008_01_08.pdf,12,performed repair,0.156818
15_9_F_12_2008_01_08.pdf,13,work aft,0.156818
15_9_F_12_2008_01_08.pdf,14,drive meanwhile,0.152278
15_9_F_12_2008_01_08.pdf,15,repair work,0.148439
15_9_F_12_2008_01_09.pdf,1,prs upper,0.223811
15_9_F_12_2008_01_09.pdf,2,upper drive,0.223811
15_9_F_12_2008_01_09.pdf,3,repair work,0.219124
15_9_F_12_2008_01_09.pdf,4,performed repair,0.216152
15_9_F_12_2008_01_09.pdf,5,work aft,0.203387
15_9_F_12_2008_01_09.pdf,6,drive meanwhile,0.172452
15_9_F_12_2008_01_09.pdf,7,caps,0.165995
15_9_F_12_2008_01_09.pdf,8,repair,0.150993
15_9_F_12_2008_01_09.pdf,9,xmas tree,0.147405
15_9_F_12_2008_01_09.pdf,10,xmas,0.147405
15_9_F_12_2008_01_09.pdf,11,aft prs,0.14675
15_9_F_12_2008_01_09.pdf,12,dci hose,0.129635
15_9_F_12_2008_01_09.pdf,13,work,0.127342
15_9_F_12_2008_01_09.pdf,14,aft,0.126792
15_9_F_12_2008_01_09.pdf,15,moonpool,0.12365
15_9_F_12_2008_01_10.pdf,1,knots knots,0.281694
15_9_F_12_2008_01_10.pdf,2,knots,0.229989
15_9_F_12_2008_01_10.pdf,3,weather condtions,0.205872
15_9_F_12_2008_01_10.pdf,4,condtions,0.199912
15_9_F_12_2008_01_10.pdf,5,repair work,0.194872
15_9_F_12_2008_01_10.pdf,6,prs repair,0.194872
15_9_F_12_2008_01_10.pdf,7,improve,0.186656
15_9_F_12_2008_01_10.pdf,8,dci hose,0.182816
15_9_F_12_2008_01_10.pdf,9,debris,0.164695
15_9_F_12_2008_01_10.pdf,10,dci,0.146822
15_9_F_12_2008_01_10.pdf,11,aft prs,0.144595
15_9_F_12_2008_01_10.pdf,12,waited weather,0.139568
15_9_F_12_2008_01_10.pdf,13,repair,0.136387
15_9_F_12_2008_01_10.pdf,14,caps,0.133581
15_9_F_12_2008_01_10.pdf,15,winds knots,0.126444
15_9_F_12_2008_01_11.pdf,1,improve,0.176235
15_9_F_12_2008_01_11.pdf,2,knots,0.174379
15_9_F_12_2008_01_11.pdf,3,knots knots,0.162844
15_9_F_12_2008_01_11.pdf,4,weather condtions,0.150626
15_9_F_12_2008_01_11.pdf,5,scaffolding,0.150078
15_9_F_12_2008_01_11.pdf,6,scaffolding derrick,0.149337
15_9_F_12_2008_01_11.pdf,7,condtions,0.146265
15_9_F_12_2008_01_11.pdf,8,aft prs,0.145614
15_9_F_12_2008_01_11.pdf,9,winds knots,0.142578
15_9_F_12_2008_01_11.pdf,10,prs repair,0.142578
15_9_F_12_2008_01_11.pdf,11,repair work,0.142578
15_9_F_12_2008_01_11.pdf,12,platform,0.137426
15_9_F_12_2008_01_11.pdf,13,removing,0.136061
15_9_F_12_2008_01_11.pdf,14,winds,0.133515
15_9_F_12_2008_01_11.pdf,15,waited weather,0.131776
15_9_F_12_2008_01_12.pdf,1,reciprocating rotating,0.169024
15_9_F_12_2008_01_12.pdf,2,scraped,0.160241
15_9_F_12_2008_01_12.pdf,3,cleaning string,0.159397
15_9_F_12_2008_01_12.pdf,4,clean assemblies,0.150849
15_9_F_12_2008_01_12.pdf,5,assemblies,0.146802
15_9_F_12_2008_01_12.pdf,6,scraper,0.143755
15_9_F_12_2008_01_12.pdf,7,rotating rpm,0.140545
15_9_F_12_2008_01_12.pdf,8,lpm while,0.136549
15_9_F_12_2008_01_12.pdf,9,knm down,0.135491
15_9_F_12_2008_01_12.pdf,10,max torque,0.131517
15_9_F_12_2008_01_12.pdf,11,while reciprocating,0.128633
15_9_F_12_2008_01_12.pdf,12,power shut,0.126507
15_9_F_12_2008_01_12.pdf,13,scaffolding derrick,0.126507
15_9_F_12_2008_01_12.pdf,14,rotating,0.126419
15_9_F_12_2008_01_12.pdf,15,reciprocating,0.11512
15_9_F_12_2008_01_13.pdf,1,esd,0.153616
15_9_F_12_2008_01_13.pdf,2,packer fluid,0.141756
15_9_F_12_2008_01_13.pdf,3,pooh cleaning,0.139651
15_9_F_12_2008_01_13.pdf,4,cleaning assemblies,0.136779
15_9_F_12_2008_01_13.pdf,5,ongoing,0.130657
15_9_F_12_2008_01_13.pdf,6,ntu,0.130344
15_9_F_12_2008_01_13.pdf,7,siemens,0.125353
15_9_F_12_2008_01_13.pdf,8,wellhead module,0.125353
15_9_F_12_2008_01_13.pdf,9,meanwhile tested,0.121275
15_9_F_12_2008_01_13.pdf,10,fluid,0.115891
15_9_F_12_2008_01_13.pdf,11,assemblies,0.11484
15_9_F_12_2008_01_13.pdf,12,automatic slips,0.113484
15_9_F_12_2008_01_13.pdf,13,halted operation,0.110241
15_9_F_12_2008_01_13.pdf,14,automatic,0.109848
15_9_F_12_2008_01_13.pdf,15,testing,0.109679
15_9_F_12_2008_01_14.pdf,1,pooh cleaning,0.140168
15_9_F_12_2008_01_14.pdf,2,cleaning assemblies,0.131084
15_9_F_12_2008_01_14.pdf,3,magnet,0.11809
15_9_F_12_2008_01_14.pdf,4,seal setting,0.115386
15_9_F_12_2008_01_14.pdf,5,cleaning,0.111632
15_9_F_12_2008_01_14.pdf,6,assemblies,0.110058
15_9_F_12_2008_01_14.pdf,7,swarf,0.109221
15_9_F_12_2008_01_14.pdf,8,inserted,0.103232
15_9_F_12_2008_01_14.pdf,9,top dress,0.100939
15_9_F_12_2008_01_14.pdf,10,scraper,0.100491
15_9_F_12_2008_01_14.pdf,11,retrieval tool,0.099345
15_9_F_12_2008_01_14.pdf,12,bowl,0.098429
15_9_F_12_2008_01_14.pdf,13,ports,0.09652
15_9_F_12_2008_01_14.pdf,14,bowl protector,0.09649
15_9_F_12_2008_01_14.pdf,15,cleaning string,0.093902
15_9_F_12_2008_01_15.pdf,1,cup tester,0.182073
15_9_F_12_2008_01_15.pdf,2,tester,0.159429
15_9_F_12_2008_01_15.pdf,3,leakage rate,0.151512
15_9_F_12_2008_01_15.pdf,4,cup,0.151396
15_9_F_12_2008_01_15.pdf,5,drop bar,0.143446
15_9_F_12_2008_01_15.pdf,6,observed increase,0.117862
15_9_F_12_2008_01_15.pdf,7,obtained good,0.117862
15_9_F_12_2008_01_15.pdf,8,pumped liter,0.117121
15_9_F_12_2008_01_15.pdf,9,pressure drop,0.112789
15_9_F_12_2008_01_15.pdf,10,liter,0.111908
15_9_F_12_2008_01_15.pdf,11,rate min,0.110527
15_9_F_12_2008_01_15.pdf,12,gauge,0.110527
15_9_F_12_2008_01_15.pdf,13,total pumped,0.108016
15_9_F_12_2008_01_15.pdf,14,bar drop,0.107866
15_9_F_12_2008_01_15.pdf,15,leakage,0.107718
15_9_F_12_2008_01_16.pdf,1,leakage min,0.237519
15_9_F_12_2008_01_16.pdf,2,bar dropped,0.2033
15_9_F_12_2008_01_16.pdf,3,rtts packer,0.172762
15_9_F_12_2008_01_16.pdf,4,dropped bar,0.166048
15_9_F_12_2008_01_16.pdf,5,rtts,0.157754
15_9_F_12_2008_01_16.pdf,6,leakage,0.148362
15_9_F_12_2008_01_16.pdf,7,packer element,0.142043
15_9_F_12_2008_01_16.pdf,8,unit down,0.139172
15_9_F_12_2008_01_16.pdf,9,pumped liter,0.13428
15_9_F_12_2008_01_16.pdf,10,verified line,0.130208
15_9_F_12_2008_01_16.pdf,11,bop closed,0.121413
15_9_F_12_2008_01_16.pdf,12,element,0.120958
15_9_F_12_2008_01_16.pdf,13,released rtts,0.118959
15_9_F_12_2008_01_16.pdf,14,packer,0.118442
15_9_F_12_2008_01_16.pdf,15,liter,0.116974
15_9_F_12_2008_01_17.pdf,1,town meanwhile,0.202705
15_9_F_12_2008_01_17.pdf,2,perforation guns,0.197589
15_9_F_12_2008_01_17.pdf,3,town,0.179572
15_9_F_12_2008_01_17.pdf,4,fosv,0.168749
15_9_F_12_2008_01_17.pdf,5,guns,0.162547
15_9_F_12_2008_01_17.pdf,6,perforation,0.161448
15_9_F_12_2008_01_17.pdf,7,action,0.159447
15_9_F_12_2008_01_17.pdf,8,maxr,0.148963
15_9_F_12_2008_01_17.pdf,9,rtts packer,0.145812
15_9_F_12_2008_01_17.pdf,10,plan,0.13831
15_9_F_12_2008_01_17.pdf,11,orient exact,0.134478
15_9_F_12_2008_01_17.pdf,12,exact,0.134478
15_9_F_12_2008_01_17.pdf,13,dressed,0.132969
15_9_F_12_2008_01_17.pdf,14,rtts,0.123337
15_9_F_12_2008_01_17.pdf,15,waited,0.123137
15_9_F_12_2008_01_18.pdf,1,exact,0.217004
15_9_F_12_2008_01_18.pdf,2,orient exact,0.217004
15_9_F_12_2008_01_18.pdf,3,gun assy,0.207812
15_9_F_12_2008_01_18.pdf,4,perforation gun,0.2007
15_9_F_12_2008_01_18.pdf,5,according tally,0.1902
15_9_F_12_2008_01_18.pdf,6,firing head,0.184693
15_9_F_12_2008_01_18.pdf,7,firing,0.159102
15_9_F_12_2008_01_18.pdf,8,orient,0.156015
15_9_F_12_2008_01_18.pdf,9,tally,0.145451
15_9_F_12_2008_01_18.pdf,10,perforation,0.145327
15_9_F_12_2008_01_18.pdf,11,gun,0.144672
15_9_F_12_2008_01_18.pdf,12,maxr,0.139065
15_9_F_12_2008_01_18.pdf,13,fire,0.138429
15_9_F_12_2008_01_18.pdf,14,head made,0.130087
15_9_F_12_2008_01_18.pdf,15,perforation guns,0.121076
15_9_F_12_2008_01_19.pdf,1,maintenance tds,0.233455
15_9_F_12_2008_01_19.pdf,2,town meanwhile,0.199549
15_9_F_12_2008_01_19.pdf,3,equipment waited,0.195079
15_9_F_12_2008_01_19.pdf,4,action,0.183635
15_9_F_12_2008_01_19.pdf,5,town,0.168792
15_9_F_12_2008_01_19.pdf,6,performed maintenance,0.164404
15_9_F_12_2008_01_19.pdf,7,plan,0.159292
15_9_F_12_2008_01_19.pdf,8,mp2,0.149578
15_9_F_12_2008_01_19.pdf,9,annulus bar,0.147686
15_9_F_12_2008_01_19.pdf,10,lines pressure,0.141586
15_9_F_12_2008_01_19.pdf,11,maintenance,0.141098
15_9_F_12_2008_01_19.pdf,12,seals,0.14047
15_9_F_12_2008_01_19.pdf,13,present,0.138414
15_9_F_12_2008_01_19.pdf,14,knop,0.138414
15_9_F_12_2008_01_19.pdf,15,weather due,0.138414
15_9_F_12_2008_01_20.pdf,1,recorded bar,0.167114
15_9_F_12_2008_01_20.pdf,2,mp2,0.155823
15_9_F_12_2008_01_20.pdf,3,bar annulus,0.154642
15_9_F_12_2008_01_20.pdf,4,annulus performed,0.137176
15_9_F_12_2008_01_20.pdf,5,annulus bar,0.133122
15_9_F_12_2008_01_20.pdf,6,annulus cement,0.130723
15_9_F_12_2008_01_20.pdf,7,annulus,0.130342
15_9_F_12_2008_01_20.pdf,8,pressure annulus,0.12808
15_9_F_12_2008_01_20.pdf,9,further action,0.120749
15_9_F_12_2008_01_20.pdf,10,unit pressured,0.117253
15_9_F_12_2008_01_20.pdf,11,pressure increase,0.117009
15_9_F_12_2008_01_20.pdf,12,differential pressure,0.114297
15_9_F_12_2008_01_20.pdf,13,weather due,0.111737
15_9_F_12_2008_01_20.pdf,14,knop,0.111737
15_9_F_12_2008_01_20.pdf,15,present,0.111737
15_9_F_12_2008_01_21.pdf,1,puncher,0.260108
15_9_F_12_2008_01_21.pdf,2,arrive,0.187838
15_9_F_12_2008_01_21.pdf,3,conveyer,0.179615
15_9_F_12_2008_01_21.pdf,4,schlumberger,0.154833
15_9_F_12_2008_01_21.pdf,5,ltrs,0.15251
15_9_F_12_2008_01_21.pdf,6,maintenace,0.140981
15_9_F_12_2008_01_21.pdf,7,encoder,0.140981
15_9_F_12_2008_01_21.pdf,8,personnel,0.136899
15_9_F_12_2008_01_21.pdf,9,tubing,0.136803
15_9_F_12_2008_01_21.pdf,10,tested shear,0.135582
15_9_F_12_2008_01_21.pdf,11,cantiliver,0.135582
15_9_F_12_2008_01_21.pdf,12,floor prior,0.135582
15_9_F_12_2008_01_21.pdf,13,ltrs pumped,0.133277
15_9_F_12_2008_01_21.pdf,14,transport,0.131171
15_9_F_12_2008_01_21.pdf,15,cri,0.131171
15_9_F_12_2008_01_22.pdf,1,puncher,0.176084
15_9_F_12_2008_01_22.pdf,2,holes,0.148766
15_9_F_12_2008_01_22.pdf,3,annulus,0.134361
15_9_F_12_2008_01_22.pdf,4,winch,0.128847
15_9_F_12_2008_01_22.pdf,5,fired,0.127698
15_9_F_12_2008_01_22.pdf,6,ccl,0.124517
15_9_F_12_2008_01_22.pdf,7,standpipe,0.121672
15_9_F_12_2008_01_22.pdf,8,pressure through,0.117168
15_9_F_12_2008_01_22.pdf,9,annulus performed,0.117168
15_9_F_12_2008_01_22.pdf,10,valves,0.114687
15_9_F_12_2008_01_22.pdf,11,various,0.114214
15_9_F_12_2008_01_22.pdf,12,pressured annulus,0.114214
15_9_F_12_2008_01_22.pdf,13,drillwater,0.114214
15_9_F_12_2008_01_22.pdf,14,wheels,0.114214
15_9_F_12_2008_01_22.pdf,15,gun,0.113236
15_9_F_12_2008_01_23.pdf,1,tcp guns,0.170201
15_9_F_12_2008_01_23.pdf,2,tcp,0.162757
15_9_F_12_2008_01_23.pdf,3,tested annulus,0.13902
15_9_F_12_2008_01_23.pdf,4,ltrs,0.132024
15_9_F_12_2008_01_23.pdf,5,firing,0.131438
15_9_F_12_2008_01_23.pdf,6,guns,0.131188
15_9_F_12_2008_01_23.pdf,7,back ltrs,0.130419
15_9_F_12_2008_01_23.pdf,8,firing head,0.130419
15_9_F_12_2008_01_23.pdf,9,unit observed,0.127132
15_9_F_12_2008_01_23.pdf,10,rih tcp,0.127132
15_9_F_12_2008_01_23.pdf,11,kill manifold,0.124284
15_9_F_12_2008_01_23.pdf,12,ltrs bled,0.117492
15_9_F_12_2008_01_23.pdf,13,holes,0.117492
15_9_F_12_2008_01_23.pdf,14,manual,0.113465
15_9_F_12_2008_01_23.pdf,15,annulus,0.11291
15_9_F_12_2008_01_24.pdf,1,tcp guns,0.180526
15_9_F_12_2008_01_24.pdf,2,racking arm,0.176961
15_9_F_12_2008_01_24.pdf,3,locator,0.172189
15_9_F_12_2008_01_24.pdf,4,rih tcp,0.172189
15_9_F_12_2008_01_24.pdf,5,tol,0.172189
15_9_F_12_2008_01_24.pdf,6,stretch,0.168332
15_9_F_12_2008_01_24.pdf,7,tcp,0.165968
15_9_F_12_2008_01_24.pdf,8,fault,0.161886
15_9_F_12_2008_01_24.pdf,9,racking,0.157274
15_9_F_12_2008_01_24.pdf,10,tiw,0.156619
15_9_F_12_2008_01_24.pdf,11,top pbr,0.156619
15_9_F_12_2008_01_24.pdf,12,arm,0.153194
15_9_F_12_2008_01_24.pdf,13,guns,0.153087
15_9_F_12_2008_01_24.pdf,14,maxr,0.148038
15_9_F_12_2008_01_24.pdf,15,sat down,0.146558
15_9_F_12_2008_01_25.pdf,1,maxr,0.213817
15_9_F_12_2008_01_25.pdf,2,pre installed,0.153602
15_9_F_12_2008_01_25.pdf,3,annular bop,0.153602
15_9_F_12_2008_01_25.pdf,4,setting tool,0.147394
15_9_F_12_2008_01_25.pdf,5,tubing joint,0.144411
15_9_F_12_2008_01_25.pdf,6,muleshoe,0.13574
15_9_F_12_2008_01_25.pdf,7,surface wellhead,0.121055
15_9_F_12_2008_01_25.pdf,8,confirm,0.119789
15_9_F_12_2008_01_25.pdf,9,pumping lpm,0.112876
15_9_F_12_2008_01_25.pdf,10,cycle,0.111803
15_9_F_12_2008_01_25.pdf,11,sat,0.111403
15_9_F_12_2008_01_25.pdf,12,bowl protector,0.109133
15_9_F_12_2008_01_25.pdf,13,tubing,0.109095
15_9_F_12_2008_01_25.pdf,14,pressured annulus,0.108985
15_9_F_12_2008_01_25.pdf,15,setting,0.107407
15_9_F_12_2008_01_26.pdf,1,injection line,0.183261
15_9_F_12_2008_01_26.pdf,2,chemical injection,0.179081
15_9_F_12_2008_01_26.pdf,3,chemical,0.177063
15_9_F_12_2008_01_26.pdf,4,dhpg,0.174855
15_9_F_12_2008_01_26.pdf,5,clamps maintained,0.161633
15_9_F_12_2008_01_26.pdf,6,ran tubing,0.157959
15_9_F_12_2008_01_26.pdf,7,cable clamps,0.156102
15_9_F_12_2008_01_26.pdf,8,tubing cable,0.156102
15_9_F_12_2008_01_26.pdf,9,pressure chemical,0.151582
15_9_F_12_2008_01_26.pdf,10,tubing joints,0.151582
15_9_F_12_2008_01_26.pdf,11,maintained bar,0.151582
15_9_F_12_2008_01_26.pdf,12,gauge,0.150765
15_9_F_12_2008_01_26.pdf,13,clamps,0.147135
15_9_F_12_2008_01_26.pdf,14,knop,0.144451
15_9_F_12_2008_01_26.pdf,15,sheave,0.139197
15_9_F_12_2008_01_27.pdf,1,clamps maintained,0.249048
15_9_F_12_2008_01_27.pdf,2,tubing cable,0.240525
15_9_F_12_2008_01_27.pdf,3,cable clamps,0.240525
15_9_F_12_2008_01_27.pdf,4,pressure chemical,0.233562
15_9_F_12_2008_01_27.pdf,5,maintained bar,0.233562
15_9_F_12_2008_01_27.pdf,6,ran tubing,0.231087
15_9_F_12_2008_01_27.pdf,7,maintained,0.21041
15_9_F_12_2008_01_27.pdf,8,line while,0.20403
15_9_F_12_2008_01_27.pdf,9,injection line,0.20403
15_9_F_12_2008_01_27.pdf,10,chemical injection,0.193783
15_9_F_12_2008_01_27.pdf,11,clamps,0.193783
15_9_F_12_2008_01_27.pdf,12,chemical,0.1916
15_9_F_12_2008_01_27.pdf,13,winds knots,0.176427
15_9_F_12_2008_01_27.pdf,14,while rih,0.173384
15_9_F_12_2008_01_27.pdf,15,bar pressure,0.161101
15_9_F_12_2008_01_28.pdf,1,tubing cable,0.223748
15_9_F_12_2008_01_28.pdf,2,cable clamps,0.223748
15_9_F_12_2008_01_28.pdf,3,ran tubing,0.218481
15_9_F_12_2008_01_28.pdf,4,injection line,0.217364
15_9_F_12_2008_01_28.pdf,5,chemical injection,0.206448
15_9_F_12_2008_01_28.pdf,6,chemical,0.204122
15_9_F_12_2008_01_28.pdf,7,pressure chemical,0.185715
15_9_F_12_2008_01_28.pdf,8,clamps,0.180267
15_9_F_12_2008_01_28.pdf,9,line while,0.162233
15_9_F_12_2008_01_28.pdf,10,injection,0.160179
15_9_F_12_2008_01_28.pdf,11,clamps maintained,0.140508
15_9_F_12_2008_01_28.pdf,12,cable,0.139936
15_9_F_12_2008_01_28.pdf,13,while rih,0.137865
15_9_F_12_2008_01_28.pdf,14,tubing,0.134406
15_9_F_12_2008_01_28.pdf,15,maintained bar,0.13177
15_9_F_12_2008_01_29.pdf,1,cable clamps,0.143135
15_9_F_12_2008_01_29.pdf,2,tubing cable,0.143135
15_9_F_12_2008_01_29.pdf,3,dhsv assembly,0.135487
15_9_F_12_2008_01_29.pdf,4,injection line,0.13277
15_9_F_12_2008_01_29.pdf,5,ran tubing,0.132452
15_9_F_12_2008_01_29.pdf,6,weight down,0.12936
15_9_F_12_2008_01_29.pdf,7,fms,0.126875
15_9_F_12_2008_01_29.pdf,8,chemical injection,0.126103
15_9_F_12_2008_01_29.pdf,9,chemical,0.124682
15_9_F_12_2008_01_29.pdf,10,dhsv,0.123499
15_9_F_12_2008_01_29.pdf,11,calculated,0.123236
15_9_F_12_2008_01_29.pdf,12,line while,0.121417
15_9_F_12_2008_01_29.pdf,13,off btm,0.121417
15_9_F_12_2008_01_29.pdf,14,while rih,0.120711
15_9_F_12_2008_01_29.pdf,15,tubing,0.11645
15_9_F_12_2008_01_30.pdf,1,trscssv,0.161807
15_9_F_12_2008_01_30.pdf,2,through test,0.146126
15_9_F_12_2008_01_30.pdf,3,thrt,0.145705
15_9_F_12_2008_01_30.pdf,4,gauge,0.143796
15_9_F_12_2008_01_30.pdf,5,fed,0.124903
15_9_F_12_2008_01_30.pdf,6,lock down,0.122379
15_9_F_12_2008_01_30.pdf,7,test port,0.122379
15_9_F_12_2008_01_30.pdf,8,control lines,0.121988
15_9_F_12_2008_01_30.pdf,9,ports,0.112908
15_9_F_12_2008_01_30.pdf,10,port,0.110592
15_9_F_12_2008_01_30.pdf,11,plate,0.106403
15_9_F_12_2008_01_30.pdf,12,handling tool,0.106363
15_9_F_12_2008_01_30.pdf,13,through hanger,0.099164
15_9_F_12_2008_01_30.pdf,14,plugged,0.097299
15_9_F_12_2008_01_30.pdf,15,screws,0.09577
15_9_F_12_2008_01_31.pdf,1,trscssv,0.183588
15_9_F_12_2008_01_31.pdf,2,back ltrs,0.146612
15_9_F_12_2008_01_31.pdf,3,volume bled,0.142916
15_9_F_12_2008_01_31.pdf,4,ltrs,0.135666
15_9_F_12_2008_01_31.pdf,5,pumped ltrs,0.123096
15_9_F_12_2008_01_31.pdf,6,injection line,0.119421
15_9_F_12_2008_01_31.pdf,7,lubricator section,0.118105
15_9_F_12_2008_01_31.pdf,8,npr,0.118105
15_9_F_12_2008_01_31.pdf,9,npr plug,0.118105
15_9_F_12_2008_01_31.pdf,10,mdrkb,0.115841
15_9_F_12_2008_01_31.pdf,11,pressure tubing,0.113582
15_9_F_12_2008_01_31.pdf,12,chemical injection,0.113424
15_9_F_12_2008_01_31.pdf,13,chemical,0.112146
15_9_F_12_2008_01_31.pdf,14,different,0.109887
15_9_F_12_2008_01_31.pdf,15,min against,0.105935
15_9_F_12_2008_02_01.pdf,1,npr pulling,0.197034
15_9_F_12_2008_02_01.pdf,2,npr,0.193369
15_9_F_12_2008_02_01.pdf,3,pulling string,0.193043
15_9_F_12_2008_02_01.pdf,4,free npr,0.174109
15_9_F_12_2008_02_01.pdf,5,trscssv,0.156383
15_9_F_12_2008_02_01.pdf,6,npr plug,0.149026
15_9_F_12_2008_02_01.pdf,7,mdrkb,0.141774
15_9_F_12_2008_02_01.pdf,8,worked free,0.127721
15_9_F_12_2008_02_01.pdf,9,ltrs,0.122674
15_9_F_12_2008_02_01.pdf,10,elements,0.121183
15_9_F_12_2008_02_01.pdf,11,pumped ltrs,0.119034
15_9_F_12_2008_02_01.pdf,12,pressured annulus,0.118128
15_9_F_12_2008_02_01.pdf,13,bar worked,0.115482
15_9_F_12_2008_02_01.pdf,14,annulus valve,0.115482
15_9_F_12_2008_02_01.pdf,15,pbr,0.115445
15_9_F_12_2008_02_02.pdf,1,npr,0.175942
15_9_F_12_2008_02_02.pdf,2,npr pulling,0.154728
15_9_F_12_2008_02_02.pdf,3,npr plug,0.149874
15_9_F_12_2008_02_02.pdf,4,pulling string,0.134346
15_9_F_12_2008_02_02.pdf,5,trscssv,0.125992
15_9_F_12_2008_02_02.pdf,6,free npr,0.1199
15_9_F_12_2008_02_02.pdf,7,pressured tubing,0.104978
15_9_F_12_2008_02_02.pdf,8,kept bar,0.104978
15_9_F_12_2008_02_02.pdf,9,packer below,0.104978
15_9_F_12_2008_02_02.pdf,10,rope,0.104978
15_9_F_12_2008_02_02.pdf,11,injection head,0.102627
15_9_F_12_2008_02_02.pdf,12,min test,0.102627
15_9_F_12_2008_02_02.pdf,13,shore,0.102627
15_9_F_12_2008_02_02.pdf,14,tool catcher,0.100552
15_9_F_12_2008_02_02.pdf,15,blind,0.099222
15_9_F_12_2008_02_03.pdf,1,bpv,0.156716
15_9_F_12_2008_02_03.pdf,2,npr plug,0.147467
15_9_F_12_2008_02_03.pdf,3,xmt deck,0.147467
15_9_F_12_2008_02_03.pdf,4,npr,0.147467
15_9_F_12_2008_02_03.pdf,5,dart bpv,0.144487
15_9_F_12_2008_02_03.pdf,6,malfunction,0.144487
15_9_F_12_2008_02_03.pdf,7,changed elevators,0.144487
15_9_F_12_2008_02_03.pdf,8,flex,0.14182
15_9_F_12_2008_02_03.pdf,9,same changed,0.139408
15_9_F_12_2008_02_03.pdf,10,deck held,0.133305
15_9_F_12_2008_02_03.pdf,11,elevators,0.130456
15_9_F_12_2008_02_03.pdf,12,drum,0.126946
15_9_F_12_2008_02_03.pdf,13,riser installed,0.124723
15_9_F_12_2008_02_03.pdf,14,nippled down,0.122602
15_9_F_12_2008_02_03.pdf,15,box talk,0.122357
15_9_F_12_2008_02_04.pdf,1,spool,0.191048
15_9_F_12_2008_02_04.pdf,2,dropped object,0.176599
15_9_F_12_2008_02_04.pdf,3,mas tree,0.173595
15_9_F_12_2008_02_04.pdf,4,mas,0.173595
15_9_F_12_2008_02_04.pdf,5,outlet,0.170853
15_9_F_12_2008_02_04.pdf,6,object,0.170853
15_9_F_12_2008_02_04.pdf,7,cover,0.164895
15_9_F_12_2008_02_04.pdf,8,regarding,0.163822
15_9_F_12_2008_02_04.pdf,9,bars min,0.161788
15_9_F_12_2008_02_04.pdf,10,extension,0.161493
15_9_F_12_2008_02_04.pdf,11,flex,0.155309
15_9_F_12_2008_02_04.pdf,12,tree,0.14711
15_9_F_12_2008_02_04.pdf,13,bushing installed,0.13537
15_9_F_12_2008_02_04.pdf,14,prior install,0.133277
15_9_F_12_2008_02_04.pdf,15,spacer spool,0.130291
15_9_F_12_2008_02_05.pdf,1,mas tree,0.228139
15_9_F_12_2008_02_05.pdf,2,mas,0.228139
15_9_F_12_2008_02_05.pdf,3,tree,0.192842
15_9_F_12_2008_02_05.pdf,4,bpv,0.179125
15_9_F_12_2008_02_05.pdf,5,bars min,0.176577
15_9_F_12_2008_02_05.pdf,6,tree cap,0.169051
15_9_F_12_2008_02_05.pdf,7,min held,0.152165
15_9_F_12_2008_02_05.pdf,8,dart bpv,0.152165
15_9_F_12_2008_02_05.pdf,9,flex,0.149357
15_9_F_12_2008_02_05.pdf,10,outlet,0.144498
15_9_F_12_2008_02_05.pdf,11,tested mas,0.143324
15_9_F_12_2008_02_05.pdf,12,bars,0.138673
15_9_F_12_2008_02_05.pdf,13,line bars,0.136582
15_9_F_12_2008_02_05.pdf,14,torqued,0.132251
15_9_F_12_2008_02_05.pdf,15,leak tested,0.126311
15_9_F_12_2008_02_12.pdf,1,mmv,0.177388
15_9_F_12_2008_02_12.pdf,2,xmt cap,0.14578
15_9_F_12_2008_02_12.pdf,3,firing,0.138522
15_9_F_12_2008_02_12.pdf,4,bar cement,0.136707
15_9_F_12_2008_02_12.pdf,5,needle valve,0.136114
15_9_F_12_2008_02_12.pdf,6,tcp guns,0.134379
15_9_F_12_2008_02_12.pdf,7,tcp,0.134082
15_9_F_12_2008_02_12.pdf,8,needle,0.133602
15_9_F_12_2008_02_12.pdf,9,torq,0.129256
15_9_F_12_2008_02_12.pdf,10,xmt,0.127429
15_9_F_12_2008_02_12.pdf,11,maersk production,0.121467
15_9_F_12_2008_02_12.pdf,12,min equalized,0.121467
15_9_F_12_2008_02_12.pdf,13,bar opened,0.11959
15_9_F_12_2008_02_12.pdf,14,valve cement,0.116345
15_9_F_12_2008_02_12.pdf,15,pressure above,0.115915
15_9_F_12_2009_03_14.pdf,1,yearly,0.246495
15_9_F_12_2009_03_14.pdf,2,maintenace,0.200783
15_9_F_12_2009_03_14.pdf,3,drop min,0.179124
15_9_F_12_2009_03_14.pdf,4,waited production,0.1769
15_9_F_12_2009_03_14.pdf,5,choke manifold,0.164396
15_9_F_12_2009_03_14.pdf,6,hmv,0.160088
15_9_F_12_2009_03_14.pdf,7,combination toolstring,0.159407
15_9_F_12_2009_03_14.pdf,8,loosened,0.153951
15_9_F_12_2009_03_14.pdf,9,combination,0.145726
15_9_F_12_2009_03_14.pdf,10,dhsv,0.143622
15_9_F_12_2009_03_14.pdf,11,manifold,0.140626
15_9_F_12_2009_03_14.pdf,12,production shut,0.134676
15_9_F_12_2009_03_14.pdf,13,open hmv,0.134676
15_9_F_12_2009_03_14.pdf,14,lubricator leak,0.132549
15_9_F_12_2009_03_14.pdf,15,toolstring,0.131937
15_9_F_12_2009_03_15.pdf,1,combination toolstring,0.124841
15_9_F_12_2009_03_15.pdf,2,kwv,0.124395
15_9_F_12_2009_03_15.pdf,3,test xmt,0.118355
15_9_F_12_2009_03_15.pdf,4,xmt cross,0.115637
15_9_F_12_2009_03_15.pdf,5,combination,0.114127
15_9_F_12_2009_03_15.pdf,6,pwv,0.113223
15_9_F_12_2009_03_15.pdf,7,cmt unit,0.111626
15_9_F_12_2009_03_15.pdf,8,attempted test,0.109792
15_9_F_12_2009_03_15.pdf,9,opened kwv,0.109315
15_9_F_12_2009_03_15.pdf,10,cross,0.107448
15_9_F_12_2009_03_15.pdf,11,meg,0.107211
15_9_F_12_2009_03_15.pdf,12,xmt,0.105535
15_9_F_12_2009_03_15.pdf,13,dhsv,0.103088
15_9_F_12_2009_03_15.pdf,14,sucess,0.100074
15_9_F_12_2009_03_15.pdf,15,seawell,0.099535
15_9_F_12_2009_03_16.pdf,1,pass down,0.157432
15_9_F_12_2009_03_16.pdf,2,down speed,0.157432
15_9_F_12_2009_03_16.pdf,3,combination toolstring,0.140592
15_9_F_12_2009_03_16.pdf,4,ewl,0.13864
15_9_F_12_2009_03_16.pdf,5,toolstring ewl,0.136893
15_9_F_12_2009_03_16.pdf,6,plt,0.132756
15_9_F_12_2009_03_16.pdf,7,combination,0.128526
15_9_F_12_2009_03_16.pdf,8,min pass,0.127458
15_9_F_12_2009_03_16.pdf,9,through dhsv,0.125375
15_9_F_12_2009_03_16.pdf,10,plt toolstring,0.122953
15_9_F_12_2009_03_16.pdf,11,toolstring,0.113114
15_9_F_12_2009_03_16.pdf,12,speed min,0.110766
15_9_F_12_2009_03_16.pdf,13,down performed,0.108946
15_9_F_12_2009_03_16.pdf,14,logged plt,0.108946
15_9_F_12_2009_03_16.pdf,15,sm3,0.104318
15_9_F_12_2009_03_17.pdf,1,pass down,0.199721
15_9_F_12_2009_03_17.pdf,2,down speed,0.199721
15_9_F_12_2009_03_17.pdf,3,min pass,0.176392
15_9_F_12_2009_03_17.pdf,4,plt,0.140447
15_9_F_12_2009_03_17.pdf,5,plt toolstring,0.136661
15_9_F_12_2009_03_17.pdf,6,pooh plt,0.136661
15_9_F_12_2009_03_17.pdf,7,opened kwv,0.135212
15_9_F_12_2009_03_17.pdf,8,speed min,0.133168
15_9_F_12_2009_03_17.pdf,9,pwv,0.132717
15_9_F_12_2009_03_17.pdf,10,logged plt,0.130532
15_9_F_12_2009_03_17.pdf,11,down performed,0.130532
15_9_F_12_2009_03_17.pdf,12,ewl,0.128677
15_9_F_12_2009_03_17.pdf,13,mmv,0.125918
15_9_F_12_2009_03_17.pdf,14,kwv,0.124775
15_9_F_12_2009_03_17.pdf,15,pass,0.110878
15_9_F_12_2009_03_18.pdf,1,test bled,0.170946
15_9_F_12_2009_03_18.pdf,2,seawell,0.151349
15_9_F_12_2009_03_18.pdf,3,arrangement tds,0.150489
15_9_F_12_2009_03_18.pdf,4,kwv,0.142655
15_9_F_12_2009_03_18.pdf,5,tree cap,0.140798
15_9_F_12_2009_03_18.pdf,6,arrangement,0.140511
15_9_F_12_2009_03_18.pdf,7,using seawell,0.135572
15_9_F_12_2009_03_18.pdf,8,good test,0.131989
15_9_F_12_2009_03_18.pdf,9,xmt,0.131544
15_9_F_12_2009_03_18.pdf,10,cap,0.126118
15_9_F_12_2009_03_18.pdf,11,min using,0.124859
15_9_F_12_2009_03_18.pdf,12,kwv cap,0.120103
15_9_F_12_2009_03_18.pdf,13,cap xmt,0.120103
15_9_F_12_2009_03_18.pdf,14,closed drain,0.112368
15_9_F_12_2009_03_18.pdf,15,tree,0.110865
15_9_F_12_2010_09_21.pdf,1,handover meanwhile,0.271242
15_9_F_12_2010_09_21.pdf,2,production department,0.236561
15_9_F_12_2010_09_21.pdf,3,waited production,0.233625
15_9_F_12_2010_09_21.pdf,4,department,0.230866
15_9_F_12_2010_09_21.pdf,5,handover,0.193082
15_9_F_12_2010_09_21.pdf,6,new cable,0.18434
15_9_F_12_2010_09_21.pdf,7,night shift,0.180938
15_9_F_12_2010_09_21.pdf,8,meanwhile built,0.180938
15_9_F_12_2010_09_21.pdf,9,held prejob,0.170075
15_9_F_12_2010_09_21.pdf,10,cable,0.169837
15_9_F_12_2010_09_21.pdf,11,night,0.167847
15_9_F_12_2010_09_21.pdf,12,skidded rig,0.163806
15_9_F_12_2010_09_21.pdf,13,waited,0.157329
15_9_F_12_2010_09_21.pdf,14,shift,0.156984
15_9_F_12_2010_09_21.pdf,15,plt,0.151355
15_9_F_12_2010_09_22.pdf,1,min down,0.148726
15_9_F_12_2010_09_22.pdf,2,plt,0.147703
15_9_F_12_2010_09_22.pdf,3,meg,0.141486
15_9_F_12_2010_09_22.pdf,4,took stationary,0.140598
15_9_F_12_2010_09_22.pdf,5,stationary,0.134443
15_9_F_12_2010_09_22.pdf,6,meg using,0.134443
15_9_F_12_2010_09_22.pdf,7,platform,0.12534
15_9_F_12_2010_09_22.pdf,8,plt logging,0.123648
15_9_F_12_2010_09_22.pdf,9,leak tested,0.120961
15_9_F_12_2010_09_22.pdf,10,passes,0.119645
15_9_F_12_2010_09_22.pdf,11,kwv,0.115857
15_9_F_12_2010_09_22.pdf,12,status,0.112594
15_9_F_12_2010_09_22.pdf,13,mdrkb,0.110735
15_9_F_12_2010_09_22.pdf,14,tested mas,0.110735
15_9_F_12_2010_09_22.pdf,15,beaned,0.110735
15_9_F_12_2010_09_23.pdf,1,flowing passes,0.196002
15_9_F_12_2010_09_23.pdf,2,down min,0.177707
15_9_F_12_2010_09_23.pdf,3,various,0.173413
15_9_F_12_2010_09_23.pdf,4,passes,0.172607
15_9_F_12_2010_09_23.pdf,5,flowing,0.170743
15_9_F_12_2010_09_23.pdf,6,min min,0.166262
15_9_F_12_2010_09_23.pdf,7,sm3,0.166102
15_9_F_12_2010_09_23.pdf,8,took stationary,0.160264
15_9_F_12_2010_09_23.pdf,9,evo,0.157733
15_9_F_12_2010_09_23.pdf,10,logged,0.156234
15_9_F_12_2010_09_23.pdf,11,stationary,0.153248
15_9_F_12_2010_09_23.pdf,12,bridge plug,0.145937
15_9_F_12_2010_09_23.pdf,13,reduced rate,0.144688
15_9_F_12_2010_09_23.pdf,14,bridge,0.13638
15_9_F_12_2010_09_23.pdf,15,stationary readings,0.136341
15_9_F_12_2010_09_24.pdf,1,mas,0.145729
15_9_F_12_2010_09_24.pdf,2,mas tree,0.145729
15_9_F_12_2010_09_24.pdf,3,plug mid,0.142262
15_9_F_12_2010_09_24.pdf,4,hmv bled,0.137524
15_9_F_12_2010_09_24.pdf,5,mid,0.130378
15_9_F_12_2010_09_24.pdf,6,evo,0.126136
15_9_F_12_2010_09_24.pdf,7,whp bar,0.118321
15_9_F_12_2010_09_24.pdf,8,bled down,0.116667
15_9_F_12_2010_09_24.pdf,9,hmv,0.116478
15_9_F_12_2010_09_24.pdf,10,whp,0.115877
15_9_F_12_2010_09_24.pdf,11,element,0.115445
15_9_F_12_2010_09_24.pdf,12,tested mas,0.114776
15_9_F_12_2010_09_24.pdf,13,tree,0.112935
15_9_F_12_2010_09_24.pdf,14,lifted,0.112345
15_9_F_12_2010_09_24.pdf,15,cap leak,0.111883
15_9_F_12_2014_11_23.pdf,1,knots,0.319102
15_9_F_12_2014_11_23.pdf,2,some,0.303878
15_9_F_12_2014_11_23.pdf,3,waited weather,0.258614
15_9_F_12_2014_11_23.pdf,4,arrived,0.257449
15_9_F_12_2014_11_23.pdf,5,vessel,0.250923
15_9_F_12_2014_11_23.pdf,6,spotting,0.250923
15_9_F_12_2014_11_23.pdf,7,spotted,0.248371
15_9_F_12_2014_11_23.pdf,8,maersk,0.24796
15_9_F_12_2014_11_23.pdf,9,spot,0.245737
15_9_F_12_2014_11_23.pdf,10,wind,0.244462
15_9_F_12_2014_11_23.pdf,11,further,0.22535
15_9_F_12_2014_11_23.pdf,12,weather,0.225171
15_9_F_12_2014_11_23.pdf,13,wait,0.220201
15_9_F_12_2014_11_23.pdf,14,lift,0.19723
15_9_F_12_2014_11_23.pdf,15,waited,0.191534
15_9_F_12_2014_11_24.pdf,1,electrician,0.244539
15_9_F_12_2014_11_24.pdf,2,together,0.224165
15_9_F_12_2014_11_24.pdf,3,bop meanwhile,0.204798
15_9_F_12_2014_11_24.pdf,4,spotting,0.201381
15_9_F_12_2014_11_24.pdf,5,altus,0.191608
15_9_F_12_2014_11_24.pdf,6,maersk,0.181985
15_9_F_12_2014_11_24.pdf,7,onshore,0.174406
15_9_F_12_2014_11_24.pdf,8,winch,0.171143
15_9_F_12_2014_11_24.pdf,9,spotted,0.160821
15_9_F_12_2014_11_24.pdf,10,meanwhile continued,0.155072
15_9_F_12_2014_11_24.pdf,11,test continued,0.151706
15_9_F_12_2014_11_24.pdf,12,cables,0.151706
15_9_F_12_2014_11_24.pdf,13,same deck,0.148308
15_9_F_12_2014_11_24.pdf,14,checked equipment,0.148308
15_9_F_12_2014_11_24.pdf,15,performed low,0.14531
15_9_F_12_2014_11_25.pdf,1,prior start,0.146055
15_9_F_12_2014_11_25.pdf,2,parts,0.142142
15_9_F_12_2014_11_25.pdf,3,xmt,0.139566
15_9_F_12_2014_11_25.pdf,4,building,0.137157
15_9_F_12_2014_11_25.pdf,5,rigging,0.136561
15_9_F_12_2014_11_25.pdf,6,performed toolbox,0.132943
15_9_F_12_2014_11_25.pdf,7,good test,0.132943
15_9_F_12_2014_11_25.pdf,8,winch,0.130455
15_9_F_12_2014_11_25.pdf,9,hooked,0.127149
15_9_F_12_2014_11_25.pdf,10,riser lubricator,0.127103
15_9_F_12_2014_11_25.pdf,11,obtain,0.12319
15_9_F_12_2014_11_25.pdf,12,grease,0.122294
15_9_F_12_2014_11_25.pdf,13,start,0.118303
15_9_F_12_2014_11_25.pdf,14,meanwhile prepared,0.117456
15_9_F_12_2014_11_25.pdf,15,mmv,0.11564
15_9_F_12_2014_11_26.pdf,1,lbs lbs,0.17447
15_9_F_12_2014_11_26.pdf,2,using meg,0.159548
15_9_F_12_2014_11_26.pdf,3,lbs,0.135815
15_9_F_12_2014_11_26.pdf,4,meg,0.133337
15_9_F_12_2014_11_26.pdf,5,ev0,0.120056
15_9_F_12_2014_11_26.pdf,6,ev0 plug,0.120056
15_9_F_12_2014_11_26.pdf,7,decision made,0.114408
15_9_F_12_2014_11_26.pdf,8,xmt cross,0.113979
15_9_F_12_2014_11_26.pdf,9,decision,0.110027
15_9_F_12_2014_11_26.pdf,10,halliburton,0.109591
15_9_F_12_2014_11_26.pdf,11,surface whp,0.106447
15_9_F_12_2014_11_26.pdf,12,cross,0.105908
15_9_F_12_2014_11_26.pdf,13,altus,0.104876
15_9_F_12_2014_11_26.pdf,14,leak test,0.104267
15_9_F_12_2014_11_26.pdf,15,toolstring,0.104046
15_9_F_12_2014_11_27.pdf,1,lbs lbs,0.169472
15_9_F_12_2014_11_27.pdf,2,meters,0.16021
15_9_F_12_2014_11_27.pdf,3,whp bar,0.143331
15_9_F_12_2014_11_27.pdf,4,lbs,0.140964
15_9_F_12_2014_11_27.pdf,5,perforating gun,0.140513
15_9_F_12_2014_11_27.pdf,6,whp,0.140371
15_9_F_12_2014_11_27.pdf,7,perforating,0.138267
15_9_F_12_2014_11_27.pdf,8,qts bar,0.122452
15_9_F_12_2014_11_27.pdf,9,tested qts,0.117763
15_9_F_12_2014_11_27.pdf,10,qts,0.113932
15_9_F_12_2014_11_27.pdf,11,plug mid,0.113006
15_9_F_12_2014_11_27.pdf,12,across interval,0.109243
15_9_F_12_2014_11_27.pdf,13,gun,0.108777
15_9_F_12_2014_11_27.pdf,14,lubricator,0.107108
15_9_F_12_2014_11_27.pdf,15,cablehead,0.105412
15_9_F_12_2014_11_28.pdf,1,decision made,0.16919
15_9_F_12_2014_11_28.pdf,2,kill wing,0.16919
15_9_F_12_2014_11_28.pdf,3,decision,0.162712
15_9_F_12_2014_11_28.pdf,4,top cap,0.157418
15_9_F_12_2014_11_28.pdf,5,cap,0.149976
15_9_F_12_2014_11_28.pdf,6,wing,0.145646
15_9_F_12_2014_11_28.pdf,7,mounted,0.144076
15_9_F_12_2014_11_28.pdf,8,closed hmv,0.137293
15_9_F_12_2014_11_28.pdf,9,leak test,0.131799
15_9_F_12_2014_11_28.pdf,10,rigged down,0.131122
15_9_F_12_2014_11_28.pdf,11,hmv,0.12784
15_9_F_12_2014_11_28.pdf,12,disconnected,0.12626
15_9_F_12_2014_11_28.pdf,13,disconnected bop,0.122796
15_9_F_12_2014_11_28.pdf,14,build cablehead,0.120046
15_9_F_12_2014_11_28.pdf,15,cap bar,0.117619
15_9_F_12_2016_08_15.pdf,1,skid cantilever,0.284223
15_9_F_12_2016_08_15.pdf,2,cantilever,0.243323
15_9_F_12_2016_08_15.pdf,3,skid,0.229952
15_9_F_12_2016_08_15.pdf,4,pool,0.229621
15_9_F_12_2016_08_15.pdf,5,moon pool,0.229621
15_9_F_12_2016_08_15.pdf,6,moon,0.223526
15_9_F_12_2016_08_15.pdf,7,stairs,0.20688
15_9_F_12_2016_08_15.pdf,8,cantilever skidded,0.193162
15_9_F_12_2016_08_15.pdf,9,starboard,0.186373
15_9_F_12_2016_08_15.pdf,10,skidded cantilever,0.180722
15_9_F_12_2016_08_15.pdf,11,rigging,0.17902
15_9_F_12_2016_08_15.pdf,12,wire line,0.17588
15_9_F_12_2016_08_15.pdf,13,performed pre,0.173755
15_9_F_12_2016_08_15.pdf,14,split,0.169712
15_9_F_12_2016_08_15.pdf,15,bridge,0.158598
15_9_F_12_2016_08_16.pdf,1,kill hose,0.131314
15_9_F_12_2016_08_16.pdf,2,riser joint,0.128508
15_9_F_12_2016_08_16.pdf,3,suspected,0.127513
15_9_F_12_2016_08_16.pdf,4,set plug,0.121058
15_9_F_12_2016_08_16.pdf,5,deep set,0.119576
15_9_F_12_2016_08_16.pdf,6,pumped meg,0.119058
15_9_F_12_2016_08_16.pdf,7,winch,0.116398
15_9_F_12_2016_08_16.pdf,8,deep,0.115484
15_9_F_12_2016_08_16.pdf,9,upper riser,0.114873
15_9_F_12_2016_08_16.pdf,10,same meanwhile,0.113059
15_9_F_12_2016_08_16.pdf,11,meanwhile continued,0.105468
15_9_F_12_2016_08_16.pdf,12,meg,0.104799
15_9_F_12_2016_08_16.pdf,13,tree,0.104149
15_9_F_12_2016_08_16.pdf,14,performed pre,0.09806
15_9_F_12_2016_08_16.pdf,15,stable,0.096936
15_9_F_12_2016_08_17.pdf,1,performed bop,0.142921
15_9_F_12_2016_08_17.pdf,2,set plug,0.13217
15_9_F_12_2016_08_17.pdf,3,deep set,0.130756
15_9_F_12_2016_08_17.pdf,4,deep,0.126281
15_9_F_12_2016_08_17.pdf,5,shallow set,0.123308
15_9_F_12_2016_08_17.pdf,6,test min,0.116856
15_9_F_12_2016_08_17.pdf,7,test bled,0.10794
15_9_F_12_2016_08_17.pdf,8,slots,0.10794
15_9_F_12_2016_08_17.pdf,9,bop pressure,0.105634
15_9_F_12_2016_08_17.pdf,10,moon,0.103694
15_9_F_12_2016_08_17.pdf,11,test continued,0.102173
15_9_F_12_2016_08_17.pdf,12,riser meanwhile,0.102173
15_9_F_12_2016_08_17.pdf,13,xmt meanwhile,0.099884
15_9_F_12_2016_08_17.pdf,14,xmt,0.099014
15_9_F_12_2016_08_17.pdf,15,bop test,0.098796
15_9_F_12_2016_08_18.pdf,1,thrt,0.172224
15_9_F_12_2016_08_18.pdf,2,continued pressure,0.126565
15_9_F_12_2016_08_18.pdf,3,land off,0.126015
15_9_F_12_2016_08_18.pdf,4,nt2 connector,0.119561
15_9_F_12_2016_08_18.pdf,5,nt2,0.116158
15_9_F_12_2016_08_18.pdf,6,choke manifold,0.116158
15_9_F_12_2016_08_18.pdf,7,slick jnt,0.115363
15_9_F_12_2016_08_18.pdf,8,riser meanwhile,0.112454
15_9_F_12_2016_08_18.pdf,9,primary,0.111978
15_9_F_12_2016_08_18.pdf,10,kill choke,0.110515
15_9_F_12_2016_08_18.pdf,11,studs,0.109935
15_9_F_12_2016_08_18.pdf,12,pressure testing,0.107051
15_9_F_12_2016_08_18.pdf,13,meanwhile continued,0.105251
15_9_F_12_2016_08_18.pdf,14,first,0.103302
15_9_F_12_2016_08_18.pdf,15,slick,0.100965
15_9_F_12_2016_08_19.pdf,1,pull tubing,0.143868
15_9_F_12_2016_08_19.pdf,2,tubing hanger,0.121746
15_9_F_12_2016_08_19.pdf,3,swedge,0.120433
15_9_F_12_2016_08_19.pdf,4,tubing,0.118038
15_9_F_12_2016_08_19.pdf,5,gain trip,0.115003
15_9_F_12_2016_08_19.pdf,6,cut control,0.115003
15_9_F_12_2016_08_19.pdf,7,agreed,0.112104
15_9_F_12_2016_08_19.pdf,8,quality,0.112104
15_9_F_12_2016_08_19.pdf,9,average pulling,0.10698
15_9_F_12_2016_08_19.pdf,10,continued pull,0.105396
15_9_F_12_2016_08_19.pdf,11,dhsv,0.104123
15_9_F_12_2016_08_19.pdf,12,speed hour,0.103604
15_9_F_12_2016_08_19.pdf,13,gain,0.099879
15_9_F_12_2016_08_19.pdf,14,pulling speed,0.099133
15_9_F_12_2016_08_19.pdf,15,thrt,0.099068
15_9_F_12_2016_08_20.pdf,1,wash tool,0.123144
15_9_F_12_2016_08_20.pdf,2,control line,0.108832
15_9_F_12_2016_08_20.pdf,3,tubing average,0.10743
15_9_F_12_2016_08_20.pdf,4,joints hour,0.105259
15_9_F_12_2016_08_20.pdf,5,pull tubing,0.105259
15_9_F_12_2016_08_20.pdf,6,tubing,0.098243
15_9_F_12_2016_08_20.pdf,7,h2s,0.097114
15_9_F_12_2016_08_20.pdf,8,speed joints,0.094652
15_9_F_12_2016_08_20.pdf,9,fosv,0.091484
15_9_F_12_2016_08_20.pdf,10,average pulling,0.089639
15_9_F_12_2016_08_20.pdf,11,cement hose,0.088431
15_9_F_12_2016_08_20.pdf,12,min bar,0.08609
15_9_F_12_2016_08_20.pdf,13,down performed,0.085292
15_9_F_12_2016_08_20.pdf,14,held tbt,0.083063
15_9_F_12_2016_08_20.pdf,15,pulling speed,0.083063
15_9_F_12_2016_08_21.pdf,1,seal retrieval,0.17973
15_9_F_12_2016_08_21.pdf,2,retrieval tool,0.165205
15_9_F_12_2016_08_21.pdf,3,retrieval,0.154592
15_9_F_12_2016_08_21.pdf,4,counter clockwise,0.131217
15_9_F_12_2016_08_21.pdf,5,spear surface,0.121371
15_9_F_12_2016_08_21.pdf,6,clockwise,0.117222
15_9_F_12_2016_08_21.pdf,7,cutter bha,0.1144
15_9_F_12_2016_08_21.pdf,8,rih seal,0.112313
15_9_F_12_2016_08_21.pdf,9,tool seal,0.112313
15_9_F_12_2016_08_21.pdf,10,spear,0.106458
15_9_F_12_2016_08_21.pdf,11,counter,0.104498
15_9_F_12_2016_08_21.pdf,12,turn,0.101593
15_9_F_12_2016_08_21.pdf,13,seal,0.100824
15_9_F_12_2016_08_21.pdf,14,cutter,0.099444
15_9_F_12_2016_08_21.pdf,15,tie back,0.099196
15_9_F_12_2016_08_22.pdf,1,counter clockwise,0.174354
15_9_F_12_2016_08_22.pdf,2,back adapter,0.173643
15_9_F_12_2016_08_22.pdf,3,torque tool,0.167028
15_9_F_12_2016_08_22.pdf,4,rih torque,0.162573
15_9_F_12_2016_08_22.pdf,5,adapter,0.151642
15_9_F_12_2016_08_22.pdf,6,counter,0.138851
15_9_F_12_2016_08_22.pdf,7,clockwise,0.133137
15_9_F_12_2016_08_22.pdf,8,saver sub,0.128468
15_9_F_12_2016_08_22.pdf,9,saver,0.127083
15_9_F_12_2016_08_22.pdf,10,visually,0.126152
15_9_F_12_2016_08_22.pdf,11,distance,0.121322
15_9_F_12_2016_08_22.pdf,12,over connection,0.120657
15_9_F_12_2016_08_22.pdf,13,left hand,0.120334
15_9_F_12_2016_08_22.pdf,14,rih engaged,0.119258
15_9_F_12_2016_08_22.pdf,15,observed connection,0.116528
15_9_F_12_2016_08_23.pdf,1,over pup,0.15417
15_9_F_12_2016_08_23.pdf,2,tieback adapter,0.145127
15_9_F_12_2016_08_23.pdf,3,tieback,0.13405
15_9_F_12_2016_08_23.pdf,4,torque tool,0.126722
15_9_F_12_2016_08_23.pdf,5,adapter,0.120196
15_9_F_12_2016_08_23.pdf,6,cutter bha,0.118824
15_9_F_12_2016_08_23.pdf,7,pup joint,0.113511
15_9_F_12_2016_08_23.pdf,8,cutting bha,0.113085
15_9_F_12_2016_08_23.pdf,9,onto hts,0.113085
15_9_F_12_2016_08_23.pdf,10,way forward,0.10451
15_9_F_12_2016_08_23.pdf,11,milling bha,0.10451
15_9_F_12_2016_08_23.pdf,12,cutter,0.103289
15_9_F_12_2016_08_23.pdf,13,min min,0.101341
15_9_F_12_2016_08_23.pdf,14,trapped,0.099935
15_9_F_12_2016_08_23.pdf,15,milling,0.097402
15_9_F_12_2016_08_24.pdf,1,knives,0.178765
15_9_F_12_2016_08_24.pdf,2,tieback adapter,0.175152
15_9_F_12_2016_08_24.pdf,3,tieback,0.156982
15_9_F_12_2016_08_24.pdf,4,adapter,0.153643
15_9_F_12_2016_08_24.pdf,5,torque tool,0.153331
15_9_F_12_2016_08_24.pdf,6,cutter bha,0.143773
15_9_F_12_2016_08_24.pdf,7,cutter,0.143296
15_9_F_12_2016_08_24.pdf,8,broke tds,0.138819
15_9_F_12_2016_08_24.pdf,9,min min,0.133763
15_9_F_12_2016_08_24.pdf,10,spear,0.132229
15_9_F_12_2016_08_24.pdf,11,fish,0.131831
15_9_F_12_2016_08_24.pdf,12,spear bha,0.130179
15_9_F_12_2016_08_24.pdf,13,tds pooh,0.115666
15_9_F_12_2016_08_24.pdf,14,cutting bha,0.115666
15_9_F_12_2016_08_24.pdf,15,bha spear,0.115666
15_9_F_12_2016_08_25.pdf,1,milling,0.176048
15_9_F_12_2016_08_25.pdf,2,milled,0.165919
15_9_F_12_2016_08_25.pdf,3,csg fish,0.159792
15_9_F_12_2016_08_25.pdf,4,repaired leak,0.144877
15_9_F_12_2016_08_25.pdf,5,resumed,0.142204
15_9_F_12_2016_08_25.pdf,6,spear,0.136357
15_9_F_12_2016_08_25.pdf,7,fish,0.133545
15_9_F_12_2016_08_25.pdf,8,drops,0.129287
15_9_F_12_2016_08_25.pdf,9,spear bha,0.1233
15_9_F_12_2016_08_25.pdf,10,milling bha,0.119483
15_9_F_12_2016_08_25.pdf,11,stopped rotation,0.117596
15_9_F_12_2016_08_25.pdf,12,totally,0.114253
15_9_F_12_2016_08_25.pdf,13,min observed,0.114253
15_9_F_12_2016_08_25.pdf,14,bops,0.110415
15_9_F_12_2016_08_25.pdf,15,fish spear,0.108907
15_9_F_12_2016_08_26.pdf,1,joints hour,0.143532
15_9_F_12_2016_08_26.pdf,2,cutter assembly,0.139364
15_9_F_12_2016_08_26.pdf,3,ezsv,0.134012
15_9_F_12_2016_08_26.pdf,4,speed joints,0.129068
15_9_F_12_2016_08_26.pdf,5,pull casing,0.12555
15_9_F_12_2016_08_26.pdf,6,totally,0.120053
15_9_F_12_2016_08_26.pdf,7,ezsv running,0.119123
15_9_F_12_2016_08_26.pdf,8,cutter,0.118903
15_9_F_12_2016_08_26.pdf,9,pulling speed,0.113265
15_9_F_12_2016_08_26.pdf,10,average pulling,0.110813
15_9_F_12_2016_08_26.pdf,11,topdrive,0.109172
15_9_F_12_2016_08_26.pdf,12,csg fish,0.107886
15_9_F_12_2016_08_26.pdf,13,casing average,0.104061
15_9_F_12_2016_08_26.pdf,14,performed pre,0.10367
15_9_F_12_2016_08_26.pdf,15,fish,0.101638
15_9_F_12_2016_08_27.pdf,1,rtts plug,0.14184
15_9_F_12_2016_08_27.pdf,2,ezsv,0.134352
15_9_F_12_2016_08_27.pdf,3,rtts,0.121579
15_9_F_12_2016_08_27.pdf,4,mmd,0.121329
15_9_F_12_2016_08_27.pdf,5,upr,0.117668
15_9_F_12_2016_08_27.pdf,6,lined pumped,0.109913
15_9_F_12_2016_08_27.pdf,7,upr lined,0.109913
15_9_F_12_2016_08_27.pdf,8,opened upr,0.109913
15_9_F_12_2016_08_27.pdf,9,top shot,0.107451
15_9_F_12_2016_08_27.pdf,10,changed inserts,0.107049
15_9_F_12_2016_08_27.pdf,11,perforating,0.105942
15_9_F_12_2016_08_27.pdf,12,closed upr,0.10489
15_9_F_12_2016_08_27.pdf,13,avg tripping,0.101579
15_9_F_12_2016_08_27.pdf,14,through choke,0.099975
15_9_F_12_2016_08_27.pdf,15,inserts elevator,0.099975
15_9_F_12_2016_08_28.pdf,1,ezsv,0.148893
15_9_F_12_2016_08_28.pdf,2,woc,0.136034
15_9_F_12_2016_08_28.pdf,3,prss,0.133748
15_9_F_12_2016_08_28.pdf,4,annulus cement,0.130752
15_9_F_12_2016_08_28.pdf,5,avg tripping,0.123607
15_9_F_12_2016_08_28.pdf,6,performed maintenance,0.120497
15_9_F_12_2016_08_28.pdf,7,sponge ball,0.119858
15_9_F_12_2016_08_28.pdf,8,avg,0.119858
15_9_F_12_2016_08_28.pdf,9,ezsv plug,0.119858
15_9_F_12_2016_08_28.pdf,10,prepared equipment,0.118196
15_9_F_12_2016_08_28.pdf,11,rih ezsv,0.116648
15_9_F_12_2016_08_28.pdf,12,pooh ezsv,0.113839
15_9_F_12_2016_08_28.pdf,13,woc meanwhile,0.112665
15_9_F_12_2016_08_28.pdf,14,plug bar,0.106102
15_9_F_12_2016_08_28.pdf,15,maintenance,0.099794
15_9_F_12_2016_08_29.pdf,1,pull diverter,0.178048
15_9_F_12_2016_08_29.pdf,2,loosened,0.145759
15_9_F_12_2016_08_29.pdf,3,diverter,0.13991
15_9_F_12_2016_08_29.pdf,4,performed tbt,0.138853
15_9_F_12_2016_08_29.pdf,5,prepared pull,0.134881
15_9_F_12_2016_08_29.pdf,6,bop removed,0.134881
15_9_F_12_2016_08_29.pdf,7,bolts,0.1336
15_9_F_12_2016_08_29.pdf,8,riser connector,0.132154
15_9_F_12_2016_08_29.pdf,9,attempted pull,0.120331
15_9_F_12_2016_08_29.pdf,10,slick joint,0.117434
15_9_F_12_2016_08_29.pdf,11,installed hatch,0.116222
15_9_F_12_2016_08_29.pdf,12,tension cylinders,0.114902
15_9_F_12_2016_08_29.pdf,13,tbt,0.114377
15_9_F_12_2016_08_29.pdf,14,nt2,0.110437
15_9_F_12_2016_08_29.pdf,15,pulled riser,0.110366
15_9_F_12_2016_10_20.pdf,1,multibowl,0.171896
15_9_F_12_2016_10_20.pdf,2,tensioner joint,0.166553
15_9_F_12_2016_10_20.pdf,3,cutting machine,0.148764
15_9_F_12_2016_10_20.pdf,4,performed tbt,0.137244
15_9_F_12_2016_10_20.pdf,5,cut riser,0.133186
15_9_F_12_2016_10_20.pdf,6,machine,0.131465
15_9_F_12_2016_10_20.pdf,7,machine cut,0.130446
15_9_F_12_2016_10_20.pdf,8,stairs,0.130446
15_9_F_12_2016_10_20.pdf,9,inner string,0.129743
15_9_F_12_2016_10_20.pdf,10,significant wave,0.127158
15_9_F_12_2016_10_20.pdf,11,wave height,0.127158
15_9_F_12_2016_10_20.pdf,12,tensioner,0.126931
15_9_F_12_2016_10_20.pdf,13,wave,0.121797
15_9_F_12_2016_10_20.pdf,14,off riser,0.119549
15_9_F_12_2016_10_20.pdf,15,height,0.113953
15_9_F_12_2016_10_21.pdf,1,cutting machine,0.227814
15_9_F_12_2016_10_21.pdf,2,joint lift,0.209348
15_9_F_12_2016_10_21.pdf,3,lift pulled,0.20431
15_9_F_12_2016_10_21.pdf,4,machine,0.201323
15_9_F_12_2016_10_21.pdf,5,machine riser,0.190506
15_9_F_12_2016_10_21.pdf,6,riser lift,0.190506
15_9_F_12_2016_10_21.pdf,7,machine cut,0.18499
15_9_F_12_2016_10_21.pdf,8,cut riser,0.172724
15_9_F_12_2016_10_21.pdf,9,lift cleaned,0.172709
15_9_F_12_2016_10_21.pdf,10,pulled riser,0.170295
15_9_F_12_2016_10_21.pdf,11,riser cutting,0.167708
15_9_F_12_2016_10_21.pdf,12,cleaned off,0.167708
15_9_F_12_2016_10_21.pdf,13,off marine,0.163481
15_9_F_12_2016_10_21.pdf,14,growth,0.163481
15_9_F_12_2016_10_21.pdf,15,growth centralizer,0.163481
15_9_F_14_2007_11_06.pdf,1,dci hose,0.263736
15_9_F_14_2007_11_06.pdf,2,dci,0.211809
15_9_F_14_2007_11_06.pdf,3,hatches,0.165804
15_9_F_14_2007_11_06.pdf,4,removed hatches,0.164125
15_9_F_14_2007_11_06.pdf,5,oil tds,0.1561
15_9_F_14_2007_11_06.pdf,6,skidded rig,0.155882
15_9_F_14_2007_11_06.pdf,7,levels,0.152465
15_9_F_14_2007_11_06.pdf,8,aft prs,0.149672
15_9_F_14_2007_11_06.pdf,9,built scaffolding,0.145287
15_9_F_14_2007_11_06.pdf,10,changing,0.145287
15_9_F_14_2007_11_06.pdf,11,cleaned pits,0.14445
15_9_F_14_2007_11_06.pdf,12,tugger,0.140988
15_9_F_14_2007_11_06.pdf,13,stand jar,0.138918
15_9_F_14_2007_11_06.pdf,14,wires,0.137424
15_9_F_14_2007_11_06.pdf,15,releasing,0.136556
15_9_F_14_2007_11_07.pdf,1,knop,0.22321
15_9_F_14_2007_11_07.pdf,2,funnel,0.166224
15_9_F_14_2007_11_07.pdf,3,cart,0.145887
15_9_F_14_2007_11_07.pdf,4,wow due,0.145793
15_9_F_14_2007_11_07.pdf,5,guide funnel,0.142097
15_9_F_14_2007_11_07.pdf,6,assisted rov,0.138971
15_9_F_14_2007_11_07.pdf,7,outer ring,0.138837
15_9_F_14_2007_11_07.pdf,8,assisted,0.134087
15_9_F_14_2007_11_07.pdf,9,outer,0.129745
15_9_F_14_2007_11_07.pdf,10,changed wash,0.128217
15_9_F_14_2007_11_07.pdf,11,oil tds,0.123663
15_9_F_14_2007_11_07.pdf,12,stung,0.120784
15_9_F_14_2007_11_07.pdf,13,wow,0.120301
15_9_F_14_2007_11_07.pdf,14,wob reamed,0.117056
15_9_F_14_2007_11_07.pdf,15,camera,0.117056
15_9_F_14_2007_11_08.pdf,1,inc,0.209051
15_9_F_14_2007_11_08.pdf,2,survey inc,0.201835
15_9_F_14_2007_11_08.pdf,3,connection downlinked,0.181286
15_9_F_14_2007_11_08.pdf,4,survey survey,0.165232
15_9_F_14_2007_11_08.pdf,5,wob rop,0.163317
15_9_F_14_2007_11_08.pdf,6,rop pumped,0.160737
15_9_F_14_2007_11_08.pdf,7,bentonite mud,0.155292
15_9_F_14_2007_11_08.pdf,8,bentonite,0.155292
15_9_F_14_2007_11_08.pdf,9,knop,0.147667
15_9_F_14_2007_11_08.pdf,10,performed survey,0.145593
15_9_F_14_2007_11_08.pdf,11,vis pills,0.142012
15_9_F_14_2007_11_08.pdf,12,downlinked,0.137815
15_9_F_14_2007_11_08.pdf,13,rpm torque,0.136334
15_9_F_14_2007_11_08.pdf,14,manifolds,0.130102
15_9_F_14_2007_11_08.pdf,15,pumped vis,0.128727
15_9_F_14_2007_11_09.pdf,1,top system,0.247572
15_9_F_14_2007_11_09.pdf,2,rih conductor,0.207335
15_9_F_14_2007_11_09.pdf,3,cement top,0.200542
15_9_F_14_2007_11_09.pdf,4,outlet,0.182409
15_9_F_14_2007_11_09.pdf,5,conductor,0.180298
15_9_F_14_2007_11_09.pdf,6,uwg,0.172415
15_9_F_14_2007_11_09.pdf,7,installing,0.16225
15_9_F_14_2007_11_09.pdf,8,waves,0.142291
15_9_F_14_2007_11_09.pdf,9,meeting personnel,0.142291
15_9_F_14_2007_11_09.pdf,10,knop,0.139103
15_9_F_14_2007_11_09.pdf,11,involved,0.13794
15_9_F_14_2007_11_09.pdf,12,checked float,0.136292
15_9_F_14_2007_11_09.pdf,13,aligned,0.136292
15_9_F_14_2007_11_09.pdf,14,wind,0.135769
15_9_F_14_2007_11_09.pdf,15,personnel,0.135075
15_9_F_14_2007_11_10.pdf,1,waves,0.373188
15_9_F_14_2007_11_10.pdf,2,wow due,0.329792
15_9_F_14_2007_11_10.pdf,3,high wind,0.317637
15_9_F_14_2007_11_10.pdf,4,wind,0.295581
15_9_F_14_2007_11_10.pdf,5,wow,0.272127
15_9_F_14_2007_11_10.pdf,6,due high,0.261012
15_9_F_14_2007_11_10.pdf,7,knop,0.258856
15_9_F_14_2007_11_10.pdf,8,rih conductor,0.233998
15_9_F_14_2007_11_10.pdf,9,conductor,0.207221
15_9_F_14_2007_11_10.pdf,10,high,0.206701
15_9_F_14_2007_11_10.pdf,11,top system,0.156388
15_9_F_14_2007_11_10.pdf,12,uwg,0.152885
15_9_F_14_2007_11_10.pdf,13,dedicated,0.136393
15_9_F_14_2007_11_10.pdf,14,due,0.132334
15_9_F_14_2007_11_10.pdf,15,continue rih,0.121962
15_9_F_14_2007_11_11.pdf,1,down conductor,0.251836
15_9_F_14_2007_11_11.pdf,2,conductor,0.233578
15_9_F_14_2007_11_11.pdf,3,waves,0.2303
15_9_F_14_2007_11_11.pdf,4,top cement,0.196019
15_9_F_14_2007_11_11.pdf,5,high wind,0.196019
15_9_F_14_2007_11_11.pdf,6,cart,0.174075
15_9_F_14_2007_11_11.pdf,7,meeting conductor,0.172629
15_9_F_14_2007_11_11.pdf,8,fill valve,0.172629
15_9_F_14_2007_11_11.pdf,9,housing,0.168119
15_9_F_14_2007_11_11.pdf,10,wow,0.167934
15_9_F_14_2007_11_11.pdf,11,conductor running,0.167631
15_9_F_14_2007_11_11.pdf,12,installed top,0.163405
15_9_F_14_2007_11_11.pdf,13,performed rig,0.156516
15_9_F_14_2007_11_11.pdf,14,wind,0.155916
15_9_F_14_2007_11_11.pdf,15,inclinometer,0.151015
15_9_F_14_2007_11_12.pdf,1,piping,0.187428
15_9_F_14_2007_11_12.pdf,2,conductor,0.15706
15_9_F_14_2007_11_12.pdf,3,down conductor,0.154444
15_9_F_14_2007_11_12.pdf,4,top cement,0.145
15_9_F_14_2007_11_12.pdf,5,guide funnel,0.133025
15_9_F_14_2007_11_12.pdf,6,cement top,0.132013
15_9_F_14_2007_11_12.pdf,7,torque wrench,0.122003
15_9_F_14_2007_11_12.pdf,8,wrench,0.120076
15_9_F_14_2007_11_12.pdf,9,broken,0.118525
15_9_F_14_2007_11_12.pdf,10,lpm observed,0.116662
15_9_F_14_2007_11_12.pdf,11,funnel,0.109284
15_9_F_14_2007_11_12.pdf,12,digiquartz,0.107295
15_9_F_14_2007_11_12.pdf,13,measurements,0.104041
15_9_F_14_2007_11_12.pdf,14,box meeting,0.102989
15_9_F_14_2007_11_12.pdf,15,down cement,0.102598
15_9_F_14_2007_11_13.pdf,1,improve template,0.298719
15_9_F_14_2007_11_13.pdf,2,wow visibility,0.284721
15_9_F_14_2007_11_13.pdf,3,visibility improve,0.284721
15_9_F_14_2007_11_13.pdf,4,visibility,0.261542
15_9_F_14_2007_11_13.pdf,5,improve,0.250515
15_9_F_14_2007_11_13.pdf,6,wow,0.174407
15_9_F_14_2007_11_13.pdf,7,claw,0.171148
15_9_F_14_2007_11_13.pdf,8,template,0.168013
15_9_F_14_2007_11_13.pdf,9,hot stab,0.156158
15_9_F_14_2007_11_13.pdf,10,hot,0.154664
15_9_F_14_2007_11_13.pdf,11,retracted,0.140043
15_9_F_14_2007_11_13.pdf,12,stab,0.133141
15_9_F_14_2007_11_13.pdf,13,conductor,0.12932
15_9_F_14_2007_11_13.pdf,14,rov,0.127078
15_9_F_14_2007_11_13.pdf,15,engage,0.125588
15_9_F_14_2007_11_14.pdf,1,hook load,0.167941
15_9_F_14_2007_11_14.pdf,2,digiquartz,0.144243
15_9_F_14_2007_11_14.pdf,3,pumped mud,0.141964
15_9_F_14_2007_11_14.pdf,4,hook,0.13756
15_9_F_14_2007_11_14.pdf,5,load,0.133063
15_9_F_14_2007_11_14.pdf,6,only,0.122746
15_9_F_14_2007_11_14.pdf,7,rams,0.118609
15_9_F_14_2007_11_14.pdf,8,washing down,0.114907
15_9_F_14_2007_11_14.pdf,9,pumped tuned,0.114698
15_9_F_14_2007_11_14.pdf,10,conductor,0.112858
15_9_F_14_2007_11_14.pdf,11,hot stab,0.108821
15_9_F_14_2007_11_14.pdf,12,correct,0.108546
15_9_F_14_2007_11_14.pdf,13,set meanwhile,0.10843
15_9_F_14_2007_11_14.pdf,14,after pumped,0.10843
15_9_F_14_2007_11_14.pdf,15,improve template,0.108113
15_9_F_14_2007_11_15.pdf,1,cart tool,0.191855
15_9_F_14_2007_11_15.pdf,2,measuring,0.178629
15_9_F_14_2007_11_15.pdf,3,cart,0.152643
15_9_F_14_2007_11_15.pdf,4,top system,0.150824
15_9_F_14_2007_11_15.pdf,5,aluminium inner,0.147445
15_9_F_14_2007_11_15.pdf,6,aluminium,0.137186
15_9_F_14_2007_11_15.pdf,7,inner string,0.13154
15_9_F_14_2007_11_15.pdf,8,laying,0.117759
15_9_F_14_2007_11_15.pdf,9,pooh landing,0.115069
15_9_F_14_2007_11_15.pdf,10,bars lpm,0.113509
15_9_F_14_2007_11_15.pdf,11,device,0.113509
15_9_F_14_2007_11_15.pdf,12,disk,0.113509
15_9_F_14_2007_11_15.pdf,13,inner,0.113172
15_9_F_14_2007_11_15.pdf,14,inclinometer,0.112909
15_9_F_14_2007_11_15.pdf,15,measured,0.11223
15_9_F_14_2007_11_16.pdf,1,prepared skidding,0.638514
15_9_F_14_2007_11_16.pdf,2,skidding,0.530827
15_9_F_14_2007_11_16.pdf,3,cantilever,0.464047
15_9_F_14_2007_11_16.pdf,4,prepared,0.308517
15_9_F_14_2007_12_04.pdf,1,gmwd survey,0.296769
15_9_F_14_2007_12_04.pdf,2,broke down,0.284257
15_9_F_14_2007_12_04.pdf,3,gmwd,0.269934
15_9_F_14_2007_12_04.pdf,4,removed hatches,0.265949
15_9_F_14_2007_12_04.pdf,5,skidded rig,0.252593
15_9_F_14_2007_12_04.pdf,6,toolface,0.247056
15_9_F_14_2007_12_04.pdf,7,make bha,0.247056
15_9_F_14_2007_12_04.pdf,8,rathole,0.224315
15_9_F_14_2007_12_04.pdf,9,shoetrack,0.213874
15_9_F_14_2007_12_04.pdf,10,skidded,0.211253
15_9_F_14_2007_12_04.pdf,11,hatches,0.201964
15_9_F_14_2007_12_04.pdf,12,gyro,0.19693
15_9_F_14_2007_12_04.pdf,13,inspection,0.19236
15_9_F_14_2007_12_04.pdf,14,make,0.167987
15_9_F_14_2007_12_04.pdf,15,check,0.166928
15_9_F_14_2007_12_05.pdf,1,junk,0.152976
15_9_F_14_2007_12_05.pdf,2,rock bit,0.13539
15_9_F_14_2007_12_05.pdf,3,rock,0.13539
15_9_F_14_2007_12_05.pdf,4,removal,0.132143
15_9_F_14_2007_12_05.pdf,5,claw,0.12902
15_9_F_14_2007_12_05.pdf,6,cts,0.123228
15_9_F_14_2007_12_05.pdf,7,ubho,0.117587
15_9_F_14_2007_12_05.pdf,8,cts hose,0.117587
15_9_F_14_2007_12_05.pdf,9,cts funnel,0.113762
15_9_F_14_2007_12_05.pdf,10,scientific,0.112941
15_9_F_14_2007_12_05.pdf,11,discussed way,0.109671
15_9_F_14_2007_12_05.pdf,12,rov,0.101919
15_9_F_14_2007_12_05.pdf,13,finger,0.099501
15_9_F_14_2007_12_05.pdf,14,way forward,0.0988
15_9_F_14_2007_12_05.pdf,15,funnel,0.097619
15_9_F_14_2007_12_06.pdf,1,wob rotation,0.144857
15_9_F_14_2007_12_06.pdf,2,ubho,0.138039
15_9_F_14_2007_12_06.pdf,3,deg azimuth,0.131324
15_9_F_14_2007_12_06.pdf,4,deg toolface,0.131324
15_9_F_14_2007_12_06.pdf,5,string torque,0.130109
15_9_F_14_2007_12_06.pdf,6,azimuth deg,0.125775
15_9_F_14_2007_12_06.pdf,7,shot survey,0.124467
15_9_F_14_2007_12_06.pdf,8,junk,0.121482
15_9_F_14_2007_12_06.pdf,9,toolface deg,0.121471
15_9_F_14_2007_12_06.pdf,10,bha parameters,0.121471
15_9_F_14_2007_12_06.pdf,11,rpm string,0.117212
15_9_F_14_2007_12_06.pdf,12,gmwd,0.115361
15_9_F_14_2007_12_06.pdf,13,azimuth,0.11498
15_9_F_14_2007_12_06.pdf,14,gmwd survey,0.11498
15_9_F_14_2007_12_06.pdf,15,rejected,0.112405
15_9_F_14_2007_12_07.pdf,1,toolface deg,0.172177
15_9_F_14_2007_12_07.pdf,2,wob rotation,0.168754
15_9_F_14_2007_12_07.pdf,3,deg azimuth,0.168754
15_9_F_14_2007_12_07.pdf,4,deg toolface,0.168754
15_9_F_14_2007_12_07.pdf,5,azimuth deg,0.161624
15_9_F_14_2007_12_07.pdf,6,toolface,0.153541
15_9_F_14_2007_12_07.pdf,7,string torque,0.151573
15_9_F_14_2007_12_07.pdf,8,deg,0.149744
15_9_F_14_2007_12_07.pdf,9,azimuth,0.147752
15_9_F_14_2007_12_07.pdf,10,survey inclination,0.147752
15_9_F_14_2007_12_07.pdf,11,rpm bit,0.137155
15_9_F_14_2007_12_07.pdf,12,rpm string,0.136549
15_9_F_14_2007_12_07.pdf,13,vis sweep,0.136549
15_9_F_14_2007_12_07.pdf,14,bit rpm,0.135677
15_9_F_14_2007_12_07.pdf,15,inclination deg,0.134392
15_9_F_14_2007_12_08.pdf,1,singel drilled,0.19744
15_9_F_14_2007_12_08.pdf,2,every singel,0.19744
15_9_F_14_2007_12_08.pdf,3,drilled performed,0.191723
15_9_F_14_2007_12_08.pdf,4,hrs pumped,0.182704
15_9_F_14_2007_12_08.pdf,5,sweep every,0.179011
15_9_F_14_2007_12_08.pdf,6,knm string,0.172719
15_9_F_14_2007_12_08.pdf,7,vis sweep,0.172719
15_9_F_14_2007_12_08.pdf,8,performed gmwd,0.168764
15_9_F_14_2007_12_08.pdf,9,singel,0.165158
15_9_F_14_2007_12_08.pdf,10,survey connections,0.162995
15_9_F_14_2007_12_08.pdf,11,gmwd survey,0.159747
15_9_F_14_2007_12_08.pdf,12,sweep,0.159071
15_9_F_14_2007_12_08.pdf,13,rpm bit,0.157279
15_9_F_14_2007_12_08.pdf,14,rotation mode,0.156168
15_9_F_14_2007_12_08.pdf,15,bar wob,0.148259
15_9_F_14_2007_12_09.pdf,1,every singel,0.140413
15_9_F_14_2007_12_09.pdf,2,singel drilled,0.140413
15_9_F_14_2007_12_09.pdf,3,drilled performed,0.136348
15_9_F_14_2007_12_09.pdf,4,sand,0.135613
15_9_F_14_2007_12_09.pdf,5,utsira,0.13393
15_9_F_14_2007_12_09.pdf,6,hrs pumped,0.129934
15_9_F_14_2007_12_09.pdf,7,bar string,0.128109
15_9_F_14_2007_12_09.pdf,8,sweep every,0.127307
15_9_F_14_2007_12_09.pdf,9,string rpm,0.123897
15_9_F_14_2007_12_09.pdf,10,vis sweep,0.122833
15_9_F_14_2007_12_09.pdf,11,knm string,0.122833
15_9_F_14_2007_12_09.pdf,12,singel,0.117456
15_9_F_14_2007_12_09.pdf,13,survey connections,0.115917
15_9_F_14_2007_12_09.pdf,14,sweep,0.113126
15_9_F_14_2007_12_09.pdf,15,rpm bit,0.111852
15_9_F_14_2007_12_10.pdf,1,dci,0.139725
15_9_F_14_2007_12_10.pdf,2,dci frame,0.137377
15_9_F_14_2007_12_10.pdf,3,chain,0.12534
15_9_F_14_2007_12_10.pdf,4,signals,0.124955
15_9_F_14_2007_12_10.pdf,5,fac tool,0.121403
15_9_F_14_2007_12_10.pdf,6,encountered,0.121403
15_9_F_14_2007_12_10.pdf,7,csg,0.119629
15_9_F_14_2007_12_10.pdf,8,speed jnts,0.118325
15_9_F_14_2007_12_10.pdf,9,fac,0.118325
15_9_F_14_2007_12_10.pdf,10,running equipment,0.115611
15_9_F_14_2007_12_10.pdf,11,csg tong,0.114365
15_9_F_14_2007_12_10.pdf,12,csg shoe,0.113182
15_9_F_14_2007_12_10.pdf,13,float collar,0.112058
15_9_F_14_2007_12_10.pdf,14,frame,0.112058
15_9_F_14_2007_12_10.pdf,15,tong,0.112029
15_9_F_14_2007_12_11.pdf,1,joint average,0.198734
15_9_F_14_2007_12_11.pdf,2,observed tight,0.192981
15_9_F_14_2007_12_11.pdf,3,csg filled,0.183902
15_9_F_14_2007_12_11.pdf,4,string every,0.171106
15_9_F_14_2007_12_11.pdf,5,housing,0.169529
15_9_F_14_2007_12_11.pdf,6,cart,0.166349
15_9_F_14_2007_12_11.pdf,7,drag,0.165791
15_9_F_14_2007_12_11.pdf,8,speed jnts,0.162027
15_9_F_14_2007_12_11.pdf,9,filled string,0.149231
15_9_F_14_2007_12_11.pdf,10,tight spots,0.147943
15_9_F_14_2007_12_11.pdf,11,jnts,0.147943
15_9_F_14_2007_12_11.pdf,12,every joint,0.146705
15_9_F_14_2007_12_11.pdf,13,rih csg,0.144366
15_9_F_14_2007_12_11.pdf,14,spots,0.143259
15_9_F_14_2007_12_11.pdf,15,average running,0.136435
15_9_F_14_2007_12_12.pdf,1,dci frame,0.135128
15_9_F_14_2007_12_12.pdf,2,dci,0.127498
15_9_F_14_2007_12_12.pdf,3,cart,0.120826
15_9_F_14_2007_12_12.pdf,4,housing,0.12006
15_9_F_14_2007_12_12.pdf,5,frame,0.110223
15_9_F_14_2007_12_12.pdf,6,pooh cart,0.101578
15_9_F_14_2007_12_12.pdf,7,platform,0.09516
15_9_F_14_2007_12_12.pdf,8,slurry lpm,0.093313
15_9_F_14_2007_12_12.pdf,9,landing string,0.092584
15_9_F_14_2007_12_12.pdf,10,wiper plug,0.092452
15_9_F_14_2007_12_12.pdf,11,kept,0.090076
15_9_F_14_2007_12_12.pdf,12,mud pumps,0.089345
15_9_F_14_2007_12_12.pdf,13,displace cement,0.08749
15_9_F_14_2007_12_12.pdf,14,last min,0.086578
15_9_F_14_2007_12_12.pdf,15,module,0.084878
15_9_F_14_2008_04_27.pdf,1,hpdr,0.277884
15_9_F_14_2008_04_27.pdf,2,double made,0.262428
15_9_F_14_2008_04_27.pdf,3,hpdr double,0.248406
15_9_F_14_2008_04_27.pdf,4,hpdr spider,0.23079
15_9_F_14_2008_04_27.pdf,5,skidded cantilever,0.195772
15_9_F_14_2008_04_27.pdf,6,spider,0.184859
15_9_F_14_2008_04_27.pdf,7,double,0.177909
15_9_F_14_2008_04_27.pdf,8,running hpdr,0.172303
15_9_F_14_2008_04_27.pdf,9,spider slips,0.172303
15_9_F_14_2008_04_27.pdf,10,cantilever held,0.172303
15_9_F_14_2008_04_27.pdf,11,box talk,0.170505
15_9_F_14_2008_04_27.pdf,12,talk picked,0.16882
15_9_F_14_2008_04_27.pdf,13,same picked,0.165705
15_9_F_14_2008_04_27.pdf,14,inspected same,0.162887
15_9_F_14_2008_04_27.pdf,15,held tool,0.159457
15_9_F_14_2008_04_28.pdf,1,hatch covers,0.238118
15_9_F_14_2008_04_28.pdf,2,covers,0.20801
15_9_F_14_2008_04_28.pdf,3,hpdr,0.199904
15_9_F_14_2008_04_28.pdf,4,hpdr double,0.198404
15_9_F_14_2008_04_28.pdf,5,skidded cantilever,0.194426
15_9_F_14_2008_04_28.pdf,6,running hpdr,0.193959
15_9_F_14_2008_04_28.pdf,7,tbc,0.169197
15_9_F_14_2008_04_28.pdf,8,pool,0.160289
15_9_F_14_2008_04_28.pdf,9,moon pool,0.160289
15_9_F_14_2008_04_28.pdf,10,moon,0.156034
15_9_F_14_2008_04_28.pdf,11,skidded,0.154439
15_9_F_14_2008_04_28.pdf,12,cantilever,0.15151
15_9_F_14_2008_04_28.pdf,13,hatch,0.145339
15_9_F_14_2008_04_28.pdf,14,maintenance aft,0.144414
15_9_F_14_2008_04_28.pdf,15,double,0.142097
15_9_F_14_2008_04_29.pdf,1,hpdr,0.201182
15_9_F_14_2008_04_29.pdf,2,lifting sub,0.194198
15_9_F_14_2008_04_29.pdf,3,hpdr double,0.169797
15_9_F_14_2008_04_29.pdf,4,guide wires,0.162036
15_9_F_14_2008_04_29.pdf,5,tbc,0.154919
15_9_F_14_2008_04_29.pdf,6,wires,0.149057
15_9_F_14_2008_04_29.pdf,7,parked,0.142894
15_9_F_14_2008_04_29.pdf,8,funnel,0.140563
15_9_F_14_2008_04_29.pdf,9,guide,0.136639
15_9_F_14_2008_04_29.pdf,10,lifting,0.135905
15_9_F_14_2008_04_29.pdf,11,tension system,0.133819
15_9_F_14_2008_04_29.pdf,12,installation,0.129308
15_9_F_14_2008_04_29.pdf,13,over pull,0.123952
15_9_F_14_2008_04_29.pdf,14,profile,0.123592
15_9_F_14_2008_04_29.pdf,15,riser set,0.123592
15_9_F_14_2008_04_30.pdf,1,riser jnt,0.192741
15_9_F_14_2008_04_30.pdf,2,programmed,0.187161
15_9_F_14_2008_04_30.pdf,3,maintenance aft,0.177367
15_9_F_14_2008_04_30.pdf,4,lifting sub,0.169023
15_9_F_14_2008_04_30.pdf,5,retrieved same,0.151607
15_9_F_14_2008_04_30.pdf,6,hpdr,0.148903
15_9_F_14_2008_04_30.pdf,7,jnt,0.148576
15_9_F_14_2008_04_30.pdf,8,same rig,0.141554
15_9_F_14_2008_04_30.pdf,9,bop riser,0.137707
15_9_F_14_2008_04_30.pdf,10,nitrogen,0.132438
15_9_F_14_2008_04_30.pdf,11,applied bars,0.12889
15_9_F_14_2008_04_30.pdf,12,cylinders,0.127175
15_9_F_14_2008_04_30.pdf,13,nippling bop,0.127057
15_9_F_14_2008_04_30.pdf,14,tension cylinders,0.123075
15_9_F_14_2008_04_30.pdf,15,tension,0.122559
15_9_F_14_2008_05_01.pdf,1,bell nipple,0.232815
15_9_F_14_2008_05_01.pdf,2,bell,0.2276
15_9_F_14_2008_05_01.pdf,3,programmed,0.218412
15_9_F_14_2008_05_01.pdf,4,bars min,0.200527
15_9_F_14_2008_05_01.pdf,5,nipple,0.181565
15_9_F_14_2008_05_01.pdf,6,operation suspended,0.179345
15_9_F_14_2008_05_01.pdf,7,claxton tool,0.16469
15_9_F_14_2008_05_01.pdf,8,claxton,0.163391
15_9_F_14_2008_05_01.pdf,9,bop riser,0.161915
15_9_F_14_2008_05_01.pdf,10,nippled,0.161272
15_9_F_14_2008_05_01.pdf,11,nippling bop,0.147679
15_9_F_14_2008_05_01.pdf,12,riser performed,0.147679
15_9_F_14_2008_05_01.pdf,13,min volume,0.142024
15_9_F_14_2008_05_01.pdf,14,maintenance,0.140712
15_9_F_14_2008_05_01.pdf,15,bars,0.13916
15_9_F_14_2008_05_11.pdf,1,nominal seat,0.130003
15_9_F_14_2008_05_11.pdf,2,dump,0.126637
15_9_F_14_2008_05_11.pdf,3,nominal,0.124474
15_9_F_14_2008_05_11.pdf,4,made stand,0.122728
15_9_F_14_2008_05_11.pdf,5,seat protector,0.12163
15_9_F_14_2008_05_11.pdf,6,test plug,0.114141
15_9_F_14_2008_05_11.pdf,7,seat,0.110684
15_9_F_14_2008_05_11.pdf,8,overflow,0.110477
15_9_F_14_2008_05_11.pdf,9,stepped pumps,0.10444
15_9_F_14_2008_05_11.pdf,10,protector surface,0.10279
15_9_F_14_2008_05_11.pdf,11,firm cement,0.099868
15_9_F_14_2008_05_11.pdf,12,jet sub,0.099773
15_9_F_14_2008_05_11.pdf,13,protector,0.097624
15_9_F_14_2008_05_11.pdf,14,set nominal,0.095195
15_9_F_14_2008_05_11.pdf,15,firm,0.095103
15_9_F_14_2008_05_12.pdf,1,bar rotation,0.160057
15_9_F_14_2008_05_12.pdf,2,rotation rpm,0.137707
15_9_F_14_2008_05_12.pdf,3,wob torque,0.129099
15_9_F_14_2008_05_12.pdf,4,shaker,0.124307
15_9_F_14_2008_05_12.pdf,5,rpm wob,0.124246
15_9_F_14_2008_05_12.pdf,6,torque knm,0.111338
15_9_F_14_2008_05_12.pdf,7,meanwhile repaired,0.109462
15_9_F_14_2008_05_12.pdf,8,half,0.109462
15_9_F_14_2008_05_12.pdf,9,fit emw,0.107343
15_9_F_14_2008_05_12.pdf,10,rathole,0.106419
15_9_F_14_2008_05_12.pdf,11,wbm,0.105335
15_9_F_14_2008_05_12.pdf,12,parameters lpm,0.104553
15_9_F_14_2008_05_12.pdf,13,spp bar,0.103219
15_9_F_14_2008_05_12.pdf,14,rotation,0.102271
15_9_F_14_2008_05_12.pdf,15,lpm spp,0.102048
15_9_F_14_2008_05_13.pdf,1,bar rotation,0.177188
15_9_F_14_2008_05_13.pdf,2,screens,0.16807
15_9_F_14_2008_05_13.pdf,3,shaker,0.162619
15_9_F_14_2008_05_13.pdf,4,continued section,0.160805
15_9_F_14_2008_05_13.pdf,5,plugging,0.159891
15_9_F_14_2008_05_13.pdf,6,rop hrs,0.153009
15_9_F_14_2008_05_13.pdf,7,rotation rpm,0.152446
15_9_F_14_2008_05_13.pdf,8,overflow,0.152369
15_9_F_14_2008_05_13.pdf,9,screen,0.144042
15_9_F_14_2008_05_13.pdf,10,wob torque,0.142917
15_9_F_14_2008_05_13.pdf,11,section parameters,0.138495
15_9_F_14_2008_05_13.pdf,12,rpm wob,0.137544
15_9_F_14_2008_05_13.pdf,13,skade,0.136669
15_9_F_14_2008_05_13.pdf,14,section reduced,0.136669
15_9_F_14_2008_05_13.pdf,15,knm ecd,0.132405
15_9_F_14_2008_05_14.pdf,1,bar rotation,0.226248
15_9_F_14_2008_05_14.pdf,2,rop hrs,0.204016
15_9_F_14_2008_05_14.pdf,3,rotation rpm,0.194655
15_9_F_14_2008_05_14.pdf,4,section parameters,0.184664
15_9_F_14_2008_05_14.pdf,5,wob torque,0.182487
15_9_F_14_2008_05_14.pdf,6,ecd rop,0.179101
15_9_F_14_2008_05_14.pdf,7,rpm wob,0.175627
15_9_F_14_2008_05_14.pdf,8,continued section,0.175322
15_9_F_14_2008_05_14.pdf,9,parameters lpm,0.147789
15_9_F_14_2008_05_14.pdf,10,drilled section,0.14587
15_9_F_14_2008_05_14.pdf,11,rotation,0.144564
15_9_F_14_2008_05_14.pdf,12,torque knm,0.142679
15_9_F_14_2008_05_14.pdf,13,section,0.141851
15_9_F_14_2008_05_14.pdf,14,spp bar,0.14074
15_9_F_14_2008_05_14.pdf,15,initiated,0.139438
15_9_F_14_2008_05_15.pdf,1,bar rotation,0.166912
15_9_F_14_2008_05_15.pdf,2,section reduced,0.150618
15_9_F_14_2008_05_15.pdf,3,determined,0.146821
15_9_F_14_2008_05_15.pdf,4,rop hrs,0.144136
15_9_F_14_2008_05_15.pdf,5,rotation rpm,0.143605
15_9_F_14_2008_05_15.pdf,6,screens,0.143532
15_9_F_14_2008_05_15.pdf,7,shaker,0.129631
15_9_F_14_2008_05_15.pdf,8,plugging,0.128743
15_9_F_14_2008_05_15.pdf,9,bottom due,0.128743
15_9_F_14_2008_05_15.pdf,10,continued section,0.128049
15_9_F_14_2008_05_15.pdf,11,cleaned shaker,0.125498
15_9_F_14_2008_05_15.pdf,12,knm ecd,0.124726
15_9_F_14_2008_05_15.pdf,13,ecd rop,0.123333
15_9_F_14_2008_05_15.pdf,14,rpm wob,0.117587
15_9_F_14_2008_05_15.pdf,15,got problems,0.115982
15_9_F_14_2008_05_16.pdf,1,dropped object,0.147991
15_9_F_14_2008_05_16.pdf,2,object,0.143176
15_9_F_14_2008_05_16.pdf,3,nominal seat,0.121656
15_9_F_14_2008_05_16.pdf,4,broke racked,0.119246
15_9_F_14_2008_05_16.pdf,5,performed flowcheck,0.116836
15_9_F_14_2008_05_16.pdf,6,nominal,0.116482
15_9_F_14_2008_05_16.pdf,7,thight,0.11468
15_9_F_14_2008_05_16.pdf,8,seat protector,0.11382
15_9_F_14_2008_05_16.pdf,9,tank static,0.112729
15_9_F_14_2008_05_16.pdf,10,fixed,0.109311
15_9_F_14_2008_05_16.pdf,11,flowcheck,0.107794
15_9_F_14_2008_05_16.pdf,12,allignment,0.107273
15_9_F_14_2008_05_16.pdf,13,parts,0.106383
15_9_F_14_2008_05_16.pdf,14,back stand,0.105583
15_9_F_14_2008_05_16.pdf,15,cement head,0.104174
15_9_F_14_2008_05_17.pdf,1,elevator tilt,0.188462
15_9_F_14_2008_05_17.pdf,2,centre,0.174396
15_9_F_14_2008_05_17.pdf,3,tilt,0.155078
15_9_F_14_2008_05_17.pdf,4,casing running,0.153027
15_9_F_14_2008_05_17.pdf,5,rigging casing,0.136885
15_9_F_14_2008_05_17.pdf,6,relative,0.134359
15_9_F_14_2008_05_17.pdf,7,running equipment,0.13266
15_9_F_14_2008_05_17.pdf,8,rigged casing,0.125539
15_9_F_14_2008_05_17.pdf,9,allignment,0.122154
15_9_F_14_2008_05_17.pdf,10,continued rigging,0.117004
15_9_F_14_2008_05_17.pdf,11,rigging,0.112899
15_9_F_14_2008_05_17.pdf,12,elevator,0.111136
15_9_F_14_2008_05_17.pdf,13,fixed,0.109468
15_9_F_14_2008_05_17.pdf,14,casing joint,0.10795
15_9_F_14_2008_05_17.pdf,15,bolts,0.107234
15_9_F_14_2008_05_18.pdf,1,casing joint,0.236212
15_9_F_14_2008_05_18.pdf,2,casing filled,0.227506
15_9_F_14_2008_05_18.pdf,3,wbm,0.213951
15_9_F_14_2008_05_18.pdf,4,ran casing,0.209764
15_9_F_14_2008_05_18.pdf,5,joint due,0.194735
15_9_F_14_2008_05_18.pdf,6,filled every,0.182869
15_9_F_14_2008_05_18.pdf,7,jammed,0.180646
15_9_F_14_2008_05_18.pdf,8,exhaust,0.150765
15_9_F_14_2008_05_18.pdf,9,reciprocate,0.146964
15_9_F_14_2008_05_18.pdf,10,losses approx,0.146964
15_9_F_14_2008_05_18.pdf,11,casing,0.139069
15_9_F_14_2008_05_18.pdf,12,bar ran,0.13817
15_9_F_14_2008_05_18.pdf,13,hts rollers,0.13817
15_9_F_14_2008_05_18.pdf,14,lafleur,0.13817
15_9_F_14_2008_05_18.pdf,15,joint,0.137153
15_9_F_14_2008_05_19.pdf,1,padprt,0.127958
15_9_F_14_2008_05_19.pdf,2,hanger padprt,0.112003
15_9_F_14_2008_05_19.pdf,3,test seal,0.106266
15_9_F_14_2008_05_19.pdf,4,improving,0.105592
15_9_F_14_2008_05_19.pdf,5,wiper plug,0.103242
15_9_F_14_2008_05_19.pdf,6,wbm,0.103242
15_9_F_14_2008_05_19.pdf,7,hcr,0.097711
15_9_F_14_2008_05_19.pdf,8,kill manifold,0.097711
15_9_F_14_2008_05_19.pdf,9,made casing,0.093969
15_9_F_14_2008_05_19.pdf,10,pressurized,0.090912
15_9_F_14_2008_05_19.pdf,11,wiper,0.087778
15_9_F_14_2008_05_19.pdf,12,drop min,0.08717
15_9_F_14_2008_05_19.pdf,13,attempted test,0.08717
15_9_F_14_2008_05_19.pdf,14,seal,0.086658
15_9_F_14_2008_05_19.pdf,15,casing hanger,0.08559
15_9_F_14_2008_05_20.pdf,1,padprt,0.147436
15_9_F_14_2008_05_20.pdf,2,pressurized,0.147408
15_9_F_14_2008_05_20.pdf,3,bar dropped,0.134495
15_9_F_14_2008_05_20.pdf,4,dropped bar,0.12981
15_9_F_14_2008_05_20.pdf,5,test seal,0.119604
15_9_F_14_2008_05_20.pdf,6,wbrrt,0.115779
15_9_F_14_2008_05_20.pdf,7,kill manifold,0.113692
15_9_F_14_2008_05_20.pdf,8,releasing,0.107479
15_9_F_14_2008_05_20.pdf,9,awaited,0.101977
15_9_F_14_2008_05_20.pdf,10,line against,0.101977
15_9_F_14_2008_05_20.pdf,11,wbbrt,0.101977
15_9_F_14_2008_05_20.pdf,12,towards end,0.099407
15_9_F_14_2008_05_20.pdf,13,released padprt,0.099407
15_9_F_14_2008_05_20.pdf,14,bar drop,0.098986
15_9_F_14_2008_05_20.pdf,15,hcr,0.09718
15_9_F_14_2008_05_21.pdf,1,allignment,0.199557
15_9_F_14_2008_05_21.pdf,2,swage,0.145606
15_9_F_14_2008_05_21.pdf,3,cylinder,0.141109
15_9_F_14_2008_05_21.pdf,4,bop test,0.13792
15_9_F_14_2008_05_21.pdf,5,continued working,0.137649
15_9_F_14_2008_05_21.pdf,6,xceed,0.135475
15_9_F_14_2008_05_21.pdf,7,threads,0.134788
15_9_F_14_2008_05_21.pdf,8,test pressure,0.133475
15_9_F_14_2008_05_21.pdf,9,test against,0.131623
15_9_F_14_2008_05_21.pdf,10,tested bop,0.126308
15_9_F_14_2008_05_21.pdf,11,pressure tested,0.113724
15_9_F_14_2008_05_21.pdf,12,choke manifolds,0.111644
15_9_F_14_2008_05_21.pdf,13,gauged,0.105679
15_9_F_14_2008_05_21.pdf,14,motor made,0.105679
15_9_F_14_2008_05_21.pdf,15,reverted,0.105679
15_9_F_14_2008_05_22.pdf,1,xlot,0.139843
15_9_F_14_2008_05_22.pdf,2,cri,0.138816
15_9_F_14_2008_05_22.pdf,3,cycle,0.121322
15_9_F_14_2008_05_22.pdf,4,bar string,0.113991
15_9_F_14_2008_05_22.pdf,5,subsea wellhead,0.113278
15_9_F_14_2008_05_22.pdf,6,wob torque,0.107358
15_9_F_14_2008_05_22.pdf,7,lpm observed,0.104512
15_9_F_14_2008_05_22.pdf,8,knm ecd,0.103862
15_9_F_14_2008_05_22.pdf,9,rpm wob,0.103323
15_9_F_14_2008_05_22.pdf,10,nmdc,0.103143
15_9_F_14_2008_05_22.pdf,11,made stand,0.099526
15_9_F_14_2008_05_22.pdf,12,link,0.098453
15_9_F_14_2008_05_22.pdf,13,rathole,0.09775
15_9_F_14_2008_05_22.pdf,14,bar lpm,0.096467
15_9_F_14_2008_05_22.pdf,15,even,0.096467
15_9_F_14_2008_05_23.pdf,1,problems mwd,0.152259
15_9_F_14_2008_05_23.pdf,2,mwd signal,0.144123
15_9_F_14_2008_05_23.pdf,3,rpm bit,0.143134
15_9_F_14_2008_05_23.pdf,4,bit rpm,0.141591
15_9_F_14_2008_05_23.pdf,5,bar string,0.140127
15_9_F_14_2008_05_23.pdf,6,booted,0.128846
15_9_F_14_2008_05_23.pdf,7,section parameters,0.121072
15_9_F_14_2008_05_23.pdf,8,wob torque,0.119645
15_9_F_14_2008_05_23.pdf,9,limited rop,0.118907
15_9_F_14_2008_05_23.pdf,10,decoding,0.118907
15_9_F_14_2008_05_23.pdf,11,experienced problems,0.118111
15_9_F_14_2008_05_23.pdf,12,ecd rop,0.117425
15_9_F_14_2008_05_23.pdf,13,drilled section,0.11718
15_9_F_14_2008_05_23.pdf,14,knm ecd,0.115748
15_9_F_14_2008_05_23.pdf,15,rpm wob,0.115147
15_9_F_14_2008_05_24.pdf,1,downlink,0.203084
15_9_F_14_2008_05_24.pdf,2,limited rop,0.184097
15_9_F_14_2008_05_24.pdf,3,gyro tool,0.176114
15_9_F_14_2008_05_24.pdf,4,rpm bit,0.161966
15_9_F_14_2008_05_24.pdf,5,bit rpm,0.16022
15_9_F_14_2008_05_24.pdf,6,bar string,0.158564
15_9_F_14_2008_05_24.pdf,7,limited,0.151022
15_9_F_14_2008_05_24.pdf,8,attempts,0.14785
15_9_F_14_2008_05_24.pdf,9,ecd rop,0.146567
15_9_F_14_2008_05_24.pdf,10,ahead,0.141132
15_9_F_14_2008_05_24.pdf,11,gyro,0.140724
15_9_F_14_2008_05_24.pdf,12,section parameters,0.137001
15_9_F_14_2008_05_24.pdf,13,wob torque,0.135387
15_9_F_14_2008_05_24.pdf,14,rop drilled,0.134038
15_9_F_14_2008_05_24.pdf,15,drilled section,0.131399
15_9_F_14_2008_05_25.pdf,1,csg running,0.167922
15_9_F_14_2008_05_25.pdf,2,performed gyro,0.153562
15_9_F_14_2008_05_25.pdf,3,survey connection,0.148165
15_9_F_14_2008_05_25.pdf,4,gyro,0.147237
15_9_F_14_2008_05_25.pdf,5,gyro survey,0.138087
15_9_F_14_2008_05_25.pdf,6,running equipment,0.134919
15_9_F_14_2008_05_25.pdf,7,bha ooh,0.130303
15_9_F_14_2008_05_25.pdf,8,equipment held,0.129522
15_9_F_14_2008_05_25.pdf,9,csg,0.127994
15_9_F_14_2008_05_25.pdf,10,loose items,0.126351
15_9_F_14_2008_05_25.pdf,11,wear bushing,0.122698
15_9_F_14_2008_05_25.pdf,12,while pooh,0.122092
15_9_F_14_2008_05_25.pdf,13,wear,0.118425
15_9_F_14_2008_05_25.pdf,14,gyro tool,0.116694
15_9_F_14_2008_05_25.pdf,15,items,0.115008
15_9_F_14_2008_05_26.pdf,1,vam top,0.25108
15_9_F_14_2008_05_26.pdf,2,vam,0.232241
15_9_F_14_2008_05_26.pdf,3,csg using,0.2198
15_9_F_14_2008_05_26.pdf,4,filled csg,0.210512
15_9_F_14_2008_05_26.pdf,5,top csg,0.196288
15_9_F_14_2008_05_26.pdf,6,using top,0.196288
15_9_F_14_2008_05_26.pdf,7,odfjell,0.156499
15_9_F_14_2008_05_26.pdf,8,every joint,0.150081
15_9_F_14_2008_05_26.pdf,9,speed joints,0.140118
15_9_F_14_2008_05_26.pdf,10,camera,0.139052
15_9_F_14_2008_05_26.pdf,11,csg,0.128611
15_9_F_14_2008_05_26.pdf,12,coupling,0.124611
15_9_F_14_2008_05_26.pdf,13,tripping,0.123626
15_9_F_14_2008_05_26.pdf,14,fac,0.119767
15_9_F_14_2008_05_26.pdf,15,pdm,0.119767
15_9_F_14_2008_05_27.pdf,1,csg using,0.16877
15_9_F_14_2008_05_27.pdf,2,filled csg,0.161638
15_9_F_14_2008_05_27.pdf,3,fac tool,0.152771
15_9_F_14_2008_05_27.pdf,4,fac,0.148898
15_9_F_14_2008_05_27.pdf,5,every joints,0.147766
15_9_F_14_2008_05_27.pdf,6,csg filled,0.144455
15_9_F_14_2008_05_27.pdf,7,rih csg,0.139994
15_9_F_14_2008_05_27.pdf,8,topped,0.128873
15_9_F_14_2008_05_27.pdf,9,speed jnts,0.127273
15_9_F_14_2008_05_27.pdf,10,hanger padprt,0.124473
15_9_F_14_2008_05_27.pdf,11,csg,0.123771
15_9_F_14_2008_05_27.pdf,12,jnts,0.11621
15_9_F_14_2008_05_27.pdf,13,every joint,0.115237
15_9_F_14_2008_05_27.pdf,14,csg hwdp,0.107555
15_9_F_14_2008_05_27.pdf,15,sat,0.10717
15_9_F_14_2008_05_28.pdf,1,down sub,0.173636
15_9_F_14_2008_05_28.pdf,2,lock down,0.166315
15_9_F_14_2008_05_28.pdf,3,jet flush,0.159725
15_9_F_14_2008_05_28.pdf,4,flush tool,0.147741
15_9_F_14_2008_05_28.pdf,5,lock,0.118166
15_9_F_14_2008_05_28.pdf,6,flush,0.105704
15_9_F_14_2008_05_28.pdf,7,cmt unit,0.101992
15_9_F_14_2008_05_28.pdf,8,csg hanger,0.098898
15_9_F_14_2008_05_28.pdf,9,lpm using,0.098212
15_9_F_14_2008_05_28.pdf,10,sub made,0.098212
15_9_F_14_2008_05_28.pdf,11,attempted set,0.098212
15_9_F_14_2008_05_28.pdf,12,sheared bar,0.096012
15_9_F_14_2008_05_28.pdf,13,pooh jet,0.096012
15_9_F_14_2008_05_28.pdf,14,ltrs,0.0951
15_9_F_14_2008_05_28.pdf,15,top csg,0.094481
15_9_F_14_2008_05_29.pdf,1,down sub,0.187172
15_9_F_14_2008_05_29.pdf,2,lock down,0.179281
15_9_F_14_2008_05_29.pdf,3,jet flush,0.154466
15_9_F_14_2008_05_29.pdf,4,finger,0.148547
15_9_F_14_2008_05_29.pdf,5,rtts,0.143822
15_9_F_14_2008_05_29.pdf,6,flush tool,0.142876
15_9_F_14_2008_05_29.pdf,7,back hwdp,0.135242
15_9_F_14_2008_05_29.pdf,8,lock,0.134411
15_9_F_14_2008_05_29.pdf,9,pooh jet,0.132212
15_9_F_14_2008_05_29.pdf,10,jet,0.120775
15_9_F_14_2008_05_29.pdf,11,min released,0.118938
15_9_F_14_2008_05_29.pdf,12,fwd prs,0.112629
15_9_F_14_2008_05_29.pdf,13,rack back,0.110316
15_9_F_14_2008_05_29.pdf,14,rih jet,0.108252
15_9_F_14_2008_05_29.pdf,15,pooh running,0.106586
15_9_F_14_2008_05_30.pdf,1,rtts,0.137113
15_9_F_14_2008_05_30.pdf,2,min dropped,0.136179
15_9_F_14_2008_05_30.pdf,3,dropped bar,0.122939
15_9_F_14_2008_05_30.pdf,4,performed low,0.120962
15_9_F_14_2008_05_30.pdf,5,min pressured,0.11671
15_9_F_14_2008_05_30.pdf,6,further action,0.114038
15_9_F_14_2008_05_30.pdf,7,above rtts,0.114038
15_9_F_14_2008_05_30.pdf,8,pooh running,0.113171
15_9_F_14_2008_05_30.pdf,9,gain trip,0.110736
15_9_F_14_2008_05_30.pdf,10,ltrs,0.104524
15_9_F_14_2008_05_30.pdf,11,spinner,0.103394
15_9_F_14_2008_05_30.pdf,12,low pressure,0.103011
15_9_F_14_2008_05_30.pdf,13,tds performed,0.096735
15_9_F_14_2008_05_30.pdf,14,gain,0.096173
15_9_F_14_2008_05_30.pdf,15,ibop,0.095302
15_9_F_14_2008_05_31.pdf,1,nt2 connector,0.156928
15_9_F_14_2008_05_31.pdf,2,claxton tool,0.155474
15_9_F_14_2008_05_31.pdf,3,claxton,0.154248
15_9_F_14_2008_05_31.pdf,4,nt2,0.152462
15_9_F_14_2008_05_31.pdf,5,slick joint,0.151534
15_9_F_14_2008_05_31.pdf,6,dismantled,0.138576
15_9_F_14_2008_05_31.pdf,7,slick,0.13663
15_9_F_14_2008_05_31.pdf,8,hpdr,0.134779
15_9_F_14_2008_05_31.pdf,9,tension,0.127956
15_9_F_14_2008_05_31.pdf,10,box meeting,0.127016
15_9_F_14_2008_05_31.pdf,11,tension cylinders,0.126733
15_9_F_14_2008_05_31.pdf,12,diverter,0.122939
15_9_F_14_2008_05_31.pdf,13,stump,0.121299
15_9_F_14_2008_05_31.pdf,14,cylinders,0.118721
15_9_F_14_2008_05_31.pdf,15,ran tugger,0.118507
15_9_F_14_2008_06_01.pdf,1,stress joint,0.136613
15_9_F_14_2008_06_01.pdf,2,tbc stress,0.132063
15_9_F_14_2008_06_01.pdf,3,using rov,0.131435
15_9_F_14_2008_06_01.pdf,4,tbc,0.131203
15_9_F_14_2008_06_01.pdf,5,stress,0.130186
15_9_F_14_2008_06_01.pdf,6,ring assembly,0.115763
15_9_F_14_2008_06_01.pdf,7,guide funnel,0.109727
15_9_F_14_2008_06_01.pdf,8,riser spider,0.109716
15_9_F_14_2008_06_01.pdf,9,funnel,0.103975
15_9_F_14_2008_06_01.pdf,10,mini reel,0.103195
15_9_F_14_2008_06_01.pdf,11,openings,0.103195
15_9_F_14_2008_06_01.pdf,12,links,0.103195
15_9_F_14_2008_06_01.pdf,13,spider,0.10256
15_9_F_14_2008_06_01.pdf,14,tensioner ring,0.101125
15_9_F_14_2008_06_01.pdf,15,flange connection,0.100883
15_9_F_14_2008_06_02.pdf,1,rlgf,0.160575
15_9_F_14_2008_06_02.pdf,2,flanged,0.151301
15_9_F_14_2008_06_02.pdf,3,vetco bandak,0.146123
15_9_F_14_2008_06_02.pdf,4,bandak procedure,0.138316
15_9_F_14_2008_06_02.pdf,5,flanged connection,0.137167
15_9_F_14_2008_06_02.pdf,6,tbc,0.134271
15_9_F_14_2008_06_02.pdf,7,guidewires,0.130039
15_9_F_14_2008_06_02.pdf,8,bandak,0.130039
15_9_F_14_2008_06_02.pdf,9,guide funnel,0.119133
15_9_F_14_2008_06_02.pdf,10,connection according,0.113233
15_9_F_14_2008_06_02.pdf,11,tbc rov,0.113233
15_9_F_14_2008_06_02.pdf,12,according vetco,0.112967
15_9_F_14_2008_06_02.pdf,13,dual lift,0.109954
15_9_F_14_2008_06_02.pdf,14,sucess,0.109954
15_9_F_14_2008_06_02.pdf,15,using rov,0.109362
15_9_F_14_2008_06_03.pdf,1,rov panel,0.17939
15_9_F_14_2008_06_03.pdf,2,tbc rov,0.17939
15_9_F_14_2008_06_03.pdf,3,sat tbc,0.179152
15_9_F_14_2008_06_03.pdf,4,drop bar,0.156889
15_9_F_14_2008_06_03.pdf,5,bar drop,0.144529
15_9_F_14_2008_06_03.pdf,6,tbc,0.140258
15_9_F_14_2008_06_03.pdf,7,tensioner,0.124346
15_9_F_14_2008_06_03.pdf,8,panel,0.122374
15_9_F_14_2008_06_03.pdf,9,tensioner ring,0.118826
15_9_F_14_2008_06_03.pdf,10,sat,0.118796
15_9_F_14_2008_06_03.pdf,11,tensioner system,0.117451
15_9_F_14_2008_06_03.pdf,12,bop annular,0.11347
15_9_F_14_2008_06_03.pdf,13,band,0.11347
15_9_F_14_2008_06_03.pdf,14,module,0.11239
15_9_F_14_2008_06_03.pdf,15,rtts plug,0.107408
15_9_F_14_2008_06_04.pdf,1,riser jnt,0.177798
15_9_F_14_2008_06_04.pdf,2,multibowl,0.156279
15_9_F_14_2008_06_04.pdf,3,weight tds,0.130416
15_9_F_14_2008_06_04.pdf,4,cutting,0.128483
15_9_F_14_2008_06_04.pdf,5,jnt,0.126284
15_9_F_14_2008_06_04.pdf,6,installed outer,0.122612
15_9_F_14_2008_06_04.pdf,7,bop riser,0.117045
15_9_F_14_2008_06_04.pdf,8,ensure,0.116872
15_9_F_14_2008_06_04.pdf,9,tensioner,0.113673
15_9_F_14_2008_06_04.pdf,10,tension joint,0.111003
15_9_F_14_2008_06_04.pdf,11,outer ring,0.109752
15_9_F_14_2008_06_04.pdf,12,part,0.10638
15_9_F_14_2008_06_04.pdf,13,seals,0.104389
15_9_F_14_2008_06_04.pdf,14,installed bop,0.104323
15_9_F_14_2008_06_04.pdf,15,same held,0.103458
15_9_F_14_2008_06_05.pdf,1,talk installed,0.146658
15_9_F_14_2008_06_05.pdf,2,nippled,0.130751
15_9_F_14_2008_06_05.pdf,3,meanwhile checked,0.128296
15_9_F_14_2008_06_05.pdf,4,changed dies,0.121073
15_9_F_14_2008_06_05.pdf,5,bars min,0.11957
15_9_F_14_2008_06_05.pdf,6,bars mins,0.118158
15_9_F_14_2008_06_05.pdf,7,meanwhile pressure,0.115567
15_9_F_14_2008_06_05.pdf,8,nt2 connector,0.114373
15_9_F_14_2008_06_05.pdf,9,slip cut,0.113907
15_9_F_14_2008_06_05.pdf,10,wash,0.113504
15_9_F_14_2008_06_05.pdf,11,nt2,0.111118
15_9_F_14_2008_06_05.pdf,12,changing,0.110127
15_9_F_14_2008_06_05.pdf,13,bop diverter,0.109407
15_9_F_14_2008_06_05.pdf,14,diverter,0.108834
15_9_F_14_2008_06_05.pdf,15,cut line,0.108722
15_9_F_14_2008_06_06.pdf,1,annulus insert,0.17932
15_9_F_14_2008_06_06.pdf,2,insert,0.14878
15_9_F_14_2008_06_06.pdf,3,bowl protector,0.144463
15_9_F_14_2008_06_06.pdf,4,pdm,0.13304
15_9_F_14_2008_06_06.pdf,5,bowl,0.130534
15_9_F_14_2008_06_06.pdf,6,surface head,0.126451
15_9_F_14_2008_06_06.pdf,7,very,0.117013
15_9_F_14_2008_06_06.pdf,8,spear assy,0.115667
15_9_F_14_2008_06_06.pdf,9,pooh laid,0.113508
15_9_F_14_2008_06_06.pdf,10,jnts,0.110128
15_9_F_14_2008_06_06.pdf,11,protector,0.108482
15_9_F_14_2008_06_06.pdf,12,test plug,0.106827
15_9_F_14_2008_06_06.pdf,13,subsea head,0.105265
15_9_F_14_2008_06_06.pdf,14,dedicated,0.104391
15_9_F_14_2008_06_06.pdf,15,annulus,0.099908
15_9_F_14_2008_06_07.pdf,1,adjustment sub,0.158762
15_9_F_14_2008_06_07.pdf,2,adjustment,0.153597
15_9_F_14_2008_06_07.pdf,3,sub setting,0.147286
15_9_F_14_2008_06_07.pdf,4,took overpull,0.1309
15_9_F_14_2008_06_07.pdf,5,straight pull,0.129061
15_9_F_14_2008_06_07.pdf,6,spear released,0.124645
15_9_F_14_2008_06_07.pdf,7,string down,0.122355
15_9_F_14_2008_06_07.pdf,8,profile,0.121036
15_9_F_14_2008_06_07.pdf,9,straight,0.117985
15_9_F_14_2008_06_07.pdf,10,overpull worked,0.117985
15_9_F_14_2008_06_07.pdf,11,surface casing,0.115342
15_9_F_14_2008_06_07.pdf,12,setting tool,0.112235
15_9_F_14_2008_06_07.pdf,13,spear,0.110267
15_9_F_14_2008_06_07.pdf,14,down rotated,0.103457
15_9_F_14_2008_06_07.pdf,15,working string,0.103457
15_9_F_14_2008_06_08.pdf,1,adjustment sub,0.173222
15_9_F_14_2008_06_08.pdf,2,adjustment,0.167587
15_9_F_14_2008_06_08.pdf,3,surface hanger,0.163491
15_9_F_14_2008_06_08.pdf,4,sub setting,0.16154
15_9_F_14_2008_06_08.pdf,5,straight pull,0.147525
15_9_F_14_2008_06_08.pdf,6,string down,0.135653
15_9_F_14_2008_06_08.pdf,7,straight,0.134863
15_9_F_14_2008_06_08.pdf,8,setting tool,0.131958
15_9_F_14_2008_06_08.pdf,9,latching,0.12652
15_9_F_14_2008_06_08.pdf,10,working string,0.12652
15_9_F_14_2008_06_08.pdf,11,picked overpull,0.120568
15_9_F_14_2008_06_08.pdf,12,tie back,0.119381
15_9_F_14_2008_06_08.pdf,13,tie,0.118707
15_9_F_14_2008_06_08.pdf,14,prior pull,0.115951
15_9_F_14_2008_06_08.pdf,15,continued working,0.113979
15_9_F_14_2008_06_09.pdf,1,space pup,0.171052
15_9_F_14_2008_06_09.pdf,2,surface hanger,0.164477
15_9_F_14_2008_06_09.pdf,3,adjustment sub,0.161442
15_9_F_14_2008_06_09.pdf,4,sub setting,0.161042
15_9_F_14_2008_06_09.pdf,5,adjustment,0.15619
15_9_F_14_2008_06_09.pdf,6,setting tool,0.121405
15_9_F_14_2008_06_09.pdf,7,space,0.110806
15_9_F_14_2008_06_09.pdf,8,spear,0.103578
15_9_F_14_2008_06_09.pdf,9,made hwdp,0.102551
15_9_F_14_2008_06_09.pdf,10,casing tong,0.100874
15_9_F_14_2008_06_09.pdf,11,rigged casing,0.099878
15_9_F_14_2008_06_09.pdf,12,laid same,0.099878
15_9_F_14_2008_06_09.pdf,13,talk picked,0.098228
15_9_F_14_2008_06_09.pdf,14,tong changed,0.098228
15_9_F_14_2008_06_09.pdf,15,hwdp rih,0.096415
15_9_F_14_2008_06_10.pdf,1,rtts plug,0.201127
15_9_F_14_2008_06_10.pdf,2,rtts,0.159829
15_9_F_14_2008_06_10.pdf,3,talk picked,0.15433
15_9_F_14_2008_06_10.pdf,4,laid same,0.134133
15_9_F_14_2008_06_10.pdf,5,seal assy,0.134133
15_9_F_14_2008_06_10.pdf,6,picked rih,0.129481
15_9_F_14_2008_06_10.pdf,7,adjustment sub,0.129481
15_9_F_14_2008_06_10.pdf,8,above rtts,0.127956
15_9_F_14_2008_06_10.pdf,9,same held,0.127818
15_9_F_14_2008_06_10.pdf,10,adjustment,0.125269
15_9_F_14_2008_06_10.pdf,11,pulling tool,0.117222
15_9_F_14_2008_06_10.pdf,12,rih surface,0.113467
15_9_F_14_2008_06_10.pdf,13,device trip,0.111608
15_9_F_14_2008_06_10.pdf,14,surface rih,0.108541
15_9_F_14_2008_06_10.pdf,15,bha using,0.106892
15_9_F_14_2008_06_11.pdf,1,device trip,0.190213
15_9_F_14_2008_06_11.pdf,2,bha using,0.182175
15_9_F_14_2008_06_11.pdf,3,device,0.175941
15_9_F_14_2008_06_11.pdf,4,remote,0.170847
15_9_F_14_2008_06_11.pdf,5,trip hour,0.16654
15_9_F_14_2008_06_11.pdf,6,knm mud,0.159303
15_9_F_14_2008_06_11.pdf,7,hour filled,0.144421
15_9_F_14_2008_06_11.pdf,8,bar string,0.137209
15_9_F_14_2008_06_11.pdf,9,operated,0.133304
15_9_F_14_2008_06_11.pdf,10,emptied trip,0.132357
15_9_F_14_2008_06_11.pdf,11,equivalent,0.131587
15_9_F_14_2008_06_11.pdf,12,mud weight,0.127455
15_9_F_14_2008_06_11.pdf,13,emptied,0.121256
15_9_F_14_2008_06_11.pdf,14,unit lined,0.120334
15_9_F_14_2008_06_11.pdf,15,cmt unit,0.116521
15_9_F_14_2008_06_12.pdf,1,rop hour,0.264014
15_9_F_14_2008_06_12.pdf,2,ecd mud,0.264014
15_9_F_14_2008_06_12.pdf,3,wob knm,0.259165
15_9_F_14_2008_06_12.pdf,4,bar string,0.22711
15_9_F_14_2008_06_12.pdf,5,hour ecd,0.225669
15_9_F_14_2008_06_12.pdf,6,continued parameters,0.223954
15_9_F_14_2008_06_12.pdf,7,knm rop,0.222703
15_9_F_14_2008_06_12.pdf,8,mud weight,0.199928
15_9_F_14_2008_06_12.pdf,9,weight continued,0.188772
15_9_F_14_2008_06_12.pdf,10,rpm wob,0.186624
15_9_F_14_2008_06_12.pdf,11,string rpm,0.185671
15_9_F_14_2008_06_12.pdf,12,hour,0.15846
15_9_F_14_2008_06_12.pdf,13,parameters lpm,0.157043
15_9_F_14_2008_06_12.pdf,14,spp bar,0.149553
15_9_F_14_2008_06_12.pdf,15,lpm spp,0.147856
15_9_F_14_2008_06_13.pdf,1,mobility,0.164307
15_9_F_14_2008_06_13.pdf,2,bars mobility,0.164307
15_9_F_14_2008_06_13.pdf,3,bit test,0.164307
15_9_F_14_2008_06_13.pdf,4,ecd mud,0.158684
15_9_F_14_2008_06_13.pdf,5,linked deactivated,0.138893
15_9_F_14_2008_06_13.pdf,6,pressure point,0.136919
15_9_F_14_2008_06_13.pdf,7,pressure bars,0.136623
15_9_F_14_2008_06_13.pdf,8,test pressure,0.134607
15_9_F_14_2008_06_13.pdf,9,hour ecd,0.13414
15_9_F_14_2008_06_13.pdf,10,deactivated,0.126973
15_9_F_14_2008_06_13.pdf,11,down linked,0.125512
15_9_F_14_2008_06_13.pdf,12,took pressure,0.123824
15_9_F_14_2008_06_13.pdf,13,linked,0.12377
15_9_F_14_2008_06_13.pdf,14,bar string,0.123751
15_9_F_14_2008_06_13.pdf,15,wob knm,0.119375
15_9_F_14_2008_06_14.pdf,1,bit test,0.172527
15_9_F_14_2008_06_14.pdf,2,mobility,0.172527
15_9_F_14_2008_06_14.pdf,3,bars mobility,0.172527
15_9_F_14_2008_06_14.pdf,4,rop hour,0.166623
15_9_F_14_2008_06_14.pdf,5,survey prior,0.163501
15_9_F_14_2008_06_14.pdf,6,continue ahead,0.163501
15_9_F_14_2008_06_14.pdf,7,ahead continued,0.157906
15_9_F_14_2008_06_14.pdf,8,prior continue,0.149469
15_9_F_14_2008_06_14.pdf,9,wob knm,0.148283
15_9_F_14_2008_06_14.pdf,10,pressure bars,0.143459
15_9_F_14_2008_06_14.pdf,11,test pressure,0.141341
15_9_F_14_2008_06_14.pdf,12,continued parameters,0.141341
15_9_F_14_2008_06_14.pdf,13,bar string,0.140669
15_9_F_14_2008_06_14.pdf,14,stethoscope took,0.138212
15_9_F_14_2008_06_14.pdf,15,deactivated stethoscope,0.138212
15_9_F_14_2008_06_15.pdf,1,ecd mud,0.178735
15_9_F_14_2008_06_15.pdf,2,stethoscope took,0.151066
15_9_F_14_2008_06_15.pdf,3,down linked,0.146249
15_9_F_14_2008_06_15.pdf,4,linked,0.14422
15_9_F_14_2008_06_15.pdf,5,prior take,0.141863
15_9_F_14_2008_06_15.pdf,6,bar string,0.139389
15_9_F_14_2008_06_15.pdf,7,take pressure,0.139245
15_9_F_14_2008_06_15.pdf,8,bit test,0.136953
15_9_F_14_2008_06_15.pdf,9,linked deactivated,0.136953
15_9_F_14_2008_06_15.pdf,10,continue ahead,0.136953
15_9_F_14_2008_06_15.pdf,11,bars mobility,0.136953
15_9_F_14_2008_06_15.pdf,12,mobility,0.136953
15_9_F_14_2008_06_15.pdf,13,mobility down,0.136953
15_9_F_14_2008_06_15.pdf,14,survey prior,0.136953
15_9_F_14_2008_06_15.pdf,15,deactivated stethoscope,0.136953
15_9_F_14_2008_06_16.pdf,1,trip hour,0.188678
15_9_F_14_2008_06_16.pdf,2,back hwdp,0.161275
15_9_F_14_2008_06_16.pdf,3,rih liner,0.153903
15_9_F_14_2008_06_16.pdf,4,knm rpm,0.149046
15_9_F_14_2008_06_16.pdf,5,liner surface,0.1455
15_9_F_14_2008_06_16.pdf,6,laid bha,0.141832
15_9_F_14_2008_06_16.pdf,7,hour,0.141526
15_9_F_14_2008_06_16.pdf,8,pooh racked,0.140655
15_9_F_14_2008_06_16.pdf,9,prior rih,0.132871
15_9_F_14_2008_06_16.pdf,10,cleared cleaned,0.122818
15_9_F_14_2008_06_16.pdf,11,std,0.122297
15_9_F_14_2008_06_16.pdf,12,liner,0.121162
15_9_F_14_2008_06_16.pdf,13,knm down,0.117388
15_9_F_14_2008_06_16.pdf,14,cleaned rig,0.116227
15_9_F_14_2008_06_16.pdf,15,every jnt,0.114429
15_9_F_14_2008_06_17.pdf,1,trip hour,0.210092
15_9_F_14_2008_06_17.pdf,2,liner filled,0.196128
15_9_F_14_2008_06_17.pdf,3,every jnt,0.185648
15_9_F_14_2008_06_17.pdf,4,rih liner,0.171371
15_9_F_14_2008_06_17.pdf,5,jnt,0.164618
15_9_F_14_2008_06_17.pdf,6,liner hanger,0.162514
15_9_F_14_2008_06_17.pdf,7,screws,0.151982
15_9_F_14_2008_06_17.pdf,8,torque lbs,0.151982
15_9_F_14_2008_06_17.pdf,9,overshot,0.148599
15_9_F_14_2008_06_17.pdf,10,liner,0.143942
15_9_F_14_2008_06_17.pdf,11,static continued,0.140638
15_9_F_14_2008_06_17.pdf,12,filled every,0.136215
15_9_F_14_2008_06_17.pdf,13,hour,0.133214
15_9_F_14_2008_06_17.pdf,14,max torque,0.122447
15_9_F_14_2008_06_17.pdf,15,weatherford,0.121067
15_9_F_14_2008_06_18.pdf,1,lpm bars,0.139915
15_9_F_14_2008_06_18.pdf,2,bars,0.130435
15_9_F_14_2008_06_18.pdf,3,trip hour,0.129928
15_9_F_14_2008_06_18.pdf,4,cmt head,0.124174
15_9_F_14_2008_06_18.pdf,5,bars lpm,0.117326
15_9_F_14_2008_06_18.pdf,6,weatherford,0.109341
15_9_F_14_2008_06_18.pdf,7,litres,0.107045
15_9_F_14_2008_06_18.pdf,8,cmt,0.106108
15_9_F_14_2008_06_18.pdf,9,displaced cmt,0.104412
15_9_F_14_2008_06_18.pdf,10,bars rpm,0.099524
15_9_F_14_2008_06_18.pdf,11,every stand,0.093461
15_9_F_14_2008_06_18.pdf,12,bottoms lpm,0.092454
15_9_F_14_2008_06_18.pdf,13,ball,0.091662
15_9_F_14_2008_06_18.pdf,14,liner,0.090942
15_9_F_14_2008_06_18.pdf,15,set packer,0.085181
15_9_F_14_2008_06_19.pdf,1,cleaning assy,0.195462
15_9_F_14_2008_06_19.pdf,2,surface head,0.176049
15_9_F_14_2008_06_19.pdf,3,bop surface,0.156671
15_9_F_14_2008_06_19.pdf,4,rih cleaning,0.15493
15_9_F_14_2008_06_19.pdf,5,head lpm,0.140456
15_9_F_14_2008_06_19.pdf,6,trip hour,0.136916
15_9_F_14_2008_06_19.pdf,7,cleaning,0.130532
15_9_F_14_2008_06_19.pdf,8,made wear,0.11703
15_9_F_14_2008_06_19.pdf,9,wear bushing,0.11675
15_9_F_14_2008_06_19.pdf,10,wear,0.112684
15_9_F_14_2008_06_19.pdf,11,installed wear,0.112096
15_9_F_14_2008_06_19.pdf,12,pdm,0.110226
15_9_F_14_2008_06_19.pdf,13,test liner,0.110028
15_9_F_14_2008_06_19.pdf,14,assy,0.108212
15_9_F_14_2008_06_19.pdf,15,made bop,0.102067
15_9_F_14_2008_06_20.pdf,1,rih cleaning,0.190068
15_9_F_14_2008_06_20.pdf,2,trip speed,0.168313
15_9_F_14_2008_06_20.pdf,3,cleaning assemblies,0.157846
15_9_F_14_2008_06_20.pdf,4,cleaning assembly,0.157846
15_9_F_14_2008_06_20.pdf,5,cleaning,0.14556
15_9_F_14_2008_06_20.pdf,6,razor,0.139493
15_9_F_14_2008_06_20.pdf,7,razor back,0.139493
15_9_F_14_2008_06_20.pdf,8,cleaning string,0.136368
15_9_F_14_2008_06_20.pdf,9,speed hrs,0.132528
15_9_F_14_2008_06_20.pdf,10,assemblies,0.132528
15_9_F_14_2008_06_20.pdf,11,magnets,0.122317
15_9_F_14_2008_06_20.pdf,12,troubleshot hts,0.122317
15_9_F_14_2008_06_20.pdf,13,made pup,0.116562
15_9_F_14_2008_06_20.pdf,14,arm,0.110888
15_9_F_14_2008_06_20.pdf,15,dress mill,0.110192
15_9_F_14_2008_06_21.pdf,1,dope,0.126673
15_9_F_14_2008_06_21.pdf,2,packer setting,0.110813
15_9_F_14_2008_06_21.pdf,3,pills,0.108934
15_9_F_14_2008_06_21.pdf,4,commissioner,0.108275
15_9_F_14_2008_06_21.pdf,5,rih cleaning,0.10514
15_9_F_14_2008_06_21.pdf,6,base oil,0.104574
15_9_F_14_2008_06_21.pdf,7,cleaning,0.099843
15_9_F_14_2008_06_21.pdf,8,tube,0.094719
15_9_F_14_2008_06_21.pdf,9,die,0.094719
15_9_F_14_2008_06_21.pdf,10,seawater lpm,0.093222
15_9_F_14_2008_06_21.pdf,11,through choke,0.093222
15_9_F_14_2008_06_21.pdf,12,top pbr,0.093222
15_9_F_14_2008_06_21.pdf,13,cleaning assemblies,0.092465
15_9_F_14_2008_06_21.pdf,14,mud while,0.091846
15_9_F_14_2008_06_21.pdf,15,spp bar,0.090651
15_9_F_14_2008_06_22.pdf,1,pooh cleaning,0.165224
15_9_F_14_2008_06_22.pdf,2,batch,0.152858
15_9_F_14_2008_06_22.pdf,3,magnets,0.152858
15_9_F_14_2008_06_22.pdf,4,cleaning string,0.151238
15_9_F_14_2008_06_22.pdf,5,packer fluid,0.150394
15_9_F_14_2008_06_22.pdf,6,trip speed,0.147766
15_9_F_14_2008_06_22.pdf,7,cleaning assembly,0.138578
15_9_F_14_2008_06_22.pdf,8,string laid,0.134014
15_9_F_14_2008_06_22.pdf,9,cleaning,0.130576
15_9_F_14_2008_06_22.pdf,10,fluid,0.130225
15_9_F_14_2008_06_22.pdf,11,trip tanks,0.129389
15_9_F_14_2008_06_22.pdf,12,tailing,0.126305
15_9_F_14_2008_06_22.pdf,13,tailing arm,0.126305
15_9_F_14_2008_06_22.pdf,14,dry,0.121056
15_9_F_14_2008_06_22.pdf,15,cleaning assemblies,0.118451
15_9_F_14_2008_06_23.pdf,1,bowl protector,0.130158
15_9_F_14_2008_06_23.pdf,2,control line,0.125627
15_9_F_14_2008_06_23.pdf,3,tubing joint,0.123639
15_9_F_14_2008_06_23.pdf,4,completion,0.120799
15_9_F_14_2008_06_23.pdf,5,pulling tool,0.120043
15_9_F_14_2008_06_23.pdf,6,bowl,0.117609
15_9_F_14_2008_06_23.pdf,7,swadge,0.110182
15_9_F_14_2008_06_23.pdf,8,tubing,0.108134
15_9_F_14_2008_06_23.pdf,9,termination,0.104542
15_9_F_14_2008_06_23.pdf,10,magnets,0.104542
15_9_F_14_2008_06_23.pdf,11,cleaning assembly,0.104542
15_9_F_14_2008_06_23.pdf,12,joint landing,0.101907
15_9_F_14_2008_06_23.pdf,13,protector running,0.101907
15_9_F_14_2008_06_23.pdf,14,fitting,0.100332
15_9_F_14_2008_06_23.pdf,15,landing stand,0.099624
15_9_F_14_2008_06_24.pdf,1,protector every,0.195037
15_9_F_14_2008_06_24.pdf,2,line clamp,0.195037
15_9_F_14_2008_06_24.pdf,3,clamp protector,0.195037
15_9_F_14_2008_06_24.pdf,4,cr110 tubing,0.195037
15_9_F_14_2008_06_24.pdf,5,cr110,0.195037
15_9_F_14_2008_06_24.pdf,6,every collar,0.195037
15_9_F_14_2008_06_24.pdf,7,s13,0.195037
15_9_F_14_2008_06_24.pdf,8,s13 cr110,0.195037
15_9_F_14_2008_06_24.pdf,9,ran s13,0.195037
15_9_F_14_2008_06_24.pdf,10,tubing installed,0.188856
15_9_F_14_2008_06_24.pdf,11,installed control,0.184616
15_9_F_14_2008_06_24.pdf,12,tailing,0.16178
15_9_F_14_2008_06_24.pdf,13,tailing arm,0.16178
15_9_F_14_2008_06_24.pdf,14,control line,0.147947
15_9_F_14_2008_06_24.pdf,15,collar average,0.147896
15_9_F_14_2008_06_25.pdf,1,clamp protector,0.166404
15_9_F_14_2008_06_25.pdf,2,s13,0.166404
15_9_F_14_2008_06_25.pdf,3,s13 cr110,0.166404
15_9_F_14_2008_06_25.pdf,4,cr110 tubing,0.166404
15_9_F_14_2008_06_25.pdf,5,protector every,0.166404
15_9_F_14_2008_06_25.pdf,6,ran s13,0.166404
15_9_F_14_2008_06_25.pdf,7,cr110,0.166404
15_9_F_14_2008_06_25.pdf,8,every collar,0.166404
15_9_F_14_2008_06_25.pdf,9,line clamp,0.166404
15_9_F_14_2008_06_25.pdf,10,tubing installed,0.16113
15_9_F_14_2008_06_25.pdf,11,installed control,0.157513
15_9_F_14_2008_06_25.pdf,12,flx asv,0.147043
15_9_F_14_2008_06_25.pdf,13,control line,0.140292
15_9_F_14_2008_06_25.pdf,14,collar average,0.139186
15_9_F_14_2008_06_25.pdf,15,asv,0.135774
15_9_F_14_2008_06_26.pdf,1,asv,0.172815
15_9_F_14_2008_06_26.pdf,2,fitting,0.157362
15_9_F_14_2008_06_26.pdf,3,control line,0.157306
15_9_F_14_2008_06_26.pdf,4,injection line,0.154793
15_9_F_14_2008_06_26.pdf,5,chemical injection,0.147019
15_9_F_14_2008_06_26.pdf,6,asv control,0.146186
15_9_F_14_2008_06_26.pdf,7,flx asv,0.146186
15_9_F_14_2008_06_26.pdf,8,chemical,0.145363
15_9_F_14_2008_06_26.pdf,9,bot,0.143501
15_9_F_14_2008_06_26.pdf,10,procedure tested,0.141953
15_9_F_14_2008_06_26.pdf,11,psi min,0.141953
15_9_F_14_2008_06_26.pdf,12,psi,0.140665
15_9_F_14_2008_06_26.pdf,13,clamps,0.12428
15_9_F_14_2008_06_26.pdf,14,flx,0.124004
15_9_F_14_2008_06_26.pdf,15,injection,0.119115
15_9_F_14_2008_06_27.pdf,1,landing stand,0.164623
15_9_F_14_2008_06_27.pdf,2,fittings,0.146864
15_9_F_14_2008_06_27.pdf,3,thrt,0.141028
15_9_F_14_2008_06_27.pdf,4,control lines,0.137043
15_9_F_14_2008_06_27.pdf,5,line clamp,0.121817
15_9_F_14_2008_06_27.pdf,6,installed control,0.115309
15_9_F_14_2008_06_27.pdf,7,asv,0.11469
15_9_F_14_2008_06_27.pdf,8,pbr,0.110159
15_9_F_14_2008_06_27.pdf,9,control,0.108103
15_9_F_14_2008_06_27.pdf,10,same changed,0.106565
15_9_F_14_2008_06_27.pdf,11,tubing hanger,0.106113
15_9_F_14_2008_06_27.pdf,12,control line,0.103528
15_9_F_14_2008_06_27.pdf,13,landing,0.098372
15_9_F_14_2008_06_27.pdf,14,fitting,0.097039
15_9_F_14_2008_06_27.pdf,15,tubing,0.096882
15_9_F_14_2008_06_28.pdf,1,asv,0.124391
15_9_F_14_2008_06_28.pdf,2,test min,0.111029
15_9_F_14_2008_06_28.pdf,3,last min,0.108775
15_9_F_14_2008_06_28.pdf,4,improving,0.108775
15_9_F_14_2008_06_28.pdf,5,bar differential,0.106778
15_9_F_14_2008_06_28.pdf,6,pumped liter,0.104962
15_9_F_14_2008_06_28.pdf,7,differential,0.103304
15_9_F_14_2008_06_28.pdf,8,back liters,0.102963
15_9_F_14_2008_06_28.pdf,9,liter,0.10029
15_9_F_14_2008_06_28.pdf,10,thrt,0.096015
15_9_F_14_2008_06_28.pdf,11,dhsv bled,0.095156
15_9_F_14_2008_06_28.pdf,12,maintained,0.095156
15_9_F_14_2008_06_28.pdf,13,bled back,0.094303
15_9_F_14_2008_06_28.pdf,14,above bar,0.093653
15_9_F_14_2008_06_28.pdf,15,pressure above,0.092641
15_9_F_14_2008_06_29.pdf,1,exit block,0.187012
15_9_F_14_2008_06_29.pdf,2,exit,0.183372
15_9_F_14_2008_06_29.pdf,3,weather deck,0.130527
15_9_F_14_2008_06_29.pdf,4,xmt,0.128047
15_9_F_14_2008_06_29.pdf,5,deck removed,0.126513
15_9_F_14_2008_06_29.pdf,6,slings,0.123742
15_9_F_14_2008_06_29.pdf,7,riser joint,0.123323
15_9_F_14_2008_06_29.pdf,8,spool,0.123304
15_9_F_14_2008_06_29.pdf,9,psi,0.12316
15_9_F_14_2008_06_29.pdf,10,block,0.110814
15_9_F_14_2008_06_29.pdf,11,disconnected bop,0.108139
15_9_F_14_2008_06_29.pdf,12,through port,0.108139
15_9_F_14_2008_06_29.pdf,13,bop riser,0.107089
15_9_F_14_2008_06_29.pdf,14,cradle,0.105717
15_9_F_14_2008_06_29.pdf,15,through test,0.105717
15_9_F_14_2008_06_30.pdf,1,wellhead outlet,0.189969
15_9_F_14_2008_06_30.pdf,2,support bracket,0.189969
15_9_F_14_2008_06_30.pdf,3,bracket,0.177831
15_9_F_14_2008_06_30.pdf,4,exit block,0.172404
15_9_F_14_2008_06_30.pdf,5,coflex hose,0.166504
15_9_F_14_2008_06_30.pdf,6,support,0.166378
15_9_F_14_2008_06_30.pdf,7,exit,0.16635
15_9_F_14_2008_06_30.pdf,8,coflex,0.163274
15_9_F_14_2008_06_30.pdf,9,outlet,0.160957
15_9_F_14_2008_06_30.pdf,10,hub,0.144222
15_9_F_14_2008_06_30.pdf,11,spool,0.137019
15_9_F_14_2008_06_30.pdf,12,flowline,0.131266
15_9_F_14_2008_06_30.pdf,13,coflex flowline,0.130068
15_9_F_14_2008_06_30.pdf,14,dhpg,0.129561
15_9_F_14_2008_06_30.pdf,15,xmt,0.129555
15_9_F_14_2008_07_01.pdf,1,coflex flowline,0.173775
15_9_F_14_2008_07_01.pdf,2,coflex,0.146329
15_9_F_14_2008_07_01.pdf,3,flowline,0.128383
15_9_F_14_2008_07_01.pdf,4,chemical injection,0.122725
15_9_F_14_2008_07_01.pdf,5,chemical,0.121342
15_9_F_14_2008_07_01.pdf,6,control panel,0.116747
15_9_F_14_2008_07_01.pdf,7,injection line,0.115259
15_9_F_14_2008_07_01.pdf,8,support bracket,0.113964
15_9_F_14_2008_07_01.pdf,9,prepared running,0.110767
15_9_F_14_2008_07_01.pdf,10,clamp,0.110655
15_9_F_14_2008_07_01.pdf,11,tubing bar,0.109228
15_9_F_14_2008_07_01.pdf,12,injection,0.108771
15_9_F_14_2008_07_01.pdf,13,bpv,0.108237
15_9_F_14_2008_07_01.pdf,14,pressure chemical,0.106878
15_9_F_14_2008_07_01.pdf,15,xmt,0.105429
15_9_F_14_2008_07_02.pdf,1,commissioned,0.273152
15_9_F_14_2008_07_02.pdf,2,commissioned xmt,0.251681
15_9_F_14_2008_07_02.pdf,3,xmt meanwhile,0.232897
15_9_F_14_2008_07_02.pdf,4,xmt,0.187012
15_9_F_14_2008_07_02.pdf,5,ibops,0.178345
15_9_F_14_2008_07_02.pdf,6,prepared running,0.173858
15_9_F_14_2008_07_02.pdf,7,mounted,0.160651
15_9_F_14_2008_07_02.pdf,8,spool,0.158991
15_9_F_14_2008_07_02.pdf,9,support bracket,0.149778
15_9_F_14_2008_07_02.pdf,10,coflex hose,0.144653
15_9_F_14_2008_07_02.pdf,11,skid,0.142779
15_9_F_14_2008_07_02.pdf,12,drillfloor,0.139102
15_9_F_14_2008_07_02.pdf,13,drawwork,0.136924
15_9_F_14_2008_07_02.pdf,14,min test,0.133856
15_9_F_14_2008_07_02.pdf,15,fitted,0.133856
15_9_F_14_2008_07_03.pdf,1,commissioned xmt,0.293025
15_9_F_14_2008_07_03.pdf,2,commissioned,0.293025
15_9_F_14_2008_07_03.pdf,3,xmt meanwhile,0.247967
15_9_F_14_2008_07_03.pdf,4,xmt,0.217208
15_9_F_14_2008_07_03.pdf,5,bops,0.216626
15_9_F_14_2008_07_03.pdf,6,riser connected,0.179972
15_9_F_14_2008_07_03.pdf,7,check valve,0.169203
15_9_F_14_2008_07_03.pdf,8,wellhead module,0.169203
15_9_F_14_2008_07_03.pdf,9,moonpool,0.169144
15_9_F_14_2008_07_03.pdf,10,meanwhile tested,0.163698
15_9_F_14_2008_07_03.pdf,11,perforation,0.155138
15_9_F_14_2008_07_03.pdf,12,sheaves,0.153182
15_9_F_14_2008_07_03.pdf,13,hooked,0.148752
15_9_F_14_2008_07_03.pdf,14,functioned,0.144055
15_9_F_14_2008_07_03.pdf,15,shaker,0.144055
15_9_F_14_2008_07_04.pdf,1,using cmt,0.117659
15_9_F_14_2008_07_04.pdf,2,min using,0.105407
15_9_F_14_2008_07_04.pdf,3,xmt,0.102583
15_9_F_14_2008_07_04.pdf,4,packer fluid,0.102031
15_9_F_14_2008_07_04.pdf,5,toolcatcher,0.101393
15_9_F_14_2008_07_04.pdf,6,bha perforate,0.099522
15_9_F_14_2008_07_04.pdf,7,filled riser,0.095796
15_9_F_14_2008_07_04.pdf,8,min leak,0.095501
15_9_F_14_2008_07_04.pdf,9,closed drain,0.094862
15_9_F_14_2008_07_04.pdf,10,lower riser,0.092926
15_9_F_14_2008_07_04.pdf,11,fluid,0.092009
15_9_F_14_2008_07_04.pdf,12,perforate interval,0.091175
15_9_F_14_2008_07_04.pdf,13,tested rig,0.090098
15_9_F_14_2008_07_04.pdf,14,meg,0.08925
15_9_F_14_2008_07_04.pdf,15,fitting,0.089083
15_9_F_14_2008_07_05.pdf,1,switches,0.202472
15_9_F_14_2008_07_05.pdf,2,operate,0.19543
15_9_F_14_2008_07_05.pdf,3,trouble shoot,0.17316
15_9_F_14_2008_07_05.pdf,4,downhole tools,0.169763
15_9_F_14_2008_07_05.pdf,5,shoot,0.168044
15_9_F_14_2008_07_05.pdf,6,power,0.15837
15_9_F_14_2008_07_05.pdf,7,tractor,0.157017
15_9_F_14_2008_07_05.pdf,8,power supply,0.150023
15_9_F_14_2008_07_05.pdf,9,problem,0.141379
15_9_F_14_2008_07_05.pdf,10,trouble,0.139396
15_9_F_14_2008_07_05.pdf,11,downhole,0.138475
15_9_F_14_2008_07_05.pdf,12,winch,0.135884
15_9_F_14_2008_07_05.pdf,13,properly,0.135397
15_9_F_14_2008_07_05.pdf,14,powered,0.130648
15_9_F_14_2008_07_05.pdf,15,toolstring,0.128698
15_9_F_14_2008_07_06.pdf,1,mdrt,0.111072
15_9_F_14_2008_07_06.pdf,2,bha perforate,0.110192
15_9_F_14_2008_07_06.pdf,3,gun switches,0.103854
15_9_F_14_2008_07_06.pdf,4,powered,0.103106
15_9_F_14_2008_07_06.pdf,5,perforate interval,0.100951
15_9_F_14_2008_07_06.pdf,6,switches,0.1003
15_9_F_14_2008_07_06.pdf,7,logging unit,0.098156
15_9_F_14_2008_07_06.pdf,8,tractor,0.098019
15_9_F_14_2008_07_06.pdf,9,seawell pumpe,0.097396
15_9_F_14_2008_07_06.pdf,10,welltech,0.097396
15_9_F_14_2008_07_06.pdf,11,pumpe meg,0.097396
15_9_F_14_2008_07_06.pdf,12,weight gun,0.094941
15_9_F_14_2008_07_06.pdf,13,orientating weight,0.094941
15_9_F_14_2008_07_06.pdf,14,armed perforating,0.094941
15_9_F_14_2008_07_06.pdf,15,section lower,0.094941
15_9_F_14_2008_07_07.pdf,1,switches,0.118433
15_9_F_14_2008_07_07.pdf,2,gun switches,0.11299
15_9_F_14_2008_07_07.pdf,3,unit guns,0.105556
15_9_F_14_2008_07_07.pdf,4,guns below,0.105556
15_9_F_14_2008_07_07.pdf,5,below seabed,0.103423
15_9_F_14_2008_07_07.pdf,6,powered,0.102831
15_9_F_14_2008_07_07.pdf,7,bha perforate,0.101514
15_9_F_14_2008_07_07.pdf,8,welltech,0.10042
15_9_F_14_2008_07_07.pdf,9,baseoil,0.098938
15_9_F_14_2008_07_07.pdf,10,above hmv,0.097888
15_9_F_14_2008_07_07.pdf,11,logging unit,0.095419
15_9_F_14_2008_07_07.pdf,12,powered down,0.093761
15_9_F_14_2008_07_07.pdf,13,hmv,0.0934
15_9_F_14_2008_07_07.pdf,14,perforate interval,0.093001
15_9_F_14_2008_07_07.pdf,15,down logging,0.090466
15_9_F_14_2008_07_08.pdf,1,switches,0.131283
15_9_F_14_2008_07_08.pdf,2,switch,0.111363
15_9_F_14_2008_07_08.pdf,3,down winch,0.110977
15_9_F_14_2008_07_08.pdf,4,electrican,0.110977
15_9_F_14_2008_07_08.pdf,5,bha perforate,0.104215
15_9_F_14_2008_07_08.pdf,6,power shut,0.100618
15_9_F_14_2008_07_08.pdf,7,tractor,0.100482
15_9_F_14_2008_07_08.pdf,8,winch,0.099468
15_9_F_14_2008_07_08.pdf,9,grease,0.098393
15_9_F_14_2008_07_08.pdf,10,powered,0.097513
15_9_F_14_2008_07_08.pdf,11,set handle,0.094859
15_9_F_14_2008_07_08.pdf,12,tool catcher,0.094047
15_9_F_14_2008_07_08.pdf,13,guns,0.09119
15_9_F_14_2008_07_08.pdf,14,catcher,0.090742
15_9_F_14_2008_07_08.pdf,15,perforate interval,0.090479
15_9_F_14_2008_07_09.pdf,1,gun section,0.113002
15_9_F_14_2008_07_09.pdf,2,bha perforate,0.108675
15_9_F_14_2008_07_09.pdf,3,lubricator,0.102943
15_9_F_14_2008_07_09.pdf,4,interval lowered,0.101359
15_9_F_14_2008_07_09.pdf,5,perforate interval,0.099561
15_9_F_14_2008_07_09.pdf,6,section lower,0.098804
15_9_F_14_2008_07_09.pdf,7,connected armed,0.098804
15_9_F_14_2008_07_09.pdf,8,armed perforating,0.098804
15_9_F_14_2008_07_09.pdf,9,ltrs meg,0.098804
15_9_F_14_2008_07_09.pdf,10,incorrect,0.098804
15_9_F_14_2008_07_09.pdf,11,ccl,0.098628
15_9_F_14_2008_07_09.pdf,12,unit guns,0.09659
15_9_F_14_2008_07_09.pdf,13,section hung,0.09659
15_9_F_14_2008_07_09.pdf,14,guns below,0.09659
15_9_F_14_2008_07_09.pdf,15,new cable,0.094638
15_9_F_14_2008_07_10.pdf,1,unit guns,0.103503
15_9_F_14_2008_07_10.pdf,2,guns below,0.103503
15_9_F_14_2008_07_10.pdf,3,bha perforate,0.09954
15_9_F_14_2008_07_10.pdf,4,winch,0.095904
15_9_F_14_2008_07_10.pdf,5,gun section,0.093834
15_9_F_14_2008_07_10.pdf,6,due new,0.093834
15_9_F_14_2008_07_10.pdf,7,bar dhpg,0.093564
15_9_F_14_2008_07_10.pdf,8,logging unit,0.093564
15_9_F_14_2008_07_10.pdf,9,perforate interval,0.091192
15_9_F_14_2008_07_10.pdf,10,powered,0.0891
15_9_F_14_2008_07_10.pdf,11,guns,0.088251
15_9_F_14_2008_07_10.pdf,12,set handle,0.086675
15_9_F_14_2008_07_10.pdf,13,down winch,0.086675
15_9_F_14_2008_07_10.pdf,14,electrican,0.086675
15_9_F_14_2008_07_10.pdf,15,interval,0.084598
15_9_F_14_2008_07_11.pdf,1,tree cap,0.137161
15_9_F_14_2008_07_11.pdf,2,xmt,0.136707
15_9_F_14_2008_07_11.pdf,3,sections,0.132087
15_9_F_14_2008_07_11.pdf,4,kwv,0.129646
15_9_F_14_2008_07_11.pdf,5,dhsv,0.120375
15_9_F_14_2008_07_11.pdf,6,dhsv bar,0.120269
15_9_F_14_2008_07_11.pdf,7,cap,0.119502
15_9_F_14_2008_07_11.pdf,8,actuator,0.118776
15_9_F_14_2008_07_11.pdf,9,meg,0.116269
15_9_F_14_2008_07_11.pdf,10,kwv cap,0.116163
15_9_F_14_2008_07_11.pdf,11,tested tree,0.116163
15_9_F_14_2008_07_11.pdf,12,cap xmt,0.116163
15_9_F_14_2008_07_11.pdf,13,above dhsv,0.116052
15_9_F_14_2008_07_11.pdf,14,pressure above,0.112485
15_9_F_14_2008_07_11.pdf,15,hmv,0.112361
15_9_F_14_2009_03_07.pdf,1,weather deck,0.269629
15_9_F_14_2009_03_07.pdf,2,hatches weather,0.198381
15_9_F_14_2009_03_07.pdf,3,weather,0.192786
15_9_F_14_2009_03_07.pdf,4,skidded rig,0.17272
15_9_F_14_2009_03_07.pdf,5,arranged,0.168933
15_9_F_14_2009_03_07.pdf,6,handover meanwhile,0.16372
15_9_F_14_2009_03_07.pdf,7,landed riser,0.16372
15_9_F_14_2009_03_07.pdf,8,pms,0.16372
15_9_F_14_2009_03_07.pdf,9,deck performed,0.156817
15_9_F_14_2009_03_07.pdf,10,cantilever skidded,0.156817
15_9_F_14_2009_03_07.pdf,11,xmt,0.153118
15_9_F_14_2009_03_07.pdf,12,deck,0.151254
15_9_F_14_2009_03_07.pdf,13,hand over,0.144682
15_9_F_14_2009_03_07.pdf,14,deck held,0.144682
15_9_F_14_2009_03_07.pdf,15,skidded,0.144452
15_9_F_14_2009_03_08.pdf,1,handover meanwhile,0.254655
15_9_F_14_2009_03_08.pdf,2,pms,0.223955
15_9_F_14_2009_03_08.pdf,3,performed general,0.20603
15_9_F_14_2009_03_08.pdf,4,general,0.19589
15_9_F_14_2009_03_08.pdf,5,dismantled,0.190618
15_9_F_14_2009_03_08.pdf,6,handover,0.181275
15_9_F_14_2009_03_08.pdf,7,drops,0.180685
15_9_F_14_2009_03_08.pdf,8,areas,0.177662
15_9_F_14_2009_03_08.pdf,9,equipment waited,0.176638
15_9_F_14_2009_03_08.pdf,10,trip tanks,0.173068
15_9_F_14_2009_03_08.pdf,11,managed,0.169874
15_9_F_14_2009_03_08.pdf,12,mudpump,0.164347
15_9_F_14_2009_03_08.pdf,13,punch,0.157583
15_9_F_14_2009_03_08.pdf,14,checks,0.155627
15_9_F_14_2009_03_08.pdf,15,valves,0.155082
15_9_F_14_2009_03_09.pdf,1,handover meanwhile,0.163308
15_9_F_14_2009_03_09.pdf,2,returns through,0.163308
15_9_F_14_2009_03_09.pdf,3,components,0.156423
15_9_F_14_2009_03_09.pdf,4,closed drain,0.146349
15_9_F_14_2009_03_09.pdf,5,dismantled,0.138999
15_9_F_14_2009_03_09.pdf,6,hooked,0.134439
15_9_F_14_2009_03_09.pdf,7,drain,0.13321
15_9_F_14_2009_03_09.pdf,8,local control,0.130634
15_9_F_14_2009_03_09.pdf,9,meg,0.128698
15_9_F_14_2009_03_09.pdf,10,handover,0.127121
15_9_F_14_2009_03_09.pdf,11,local,0.12692
15_9_F_14_2009_03_09.pdf,12,filled riser,0.126325
15_9_F_14_2009_03_09.pdf,13,cap,0.11963
15_9_F_14_2009_03_09.pdf,14,min against,0.118869
15_9_F_14_2009_03_09.pdf,15,riser landed,0.118869
15_9_F_14_2009_03_10.pdf,1,tractor toolstring,0.191786
15_9_F_14_2009_03_10.pdf,2,plt tractor,0.185475
15_9_F_14_2009_03_10.pdf,3,toolstring ewl,0.17986
15_9_F_14_2009_03_10.pdf,4,ewl,0.171398
15_9_F_14_2009_03_10.pdf,5,plt,0.160859
15_9_F_14_2009_03_10.pdf,6,rih plt,0.159
15_9_F_14_2009_03_10.pdf,7,tractor,0.138475
15_9_F_14_2009_03_10.pdf,8,upwards logging,0.121311
15_9_F_14_2009_03_10.pdf,9,made upwards,0.121311
15_9_F_14_2009_03_10.pdf,10,ewl made,0.121311
15_9_F_14_2009_03_10.pdf,11,closed kwv,0.119905
15_9_F_14_2009_03_10.pdf,12,toolstring,0.116145
15_9_F_14_2009_03_10.pdf,13,stationary plt,0.113768
15_9_F_14_2009_03_10.pdf,14,tractor rih,0.11175
15_9_F_14_2009_03_10.pdf,15,logging pass,0.1109
15_9_F_14_2009_03_11.pdf,1,tractor toolstring,0.216801
15_9_F_14_2009_03_11.pdf,2,plt tractor,0.20332
15_9_F_14_2009_03_11.pdf,3,toolstring ewl,0.20332
15_9_F_14_2009_03_11.pdf,4,upwards logging,0.195761
15_9_F_14_2009_03_11.pdf,5,made upwards,0.195761
15_9_F_14_2009_03_11.pdf,6,ewl made,0.195761
15_9_F_14_2009_03_11.pdf,7,rih powered,0.194447
15_9_F_14_2009_03_11.pdf,8,ewl,0.193754
15_9_F_14_2009_03_11.pdf,9,powered tractor,0.181554
15_9_F_14_2009_03_11.pdf,10,logging pass,0.17896
15_9_F_14_2009_03_11.pdf,11,rih plt,0.178204
15_9_F_14_2009_03_11.pdf,12,plt,0.169945
15_9_F_14_2009_03_11.pdf,13,pass min,0.16539
15_9_F_14_2009_03_11.pdf,14,upwards,0.16539
15_9_F_14_2009_03_11.pdf,15,tractor rih,0.163258
15_9_F_14_2009_03_12.pdf,1,tractor toolstring,0.197682
15_9_F_14_2009_03_12.pdf,2,toolstring ewl,0.18539
15_9_F_14_2009_03_12.pdf,3,plt tractor,0.18539
15_9_F_14_2009_03_12.pdf,4,ewl,0.176668
15_9_F_14_2009_03_12.pdf,5,rih powered,0.162293
15_9_F_14_2009_03_12.pdf,6,ewl made,0.161361
15_9_F_14_2009_03_12.pdf,7,made upwards,0.161361
15_9_F_14_2009_03_12.pdf,8,upwards logging,0.161361
15_9_F_14_2009_03_12.pdf,9,plt,0.158936
15_9_F_14_2009_03_12.pdf,10,powered tractor,0.151532
15_9_F_14_2009_03_12.pdf,11,rih plt,0.148736
15_9_F_14_2009_03_12.pdf,12,logging pass,0.147513
15_9_F_14_2009_03_12.pdf,13,sm3,0.141293
15_9_F_14_2009_03_12.pdf,14,pooh plt,0.141116
15_9_F_14_2009_03_12.pdf,15,tractor,0.138092
15_9_F_14_2009_03_13.pdf,1,yearly,0.187881
15_9_F_14_2009_03_13.pdf,2,rigging down,0.169258
15_9_F_14_2009_03_13.pdf,3,moonpool area,0.167483
15_9_F_14_2009_03_13.pdf,4,production shut,0.154784
15_9_F_14_2009_03_13.pdf,5,hmv bar,0.148008
15_9_F_14_2009_03_13.pdf,6,lubricator riser,0.147292
15_9_F_14_2009_03_13.pdf,7,drop min,0.146069
15_9_F_14_2009_03_13.pdf,8,bar drop,0.142552
15_9_F_14_2009_03_13.pdf,9,moonpool,0.137876
15_9_F_14_2009_03_13.pdf,10,rigging,0.131169
15_9_F_14_2009_03_13.pdf,11,tension cylinders,0.13037
15_9_F_14_2009_03_13.pdf,12,waited production,0.126865
15_9_F_14_2009_03_13.pdf,13,hmv,0.123715
15_9_F_14_2009_03_13.pdf,14,shut,0.122453
15_9_F_14_2009_03_13.pdf,15,cylinders,0.122128
15_9_F_14_2009_03_14.pdf,1,kwv,0.174553
15_9_F_14_2009_03_14.pdf,2,min using,0.143791
15_9_F_14_2009_03_14.pdf,3,seawell,0.133574
15_9_F_14_2009_03_14.pdf,4,pressure closed,0.12798
15_9_F_14_2009_03_14.pdf,5,cmt unit,0.126765
15_9_F_14_2009_03_14.pdf,6,kwv cap,0.125393
15_9_F_14_2009_03_14.pdf,7,opened kwv,0.125393
15_9_F_14_2009_03_14.pdf,8,through bop,0.125393
15_9_F_14_2009_03_14.pdf,9,cap,0.122458
15_9_F_14_2009_03_14.pdf,10,using seawell,0.120986
15_9_F_14_2009_03_14.pdf,11,leak tested,0.108069
15_9_F_14_2009_03_14.pdf,12,xmt,0.107244
15_9_F_14_2009_03_14.pdf,13,tree cap,0.10472
15_9_F_14_2009_03_14.pdf,14,surface lines,0.101632
15_9_F_14_2009_03_14.pdf,15,weather deck,0.10041
15_9_F_14_2010_09_11.pdf,1,bop stump,0.25424
15_9_F_14_2010_09_11.pdf,2,house,0.248544
15_9_F_14_2010_09_11.pdf,3,cantilever deck,0.248544
15_9_F_14_2010_09_11.pdf,4,risers,0.234962
15_9_F_14_2010_09_11.pdf,5,logging unit,0.224676
15_9_F_14_2010_09_11.pdf,6,wire line,0.221733
15_9_F_14_2010_09_11.pdf,7,spotted,0.216754
15_9_F_14_2010_09_11.pdf,8,hooked,0.210137
15_9_F_14_2010_09_11.pdf,9,dog,0.207382
15_9_F_14_2010_09_11.pdf,10,grease,0.190771
15_9_F_14_2010_09_11.pdf,11,stump,0.189417
15_9_F_14_2010_09_11.pdf,12,logging,0.177811
15_9_F_14_2010_09_11.pdf,13,wire,0.176815
15_9_F_14_2010_09_11.pdf,14,schlumberger,0.165548
15_9_F_14_2010_09_11.pdf,15,cantilever,0.157267
15_9_F_14_2010_09_12.pdf,1,lubricator riser,0.248175
15_9_F_14_2010_09_12.pdf,2,assembled,0.207379
15_9_F_14_2010_09_12.pdf,3,winch,0.169797
15_9_F_14_2010_09_12.pdf,4,plt,0.166829
15_9_F_14_2010_09_12.pdf,5,hook,0.158044
15_9_F_14_2010_09_12.pdf,6,hoses,0.156695
15_9_F_14_2010_09_12.pdf,7,remote,0.154406
15_9_F_14_2010_09_12.pdf,8,plt tractor,0.154406
15_9_F_14_2010_09_12.pdf,9,lubricator,0.153498
15_9_F_14_2010_09_12.pdf,10,hoses bop,0.150513
15_9_F_14_2010_09_12.pdf,11,injection head,0.147142
15_9_F_14_2010_09_12.pdf,12,meanwhile built,0.141507
15_9_F_14_2010_09_12.pdf,13,hooked,0.141457
15_9_F_14_2010_09_12.pdf,14,lubricator tested,0.1391
15_9_F_14_2010_09_12.pdf,15,grease injection,0.1391
15_9_F_14_2010_09_13.pdf,1,tkv,0.199526
15_9_F_14_2010_09_13.pdf,2,min against,0.139994
15_9_F_14_2010_09_13.pdf,3,plt,0.138497
15_9_F_14_2010_09_13.pdf,4,prior test,0.133408
15_9_F_14_2010_09_13.pdf,5,min held,0.130712
15_9_F_14_2010_09_13.pdf,6,tree,0.126126
15_9_F_14_2010_09_13.pdf,7,mas tree,0.126118
15_9_F_14_2010_09_13.pdf,8,mas,0.126118
15_9_F_14_2010_09_13.pdf,9,siwhp bar,0.126118
15_9_F_14_2010_09_13.pdf,10,tree cap,0.124126
15_9_F_14_2010_09_13.pdf,11,program,0.122945
15_9_F_14_2010_09_13.pdf,12,siwhp,0.122293
15_9_F_14_2010_09_13.pdf,13,tractor,0.119225
15_9_F_14_2010_09_13.pdf,14,meg,0.115058
15_9_F_14_2010_09_13.pdf,15,plt logging,0.110913
15_9_F_14_2010_09_14.pdf,1,mdrkb,0.221503
15_9_F_14_2010_09_14.pdf,2,bore,0.20871
15_9_F_14_2010_09_14.pdf,3,spinner,0.195996
15_9_F_14_2010_09_14.pdf,4,started tractor,0.177446
15_9_F_14_2010_09_14.pdf,5,plt,0.173709
15_9_F_14_2010_09_14.pdf,6,rst logging,0.161677
15_9_F_14_2010_09_14.pdf,7,flowing passes,0.156197
15_9_F_14_2010_09_14.pdf,8,rst,0.152003
15_9_F_14_2010_09_14.pdf,9,back rate,0.151675
15_9_F_14_2010_09_14.pdf,10,tractor rih,0.148984
15_9_F_14_2010_09_14.pdf,11,tractored down,0.147851
15_9_F_14_2010_09_14.pdf,12,plt rst,0.147851
15_9_F_14_2010_09_14.pdf,13,stabilized,0.147225
15_9_F_14_2010_09_14.pdf,14,stationary readings,0.144539
15_9_F_14_2010_09_14.pdf,15,tractored,0.139004
15_9_F_14_2010_09_15.pdf,1,rst,0.278616
15_9_F_14_2010_09_15.pdf,2,rst mode,0.26259
15_9_F_14_2010_09_15.pdf,3,mode min,0.253603
15_9_F_14_2010_09_15.pdf,4,mode,0.214933
15_9_F_14_2010_09_15.pdf,5,flowing passes,0.179939
15_9_F_14_2010_09_15.pdf,6,started tractor,0.17473
15_9_F_14_2010_09_15.pdf,7,rih powered,0.17473
15_9_F_14_2010_09_15.pdf,8,rst logging,0.170325
15_9_F_14_2010_09_15.pdf,9,tractored down,0.170325
15_9_F_14_2010_09_15.pdf,10,continued logging,0.166509
15_9_F_14_2010_09_15.pdf,11,stationary readings,0.166509
15_9_F_14_2010_09_15.pdf,12,pwv,0.160133
15_9_F_14_2010_09_15.pdf,13,tractored,0.160133
15_9_F_14_2010_09_15.pdf,14,took stationary,0.15741
15_9_F_14_2010_09_15.pdf,15,siwhp bar,0.15741
15_9_F_14_2010_09_16.pdf,1,rst mode,0.381325
15_9_F_14_2010_09_16.pdf,2,mode min,0.368276
15_9_F_14_2010_09_16.pdf,3,rst,0.345836
15_9_F_14_2010_09_16.pdf,4,started tractor,0.268824
15_9_F_14_2010_09_16.pdf,5,continued logging,0.256177
15_9_F_14_2010_09_16.pdf,6,mode,0.252829
15_9_F_14_2010_09_16.pdf,7,tractor rih,0.225705
15_9_F_14_2010_09_16.pdf,8,rih powered,0.216885
15_9_F_14_2010_09_16.pdf,9,logged,0.186537
15_9_F_14_2010_09_16.pdf,10,min continued,0.182097
15_9_F_14_2010_09_16.pdf,11,powered,0.17792
15_9_F_14_2010_09_16.pdf,12,tractor,0.177409
15_9_F_14_2010_09_16.pdf,13,logging,0.168132
15_9_F_14_2010_09_16.pdf,14,source,0.161005
15_9_F_14_2010_09_16.pdf,15,rst logging,0.124867
15_9_F_14_2010_09_17.pdf,1,tractor activated,0.241489
15_9_F_14_2010_09_17.pdf,2,rih tractor,0.234498
15_9_F_14_2010_09_17.pdf,3,logging pass,0.221294
15_9_F_14_2010_09_17.pdf,4,plt logging,0.204514
15_9_F_14_2010_09_17.pdf,5,rst,0.200388
15_9_F_14_2010_09_17.pdf,6,plt,0.184959
15_9_F_14_2010_09_17.pdf,7,activated,0.178267
15_9_F_14_2010_09_17.pdf,8,min rih,0.175603
15_9_F_14_2010_09_17.pdf,9,speed min,0.168525
15_9_F_14_2010_09_17.pdf,10,waited plug,0.158891
15_9_F_14_2010_09_17.pdf,11,tractor,0.154755
15_9_F_14_2010_09_17.pdf,12,stationary readings,0.142
15_9_F_14_2010_09_17.pdf,13,pass,0.140317
15_9_F_14_2010_09_17.pdf,14,took stationary,0.13424
15_9_F_14_2010_09_17.pdf,15,stationary,0.128363
15_9_F_14_2010_09_18.pdf,1,waited plug,0.362031
15_9_F_14_2010_09_18.pdf,2,plug equipment,0.331072
15_9_F_14_2010_09_18.pdf,3,shore,0.295878
15_9_F_14_2010_09_18.pdf,4,produced,0.295878
15_9_F_14_2010_09_18.pdf,5,cable,0.221709
15_9_F_14_2010_09_18.pdf,6,meeting regarding,0.209934
15_9_F_14_2010_09_18.pdf,7,equipment waited,0.209934
15_9_F_14_2010_09_18.pdf,8,preparations,0.201895
15_9_F_14_2010_09_18.pdf,9,equipment rigged,0.198462
15_9_F_14_2010_09_18.pdf,10,sja,0.187288
15_9_F_14_2010_09_18.pdf,11,regarding,0.187288
15_9_F_14_2010_09_18.pdf,12,wireline equipment,0.184963
15_9_F_14_2010_09_18.pdf,13,waited,0.175551
15_9_F_14_2010_09_18.pdf,14,grease,0.161135
15_9_F_14_2010_09_18.pdf,15,equipment,0.159152
15_9_F_14_2010_09_19.pdf,1,plug equipment,0.26448
15_9_F_14_2010_09_19.pdf,2,waited plug,0.224113
15_9_F_14_2010_09_19.pdf,3,produced,0.183162
15_9_F_14_2010_09_19.pdf,4,shore,0.183162
15_9_F_14_2010_09_19.pdf,5,regarding,0.163404
15_9_F_14_2010_09_19.pdf,6,litres,0.154361
15_9_F_14_2010_09_19.pdf,7,evo plug,0.152278
15_9_F_14_2010_09_19.pdf,8,evo,0.149873
15_9_F_14_2010_09_19.pdf,9,meeting personnel,0.132937
15_9_F_14_2010_09_19.pdf,10,dhsv,0.131018
15_9_F_14_2010_09_19.pdf,11,meeting regarding,0.129959
15_9_F_14_2010_09_19.pdf,12,received,0.129959
15_9_F_14_2010_09_19.pdf,13,involved,0.128872
15_9_F_14_2010_09_19.pdf,14,basket,0.127332
15_9_F_14_2010_09_19.pdf,15,personnel,0.126196
15_9_F_14_2010_09_20.pdf,1,evo plug,0.193105
15_9_F_14_2010_09_20.pdf,2,evo,0.190055
15_9_F_14_2010_09_20.pdf,3,siwhp bar,0.144127
15_9_F_14_2010_09_20.pdf,4,siwhp,0.139756
15_9_F_14_2010_09_20.pdf,5,tested hmv,0.134116
15_9_F_14_2010_09_20.pdf,6,tubing hanger,0.131242
15_9_F_14_2010_09_20.pdf,7,tractor,0.130341
15_9_F_14_2010_09_20.pdf,8,dhsv,0.124894
15_9_F_14_2010_09_20.pdf,9,baker,0.122648
15_9_F_14_2010_09_20.pdf,10,mdrkb,0.113514
15_9_F_14_2010_09_20.pdf,11,top plug,0.112996
15_9_F_14_2010_09_20.pdf,12,meg,0.112391
15_9_F_14_2010_09_20.pdf,13,pressure above,0.111873
15_9_F_14_2010_09_20.pdf,14,bha pooh,0.110803
15_9_F_14_2010_09_20.pdf,15,onto hts,0.110653
15_9_F_14_2010_09_21.pdf,1,mas,0.193887
15_9_F_14_2010_09_21.pdf,2,mas tree,0.193887
15_9_F_14_2010_09_21.pdf,3,tested mas,0.183963
15_9_F_14_2010_09_21.pdf,4,min leak,0.183963
15_9_F_14_2010_09_21.pdf,5,above dhsv,0.165024
15_9_F_14_2010_09_21.pdf,6,top cap,0.16311
15_9_F_14_2010_09_21.pdf,7,pressure above,0.159953
15_9_F_14_2010_09_21.pdf,8,cross bar,0.154456
15_9_F_14_2010_09_21.pdf,9,tree,0.150256
15_9_F_14_2010_09_21.pdf,10,dhsv closed,0.14827
15_9_F_14_2010_09_21.pdf,11,cap,0.144899
15_9_F_14_2010_09_21.pdf,12,cross,0.138714
15_9_F_14_2010_09_21.pdf,13,kwv,0.136565
15_9_F_14_2010_09_21.pdf,14,dhsv,0.132324
15_9_F_14_2010_09_21.pdf,15,leak tested,0.129261
15_9_F_14_2012_01_28.pdf,1,spotted equipment,0.324774
15_9_F_14_2012_01_28.pdf,2,spotted,0.229784
15_9_F_14_2012_01_28.pdf,3,testing bop,0.222948
15_9_F_14_2012_01_28.pdf,4,hooked,0.197326
15_9_F_14_2012_01_28.pdf,5,welltec,0.192004
15_9_F_14_2012_01_28.pdf,6,cables,0.192004
15_9_F_14_2012_01_28.pdf,7,received,0.187703
15_9_F_14_2012_01_28.pdf,8,container,0.187703
15_9_F_14_2012_01_28.pdf,9,bop held,0.187703
15_9_F_14_2012_01_28.pdf,10,work,0.183982
15_9_F_14_2012_01_28.pdf,11,meanwhile pulled,0.183909
15_9_F_14_2012_01_28.pdf,12,brief,0.183909
15_9_F_14_2012_01_28.pdf,13,area,0.174822
15_9_F_14_2012_01_28.pdf,14,power,0.174613
15_9_F_14_2012_01_28.pdf,15,held prejob,0.169677
15_9_F_14_2012_01_29.pdf,1,welltec,0.203079
15_9_F_14_2012_01_29.pdf,2,cables,0.173584
15_9_F_14_2012_01_29.pdf,3,platform,0.167313
15_9_F_14_2012_01_29.pdf,4,winch,0.162551
15_9_F_14_2012_01_29.pdf,5,main deck,0.160422
15_9_F_14_2012_01_29.pdf,6,riser lubricator,0.158374
15_9_F_14_2012_01_29.pdf,7,chain,0.158374
15_9_F_14_2012_01_29.pdf,8,gih,0.149511
15_9_F_14_2012_01_29.pdf,9,drum,0.146081
15_9_F_14_2012_01_29.pdf,10,cable,0.140261
15_9_F_14_2012_01_29.pdf,11,built,0.137487
15_9_F_14_2012_01_29.pdf,12,main,0.130251
15_9_F_14_2012_01_29.pdf,13,moonpool area,0.123163
15_9_F_14_2012_01_29.pdf,14,completed,0.120946
15_9_F_14_2012_01_29.pdf,15,electrician,0.120404
15_9_F_14_2012_01_30.pdf,1,ev0 plug,0.173848
15_9_F_14_2012_01_30.pdf,2,ev0,0.173848
15_9_F_14_2012_01_30.pdf,3,chemical,0.142615
15_9_F_14_2012_01_30.pdf,4,took over,0.140118
15_9_F_14_2012_01_30.pdf,5,dhsv opened,0.137735
15_9_F_14_2012_01_30.pdf,6,bha tested,0.137735
15_9_F_14_2012_01_30.pdf,7,opened rih,0.133558
15_9_F_14_2012_01_30.pdf,8,installed bha,0.12998
15_9_F_14_2012_01_30.pdf,9,lubricator,0.127316
15_9_F_14_2012_01_30.pdf,10,xmt cap,0.12335
15_9_F_14_2012_01_30.pdf,11,leak tested,0.122154
15_9_F_14_2012_01_30.pdf,12,meg,0.12213
15_9_F_14_2012_01_30.pdf,13,handover,0.120633
15_9_F_14_2012_01_30.pdf,14,handover meanwhile,0.120241
15_9_F_14_2012_01_30.pdf,15,riser connected,0.120241
15_9_F_14_2012_01_31.pdf,1,plug setting,0.178758
15_9_F_14_2012_01_31.pdf,2,ev0,0.163647
15_9_F_14_2012_01_31.pdf,3,ev0 plug,0.163647
15_9_F_14_2012_01_31.pdf,4,flowed,0.147425
15_9_F_14_2012_01_31.pdf,5,backload,0.147425
15_9_F_14_2012_01_31.pdf,6,production department,0.139125
15_9_F_14_2012_01_31.pdf,7,department,0.135776
15_9_F_14_2012_01_31.pdf,8,packed,0.13387
15_9_F_14_2012_01_31.pdf,9,ccl,0.123395
15_9_F_14_2012_01_31.pdf,10,tkv,0.119574
15_9_F_14_2012_01_31.pdf,11,verify,0.118848
15_9_F_14_2012_01_31.pdf,12,xmt cap,0.116112
15_9_F_14_2012_01_31.pdf,13,deviation,0.116112
15_9_F_14_2012_01_31.pdf,14,started tractor,0.116112
15_9_F_14_2012_01_31.pdf,15,min leak,0.116112
15_9_F_14_2012_02_01.pdf,1,end operation,0.346897
15_9_F_14_2012_02_01.pdf,2,backload,0.334705
15_9_F_14_2012_02_01.pdf,3,prepared equipment,0.320052
15_9_F_14_2012_02_01.pdf,4,cleaned tidied,0.271754
15_9_F_14_2012_02_01.pdf,5,tidied,0.246469
15_9_F_14_2012_02_01.pdf,6,end,0.23917
15_9_F_14_2012_02_01.pdf,7,work,0.21047
15_9_F_14_2012_02_01.pdf,8,area,0.199992
15_9_F_14_2012_02_01.pdf,9,evo plug,0.197682
15_9_F_14_2012_02_01.pdf,10,operation,0.194805
15_9_F_14_2012_02_01.pdf,11,evo,0.19456
15_9_F_14_2012_02_01.pdf,12,pooh closed,0.191687
15_9_F_14_2012_02_01.pdf,13,set plug,0.17807
15_9_F_14_2012_02_01.pdf,14,handed,0.174478
15_9_F_14_2012_02_01.pdf,15,packed,0.164155
15_9_F_14_2016_07_31.pdf,1,cement spool,0.19329
15_9_F_14_2016_07_31.pdf,2,bullheading,0.175418
15_9_F_14_2016_07_31.pdf,3,spool,0.148341
15_9_F_14_2016_07_31.pdf,4,performed tbt,0.125062
15_9_F_14_2016_07_31.pdf,5,rapidly,0.110986
15_9_F_14_2016_07_31.pdf,6,wash pill,0.107085
15_9_F_14_2016_07_31.pdf,7,confirmed line,0.107085
15_9_F_14_2016_07_31.pdf,8,hatch,0.105954
15_9_F_14_2016_07_31.pdf,9,dhsv,0.105619
15_9_F_14_2016_07_31.pdf,10,tbt,0.103017
15_9_F_14_2016_07_31.pdf,11,dhsv control,0.102397
15_9_F_14_2016_07_31.pdf,12,scaffolding around,0.098623
15_9_F_14_2016_07_31.pdf,13,stabilized,0.098623
15_9_F_14_2016_07_31.pdf,14,skidding,0.095921
15_9_F_14_2016_07_31.pdf,15,access,0.094515
15_9_F_14_2016_08_01.pdf,1,performed new,0.139933
15_9_F_14_2016_08_01.pdf,2,control room,0.139933
15_9_F_14_2016_08_01.pdf,3,monitored pressure,0.139053
15_9_F_14_2016_08_01.pdf,4,test cement,0.136243
15_9_F_14_2016_08_01.pdf,5,bar bar,0.136033
15_9_F_14_2016_08_01.pdf,6,closed drain,0.134836
15_9_F_14_2016_08_01.pdf,7,inflow test,0.129773
15_9_F_14_2016_08_01.pdf,8,cross bar,0.129595
15_9_F_14_2016_08_01.pdf,9,increased bar,0.125257
15_9_F_14_2016_08_01.pdf,10,cross,0.124821
15_9_F_14_2016_08_01.pdf,11,drain,0.122731
15_9_F_14_2016_08_01.pdf,12,dhsv control,0.120544
15_9_F_14_2016_08_01.pdf,13,woc,0.118587
15_9_F_14_2016_08_01.pdf,14,pressure increased,0.11833
15_9_F_14_2016_08_01.pdf,15,bar performed,0.117488
15_9_F_14_2016_08_02.pdf,1,cement spool,0.151779
15_9_F_14_2016_08_02.pdf,2,lifting arrangement,0.142341
15_9_F_14_2016_08_02.pdf,3,spool,0.137651
15_9_F_14_2016_08_02.pdf,4,arrangement,0.132903
15_9_F_14_2016_08_02.pdf,5,bpv plug,0.132903
15_9_F_14_2016_08_02.pdf,6,bpv,0.116768
15_9_F_14_2016_08_02.pdf,7,spacer spool,0.114942
15_9_F_14_2016_08_02.pdf,8,test stump,0.114416
15_9_F_14_2016_08_02.pdf,9,split hatch,0.11359
15_9_F_14_2016_08_02.pdf,10,lifting,0.112179
15_9_F_14_2016_08_02.pdf,11,arrangement tds,0.110302
15_9_F_14_2016_08_02.pdf,12,center,0.109707
15_9_F_14_2016_08_02.pdf,13,moonpool,0.10934
15_9_F_14_2016_08_02.pdf,14,performed tbt,0.108208
15_9_F_14_2016_08_02.pdf,15,communication collar,0.105365
15_9_F_14_2016_08_03.pdf,1,bpv,0.151848
15_9_F_14_2016_08_03.pdf,2,bpv plug,0.141076
15_9_F_14_2016_08_03.pdf,3,retrieval tool,0.133967
15_9_F_14_2016_08_03.pdf,4,performed tbt,0.129986
15_9_F_14_2016_08_03.pdf,5,dart,0.127903
15_9_F_14_2016_08_03.pdf,6,retrieval,0.125361
15_9_F_14_2016_08_03.pdf,7,thrt,0.124514
15_9_F_14_2016_08_03.pdf,8,kill manifold,0.12201
15_9_F_14_2016_08_03.pdf,9,connector test,0.119544
15_9_F_14_2016_08_03.pdf,10,tbt pressure,0.111576
15_9_F_14_2016_08_03.pdf,11,swedge,0.111158
15_9_F_14_2016_08_03.pdf,12,tbt,0.107073
15_9_F_14_2016_08_03.pdf,13,flx,0.10228
15_9_F_14_2016_08_03.pdf,14,fittings,0.09954
15_9_F_14_2016_08_03.pdf,15,cement hose,0.091844
15_9_F_14_2016_08_04.pdf,1,asv,0.155685
15_9_F_14_2016_08_04.pdf,2,pressured annulus,0.142145
15_9_F_14_2016_08_04.pdf,3,asv control,0.13614
15_9_F_14_2016_08_04.pdf,4,pumped bar,0.128866
15_9_F_14_2016_08_04.pdf,5,opening,0.120986
15_9_F_14_2016_08_04.pdf,6,control line,0.116992
15_9_F_14_2016_08_04.pdf,7,pressure through,0.112999
15_9_F_14_2016_08_04.pdf,8,cutter,0.11279
15_9_F_14_2016_08_04.pdf,9,mmd,0.112033
15_9_F_14_2016_08_04.pdf,10,torque valve,0.110994
15_9_F_14_2016_08_04.pdf,11,pumped ltrs,0.110994
15_9_F_14_2016_08_04.pdf,12,performed tbt,0.110854
15_9_F_14_2016_08_04.pdf,13,valve pressure,0.11015
15_9_F_14_2016_08_04.pdf,14,annulus,0.109105
15_9_F_14_2016_08_04.pdf,15,annulus bar,0.108448
15_9_F_14_2016_08_05.pdf,1,cutter bha,0.179577
15_9_F_14_2016_08_05.pdf,2,cutter,0.164484
15_9_F_14_2016_08_05.pdf,3,bha avg,0.158318
15_9_F_14_2016_08_05.pdf,4,avg tripping,0.154391
15_9_F_14_2016_08_05.pdf,5,mmd,0.151392
15_9_F_14_2016_08_05.pdf,6,avg,0.149709
15_9_F_14_2016_08_05.pdf,7,flx,0.141876
15_9_F_14_2016_08_05.pdf,8,rih cutter,0.136427
15_9_F_14_2016_08_05.pdf,9,inserts elevator,0.121729
15_9_F_14_2016_08_05.pdf,10,tripping speed,0.11576
15_9_F_14_2016_08_05.pdf,11,pooh wet,0.11419
15_9_F_14_2016_08_05.pdf,12,tripping,0.112064
15_9_F_14_2016_08_05.pdf,13,knives,0.111831
15_9_F_14_2016_08_05.pdf,14,tbt rih,0.111831
15_9_F_14_2016_08_05.pdf,15,bha inspected,0.111831
15_9_F_14_2016_08_06.pdf,1,overtorqued,0.138025
15_9_F_14_2016_08_06.pdf,2,spear bha,0.135825
15_9_F_14_2016_08_06.pdf,3,spear,0.134074
15_9_F_14_2016_08_06.pdf,4,grapple,0.130483
15_9_F_14_2016_08_06.pdf,5,pooh tubing,0.124071
15_9_F_14_2016_08_06.pdf,6,fms slips,0.120683
15_9_F_14_2016_08_06.pdf,7,installed cement,0.120683
15_9_F_14_2016_08_06.pdf,8,double securing,0.120683
15_9_F_14_2016_08_06.pdf,9,asv,0.120035
15_9_F_14_2016_08_06.pdf,10,tubing,0.119033
15_9_F_14_2016_08_06.pdf,11,flx,0.118263
15_9_F_14_2016_08_06.pdf,12,swage,0.117979
15_9_F_14_2016_08_06.pdf,13,swedge,0.117537
15_9_F_14_2016_08_06.pdf,14,tongs,0.106718
15_9_F_14_2016_08_06.pdf,15,securing,0.106649
15_9_F_14_2016_08_07.pdf,1,control line,0.123408
15_9_F_14_2016_08_07.pdf,2,increased min,0.116191
15_9_F_14_2016_08_07.pdf,3,joints hour,0.111292
15_9_F_14_2016_08_07.pdf,4,down min,0.111292
15_9_F_14_2016_08_07.pdf,5,spear,0.111214
15_9_F_14_2016_08_07.pdf,6,fluid,0.108311
15_9_F_14_2016_08_07.pdf,7,cement returns,0.105684
15_9_F_14_2016_08_07.pdf,8,speed joints,0.100077
15_9_F_14_2016_08_07.pdf,9,pooh circulated,0.100077
15_9_F_14_2016_08_07.pdf,10,min continued,0.100077
15_9_F_14_2016_08_07.pdf,11,ps21 slips,0.097781
15_9_F_14_2016_08_07.pdf,12,some,0.097781
15_9_F_14_2016_08_07.pdf,13,tubing,0.097623
15_9_F_14_2016_08_07.pdf,14,tbg,0.096069
15_9_F_14_2016_08_07.pdf,15,btm,0.092508
15_9_F_14_2016_08_08.pdf,1,turns left,0.129976
15_9_F_14_2016_08_08.pdf,2,retrieval tool,0.129695
15_9_F_14_2016_08_08.pdf,3,inspected same,0.122873
15_9_F_14_2016_08_08.pdf,4,retrieval,0.121364
15_9_F_14_2016_08_08.pdf,5,surface tie,0.120534
15_9_F_14_2016_08_08.pdf,6,forward plan,0.105692
15_9_F_14_2016_08_08.pdf,7,chain tongs,0.10072
15_9_F_14_2016_08_08.pdf,8,turns,0.100052
15_9_F_14_2016_08_08.pdf,9,wash tool,0.098684
15_9_F_14_2016_08_08.pdf,10,engage,0.098319
15_9_F_14_2016_08_08.pdf,11,pooh spear,0.096863
15_9_F_14_2016_08_08.pdf,12,outside,0.095216
15_9_F_14_2016_08_08.pdf,13,marks,0.093712
15_9_F_14_2016_08_08.pdf,14,seal,0.092451
15_9_F_14_2016_08_08.pdf,15,retrieving tool,0.092328
15_9_F_14_2016_08_09.pdf,1,torque tool,0.163488
15_9_F_14_2016_08_09.pdf,2,rih torque,0.139895
15_9_F_14_2016_08_09.pdf,3,tieback adapter,0.138787
15_9_F_14_2016_08_09.pdf,4,release tieback,0.1386
15_9_F_14_2016_08_09.pdf,5,tieback,0.130207
15_9_F_14_2016_08_09.pdf,6,pooh checked,0.127283
15_9_F_14_2016_08_09.pdf,7,adapter,0.126656
15_9_F_14_2016_08_09.pdf,8,rotated turns,0.122485
15_9_F_14_2016_08_09.pdf,9,every connection,0.119741
15_9_F_14_2016_08_09.pdf,10,broken,0.111198
15_9_F_14_2016_08_09.pdf,11,cutter,0.110298
15_9_F_14_2016_08_09.pdf,12,discovered,0.109764
15_9_F_14_2016_08_09.pdf,13,rig tongs,0.108242
15_9_F_14_2016_08_09.pdf,14,string torque,0.107403
15_9_F_14_2016_08_09.pdf,15,attempted release,0.105805
15_9_F_14_2016_08_10.pdf,1,cutter assy,0.124102
15_9_F_14_2016_08_10.pdf,2,tieback adapter,0.12304
15_9_F_14_2016_08_10.pdf,3,fish,0.12134
15_9_F_14_2016_08_10.pdf,4,subsea csg,0.12077
15_9_F_14_2016_08_10.pdf,5,tieback,0.120727
15_9_F_14_2016_08_10.pdf,6,taper,0.117471
15_9_F_14_2016_08_10.pdf,7,adapter,0.115043
15_9_F_14_2016_08_10.pdf,8,gun,0.114366
15_9_F_14_2016_08_10.pdf,9,mill,0.11137
15_9_F_14_2016_08_10.pdf,10,opened choke,0.108564
15_9_F_14_2016_08_10.pdf,11,csg hanger,0.104781
15_9_F_14_2016_08_10.pdf,12,h2s,0.103811
15_9_F_14_2016_08_10.pdf,13,broke off,0.100993
15_9_F_14_2016_08_10.pdf,14,shot,0.100993
15_9_F_14_2016_08_10.pdf,15,bha broke,0.097793
15_9_F_14_2016_08_11.pdf,1,through hanger,0.157228
15_9_F_14_2016_08_11.pdf,2,fish,0.142516
15_9_F_14_2016_08_11.pdf,3,spear,0.140372
15_9_F_14_2016_08_11.pdf,4,fish spear,0.116379
15_9_F_14_2016_08_11.pdf,5,casing fish,0.109718
15_9_F_14_2016_08_11.pdf,6,spear surface,0.109718
15_9_F_14_2016_08_11.pdf,7,pooh milling,0.106541
15_9_F_14_2016_08_11.pdf,8,cutting assembly,0.106541
15_9_F_14_2016_08_11.pdf,9,success,0.105401
15_9_F_14_2016_08_11.pdf,10,milling,0.104651
15_9_F_14_2016_08_11.pdf,11,without rotation,0.103855
15_9_F_14_2016_08_11.pdf,12,hanger area,0.103855
15_9_F_14_2016_08_11.pdf,13,inside csg,0.10225
15_9_F_14_2016_08_11.pdf,14,milled,0.099477
15_9_F_14_2016_08_11.pdf,15,attempted pull,0.099046
15_9_F_14_2016_08_12.pdf,1,grapple,0.16741
15_9_F_14_2016_08_12.pdf,2,spear,0.161423
15_9_F_14_2016_08_12.pdf,3,fish,0.16115
15_9_F_14_2016_08_12.pdf,4,csg fish,0.154919
15_9_F_14_2016_08_12.pdf,5,fish spear,0.133109
15_9_F_14_2016_08_12.pdf,6,taper mill,0.12549
15_9_F_14_2016_08_12.pdf,7,spear assy,0.122809
15_9_F_14_2016_08_12.pdf,8,free pooh,0.121857
15_9_F_14_2016_08_12.pdf,9,taper,0.118785
15_9_F_14_2016_08_12.pdf,10,released spear,0.11695
15_9_F_14_2016_08_12.pdf,11,spear assembly,0.113777
15_9_F_14_2016_08_12.pdf,12,pooh cutter,0.113777
15_9_F_14_2016_08_12.pdf,13,cutter,0.113413
15_9_F_14_2016_08_12.pdf,14,spear fish,0.111677
15_9_F_14_2016_08_12.pdf,15,hook load,0.108044
15_9_F_14_2016_08_13.pdf,1,ezsv,0.130005
15_9_F_14_2016_08_13.pdf,2,ezsv running,0.119802
15_9_F_14_2016_08_13.pdf,3,tbt bha,0.119802
15_9_F_14_2016_08_13.pdf,4,cutting bha,0.116782
15_9_F_14_2016_08_13.pdf,5,knives,0.114166
15_9_F_14_2016_08_13.pdf,6,spear assembly,0.111858
15_9_F_14_2016_08_13.pdf,7,checked trip,0.111858
15_9_F_14_2016_08_13.pdf,8,average pulling,0.111444
15_9_F_14_2016_08_13.pdf,9,combined,0.1085
15_9_F_14_2016_08_13.pdf,10,pulling speed,0.103269
15_9_F_14_2016_08_13.pdf,11,totally,0.103202
15_9_F_14_2016_08_13.pdf,12,speed joints,0.100586
15_9_F_14_2016_08_13.pdf,13,cutting,0.097255
15_9_F_14_2016_08_13.pdf,14,cut csg,0.093416
15_9_F_14_2016_08_13.pdf,15,joints,0.091488
15_9_F_14_2016_08_14.pdf,1,loss rate,0.154664
15_9_F_14_2016_08_14.pdf,2,rtts,0.147474
15_9_F_14_2016_08_14.pdf,3,lcm,0.142875
15_9_F_14_2016_08_14.pdf,4,mixing,0.136054
15_9_F_14_2016_08_14.pdf,5,lcm pill,0.134413
15_9_F_14_2016_08_14.pdf,6,rtts packer,0.124823
15_9_F_14_2016_08_14.pdf,7,released rtts,0.124053
15_9_F_14_2016_08_14.pdf,8,room,0.121594
15_9_F_14_2016_08_14.pdf,9,above rtts,0.116953
15_9_F_14_2016_08_14.pdf,10,loss,0.114236
15_9_F_14_2016_08_14.pdf,11,rih stands,0.110704
15_9_F_14_2016_08_14.pdf,12,set rtts,0.108484
15_9_F_14_2016_08_14.pdf,13,cement pressure,0.106036
15_9_F_14_2016_08_14.pdf,14,bleeding off,0.106036
15_9_F_14_2016_08_14.pdf,15,opened bop,0.10408
15_9_F_14_2016_08_15.pdf,1,pull diverter,0.189049
15_9_F_14_2016_08_15.pdf,2,loosened,0.169007
15_9_F_14_2016_08_15.pdf,3,rtts,0.137125
15_9_F_14_2016_08_15.pdf,4,diverter,0.133787
15_9_F_14_2016_08_15.pdf,5,attempted pull,0.126488
15_9_F_14_2016_08_15.pdf,6,max overpull,0.126488
15_9_F_14_2016_08_15.pdf,7,slick joint,0.123443
15_9_F_14_2016_08_15.pdf,8,meeting pull,0.118741
15_9_F_14_2016_08_15.pdf,9,pulled diverter,0.118741
15_9_F_14_2016_08_15.pdf,10,reporting,0.118741
15_9_F_14_2016_08_15.pdf,11,dogs,0.118741
15_9_F_14_2016_08_15.pdf,12,same removed,0.11655
15_9_F_14_2016_08_15.pdf,13,lifted bop,0.114568
15_9_F_14_2016_08_15.pdf,14,rtts packer,0.114082
15_9_F_14_2016_08_15.pdf,15,slick,0.111302
15_9_F_14_2016_09_12.pdf,1,riser meanwhile,0.20702
15_9_F_14_2016_09_12.pdf,2,riser connector,0.169492
15_9_F_14_2016_09_12.pdf,3,bushing outer,0.169492
15_9_F_14_2016_09_12.pdf,4,skidding,0.161581
15_9_F_14_2016_09_12.pdf,5,center,0.154328
15_9_F_14_2016_09_12.pdf,6,skidded rig,0.150613
15_9_F_14_2016_09_12.pdf,7,scaffolding around,0.150613
15_9_F_14_2016_09_12.pdf,8,outer ring,0.148916
15_9_F_14_2016_09_12.pdf,9,outer,0.139164
15_9_F_14_2016_09_12.pdf,10,performed tbt,0.137999
15_9_F_14_2016_09_12.pdf,11,skidded,0.137742
15_9_F_14_2016_09_12.pdf,12,riser lifting,0.137341
15_9_F_14_2016_09_12.pdf,13,between riser,0.1288
15_9_F_14_2016_09_12.pdf,14,stairs,0.1288
15_9_F_14_2016_09_12.pdf,15,tension cylinders,0.125963
15_9_F_14_2016_09_13.pdf,1,ezsv plug,0.142829
15_9_F_14_2016_09_13.pdf,2,rtts packer,0.137999
15_9_F_14_2016_09_13.pdf,3,preventer,0.137344
15_9_F_14_2016_09_13.pdf,4,annular preventer,0.137344
15_9_F_14_2016_09_13.pdf,5,rtts,0.131684
15_9_F_14_2016_09_13.pdf,6,ezsv,0.125591
15_9_F_14_2016_09_13.pdf,7,min std,0.124513
15_9_F_14_2016_09_13.pdf,8,rih ezsv,0.117503
15_9_F_14_2016_09_13.pdf,9,brine,0.11713
15_9_F_14_2016_09_13.pdf,10,restricted,0.113382
15_9_F_14_2016_09_13.pdf,11,opened annular,0.112582
15_9_F_14_2016_09_13.pdf,12,connector test,0.110306
15_9_F_14_2016_09_13.pdf,13,bop connector,0.110306
15_9_F_14_2016_09_13.pdf,14,bar lpm,0.109898
15_9_F_14_2016_09_13.pdf,15,equipment handling,0.104748
15_9_F_14_2016_09_14.pdf,1,woc meanwhile,0.240682
15_9_F_14_2016_09_14.pdf,2,magnet,0.209738
15_9_F_14_2016_09_14.pdf,3,woc,0.208628
15_9_F_14_2016_09_14.pdf,4,piece,0.156643
15_9_F_14_2016_09_14.pdf,5,ezsv plug,0.151893
15_9_F_14_2016_09_14.pdf,6,ezsv,0.149732
15_9_F_14_2016_09_14.pdf,7,meanwhile pooh,0.140848
15_9_F_14_2016_09_14.pdf,8,min std,0.126887
15_9_F_14_2016_09_14.pdf,9,serviced equipment,0.11686
15_9_F_14_2016_09_14.pdf,10,centralizer,0.115661
15_9_F_14_2016_09_14.pdf,11,restricted,0.115543
15_9_F_14_2016_09_14.pdf,12,meanwhile serviced,0.114298
15_9_F_14_2016_09_14.pdf,13,installed slips,0.108917
15_9_F_14_2016_09_14.pdf,14,performed tbt,0.107073
15_9_F_14_2016_09_14.pdf,15,meanwhile removed,0.107073
15_9_F_14_2016_09_15.pdf,1,ezsv plug,0.14919
15_9_F_14_2016_09_15.pdf,2,ezsv,0.139557
15_9_F_14_2016_09_15.pdf,3,cutter bha,0.124045
15_9_F_14_2016_09_15.pdf,4,injection test,0.121651
15_9_F_14_2016_09_15.pdf,5,restricted,0.11436
15_9_F_14_2016_09_15.pdf,6,cutter,0.11378
15_9_F_14_2016_09_15.pdf,7,bha avg,0.105304
15_9_F_14_2016_09_15.pdf,8,stung ezsv,0.102945
15_9_F_14_2016_09_15.pdf,9,bar stopped,0.099003
15_9_F_14_2016_09_15.pdf,10,static losses,0.097319
15_9_F_14_2016_09_15.pdf,11,min std,0.097319
15_9_F_14_2016_09_15.pdf,12,rih cutter,0.097319
15_9_F_14_2016_09_15.pdf,13,filled trip,0.097319
15_9_F_14_2016_09_15.pdf,14,pressure below,0.095782
15_9_F_14_2016_09_15.pdf,15,observed pressure,0.095594
15_9_F_14_2016_09_16.pdf,1,continued installing,0.595713
15_9_F_14_2016_09_16.pdf,2,installing,0.450849
15_9_F_14_2016_09_16.pdf,3,end,0.402415
15_9_F_14_2016_09_16.pdf,4,hatch,0.381551
15_9_F_14_2016_09_16.pdf,5,skid,0.266279
15_9_F_14_2016_09_16.pdf,6,continued,0.17036
15_9_F_14_2016_09_16.pdf,7,prepared,0.148011
15_9_F_14_2016_09_16.pdf,8,rig,0.111838
15_9_F_14_2016_10_19.pdf,1,multibowl,0.199831
15_9_F_14_2016_10_19.pdf,2,tensioner joint,0.144511
15_9_F_14_2016_10_19.pdf,3,performed tbt,0.13487
15_9_F_14_2016_10_19.pdf,4,weight tds,0.130002
15_9_F_14_2016_10_19.pdf,5,inner string,0.128922
15_9_F_14_2016_10_19.pdf,6,cutter bha,0.125819
15_9_F_14_2016_10_19.pdf,7,shifted,0.122223
15_9_F_14_2016_10_19.pdf,8,nt2 connector,0.121788
15_9_F_14_2016_10_19.pdf,9,collision stool,0.121788
15_9_F_14_2016_10_19.pdf,10,boat collision,0.120578
15_9_F_14_2016_10_19.pdf,11,production riser,0.120144
15_9_F_14_2016_10_19.pdf,12,stool,0.118322
15_9_F_14_2016_10_19.pdf,13,nt2,0.118322
15_9_F_14_2016_10_19.pdf,14,covers,0.116501
15_9_F_14_2016_10_19.pdf,15,collision,0.115282
15_9_F_14_2016_10_20.pdf,1,cutting machine,0.199
15_9_F_14_2016_10_20.pdf,2,riser lift,0.183357
15_9_F_14_2016_10_20.pdf,3,onto elevator,0.178048
15_9_F_14_2016_10_20.pdf,4,machine,0.17586
15_9_F_14_2016_10_20.pdf,5,machine cut,0.168733
15_9_F_14_2016_10_20.pdf,6,joint lift,0.168733
15_9_F_14_2016_10_20.pdf,7,cut riser,0.166242
15_9_F_14_2016_10_20.pdf,8,lift pulled,0.162023
15_9_F_14_2016_10_20.pdf,9,pulled riser,0.161492
15_9_F_14_2016_10_20.pdf,10,elevator cutting,0.157332
15_9_F_14_2016_10_20.pdf,11,riser onto,0.149931
15_9_F_14_2016_10_20.pdf,12,machine riser,0.146887
15_9_F_14_2016_10_20.pdf,13,lift cleaned,0.146887
15_9_F_14_2016_10_20.pdf,14,riser joint,0.145353
15_9_F_14_2016_10_20.pdf,15,riser cutting,0.142634
15_9_F_15_2007_11_19.pdf,1,skidded cantilever,0.468814
15_9_F_15_2007_11_19.pdf,2,skidded,0.372397
15_9_F_15_2007_11_19.pdf,3,cantilever,0.323605
15_9_F_15_2007_11_19.pdf,4,cantilever skidded,0.29595
15_9_F_15_2007_11_19.pdf,5,bha through,0.290489
15_9_F_15_2007_11_19.pdf,6,wash down,0.269472
15_9_F_15_2007_11_19.pdf,7,down bha,0.269472
15_9_F_15_2007_11_19.pdf,8,made bha,0.245109
15_9_F_15_2007_11_19.pdf,9,template,0.198485
15_9_F_15_2007_11_19.pdf,10,wash,0.169103
15_9_F_15_2007_11_19.pdf,11,bha,0.162359
15_9_F_15_2007_11_19.pdf,12,attempted,0.127514
15_9_F_15_2007_11_19.pdf,13,through,0.124687
15_9_F_15_2007_11_19.pdf,14,drilled,0.119269
15_9_F_15_2007_11_19.pdf,15,made,0.110041
15_9_F_15_2007_11_20.pdf,1,survey inc,0.265125
15_9_F_15_2007_11_20.pdf,2,inc,0.232129
15_9_F_15_2007_11_20.pdf,3,max rate,0.16081
15_9_F_15_2007_11_20.pdf,4,drilled parameters,0.143871
15_9_F_15_2007_11_20.pdf,5,rpm torque,0.124552
15_9_F_15_2007_11_20.pdf,6,survey,0.119264
15_9_F_15_2007_11_20.pdf,7,conductor,0.118648
15_9_F_15_2007_11_20.pdf,8,torque knm,0.108038
15_9_F_15_2007_11_20.pdf,9,floor serviced,0.108003
15_9_F_15_2007_11_20.pdf,10,funnel,0.107709
15_9_F_15_2007_11_20.pdf,11,template,0.106928
15_9_F_15_2007_11_20.pdf,12,picked shoe,0.105584
15_9_F_15_2007_11_20.pdf,13,knm wob,0.104931
15_9_F_15_2007_11_20.pdf,14,mud continued,0.10345
15_9_F_15_2007_11_20.pdf,15,prior make,0.10345
15_9_F_15_2007_11_21.pdf,1,housing,0.148086
15_9_F_15_2007_11_21.pdf,2,ran conductor,0.141734
15_9_F_15_2007_11_21.pdf,3,conductor housing,0.136766
15_9_F_15_2007_11_21.pdf,4,conductor,0.136493
15_9_F_15_2007_11_21.pdf,5,stopped operation,0.132523
15_9_F_15_2007_11_21.pdf,6,inclinometer,0.130987
15_9_F_15_2007_11_21.pdf,7,cart,0.126733
15_9_F_15_2007_11_21.pdf,8,filled conductor,0.124282
15_9_F_15_2007_11_21.pdf,9,inner string,0.123612
15_9_F_15_2007_11_21.pdf,10,tongs made,0.121149
15_9_F_15_2007_11_21.pdf,11,operation due,0.116041
15_9_F_15_2007_11_21.pdf,12,using manual,0.1139
15_9_F_15_2007_11_21.pdf,13,rig tongs,0.107062
15_9_F_15_2007_11_21.pdf,14,inner,0.106351
15_9_F_15_2007_11_21.pdf,15,sea water,0.102144
15_9_F_15_2007_11_22.pdf,1,cart,0.198899
15_9_F_15_2007_11_22.pdf,2,cart tool,0.180662
15_9_F_15_2007_11_22.pdf,3,operation due,0.17701
15_9_F_15_2007_11_22.pdf,4,cement set,0.174667
15_9_F_15_2007_11_22.pdf,5,set meanwhile,0.170789
15_9_F_15_2007_11_22.pdf,6,digiquartz,0.170789
15_9_F_15_2007_11_22.pdf,7,continued waiting,0.168091
15_9_F_15_2007_11_22.pdf,8,inner string,0.161173
15_9_F_15_2007_11_22.pdf,9,dedicated,0.161173
15_9_F_15_2007_11_22.pdf,10,module,0.158878
15_9_F_15_2007_11_22.pdf,11,terminated,0.147921
15_9_F_15_2007_11_22.pdf,12,inner,0.138667
15_9_F_15_2007_11_22.pdf,13,broke racked,0.128185
15_9_F_15_2007_11_22.pdf,14,aluminium inner,0.128185
15_9_F_15_2007_11_22.pdf,15,work,0.125644
15_9_F_15_2007_12_23.pdf,1,skidded cantilever,0.27654
15_9_F_15_2007_12_23.pdf,2,skid cantilever,0.248966
15_9_F_15_2007_12_23.pdf,3,cantilever skidded,0.238469
15_9_F_15_2007_12_23.pdf,4,cantilever,0.237349
15_9_F_15_2007_12_23.pdf,5,skidded,0.219666
15_9_F_15_2007_12_23.pdf,6,floor prepared,0.214438
15_9_F_15_2007_12_23.pdf,7,cleaned cleared,0.19912
15_9_F_15_2007_12_23.pdf,8,changing,0.197503
15_9_F_15_2007_12_23.pdf,9,cleared rig,0.185127
15_9_F_15_2007_12_23.pdf,10,skid,0.184202
15_9_F_15_2007_12_23.pdf,11,two,0.176168
15_9_F_15_2007_12_23.pdf,12,wash,0.168889
15_9_F_15_2007_12_23.pdf,13,stands,0.151618
15_9_F_15_2007_12_23.pdf,14,cleared,0.148567
15_9_F_15_2007_12_23.pdf,15,stands derrick,0.147043
15_9_F_15_2007_12_24.pdf,1,scientific,0.15162
15_9_F_15_2007_12_24.pdf,2,ubho,0.134931
15_9_F_15_2007_12_24.pdf,3,gmwd,0.130542
15_9_F_15_2007_12_24.pdf,4,shoe track,0.12562
15_9_F_15_2007_12_24.pdf,5,rpm bit,0.120779
15_9_F_15_2007_12_24.pdf,6,bit rpm,0.119478
15_9_F_15_2007_12_24.pdf,7,track,0.113103
15_9_F_15_2007_12_24.pdf,8,rpm rop,0.101831
15_9_F_15_2007_12_24.pdf,9,rop average,0.101831
15_9_F_15_2007_12_24.pdf,10,stands derrick,0.101831
15_9_F_15_2007_12_24.pdf,11,prior lay,0.101831
15_9_F_15_2007_12_24.pdf,12,two,0.101554
15_9_F_15_2007_12_24.pdf,13,inspected serviced,0.09955
15_9_F_15_2007_12_24.pdf,14,stabilize,0.09955
15_9_F_15_2007_12_24.pdf,15,picked singles,0.09955
15_9_F_15_2007_12_25.pdf,1,rop average,0.192237
15_9_F_15_2007_12_25.pdf,2,rpm rop,0.192237
15_9_F_15_2007_12_25.pdf,3,vis sweep,0.177661
15_9_F_15_2007_12_25.pdf,4,rop pumped,0.174855
15_9_F_15_2007_12_25.pdf,5,sliding,0.169883
15_9_F_15_2007_12_25.pdf,6,sweep every,0.166931
15_9_F_15_2007_12_25.pdf,7,sweep,0.163622
15_9_F_15_2007_12_25.pdf,8,rpm bit,0.161779
15_9_F_15_2007_12_25.pdf,9,bit rpm,0.160035
15_9_F_15_2007_12_25.pdf,10,mmd mtvd,0.152819
15_9_F_15_2007_12_25.pdf,11,bar wob,0.152501
15_9_F_15_2007_12_25.pdf,12,utsira,0.150109
15_9_F_15_2007_12_25.pdf,13,torque string,0.14563
15_9_F_15_2007_12_25.pdf,14,mtvd,0.14563
15_9_F_15_2007_12_25.pdf,15,average rop,0.145304
15_9_F_15_2007_12_26.pdf,1,rop average,0.203763
15_9_F_15_2007_12_26.pdf,2,rpm rop,0.203763
15_9_F_15_2007_12_26.pdf,3,mmd mtvd,0.189504
15_9_F_15_2007_12_26.pdf,4,rop pumped,0.185338
15_9_F_15_2007_12_26.pdf,5,mtvd,0.180589
15_9_F_15_2007_12_26.pdf,6,every single,0.173674
15_9_F_15_2007_12_26.pdf,7,rpm bit,0.171478
15_9_F_15_2007_12_26.pdf,8,vis sweep,0.17072
15_9_F_15_2007_12_26.pdf,9,knm string,0.17072
15_9_F_15_2007_12_26.pdf,10,bit rpm,0.169629
15_9_F_15_2007_12_26.pdf,11,skade,0.161981
15_9_F_15_2007_12_26.pdf,12,bar wob,0.161644
15_9_F_15_2007_12_26.pdf,13,sweep,0.157229
15_9_F_15_2007_12_26.pdf,14,average rop,0.154016
15_9_F_15_2007_12_26.pdf,15,mmd,0.152193
15_9_F_15_2007_12_27.pdf,1,knm string,0.179262
15_9_F_15_2007_12_27.pdf,2,top utsira,0.177241
15_9_F_15_2007_12_27.pdf,3,lpm bars,0.168623
15_9_F_15_2007_12_27.pdf,4,rpm bit,0.163236
15_9_F_15_2007_12_27.pdf,5,bit rpm,0.161477
15_9_F_15_2007_12_27.pdf,6,utsira,0.156158
15_9_F_15_2007_12_27.pdf,7,bars,0.144727
15_9_F_15_2007_12_27.pdf,8,torque knm,0.139209
15_9_F_15_2007_12_27.pdf,9,weight reamed,0.137086
15_9_F_15_2007_12_27.pdf,10,sea water,0.13066
15_9_F_15_2007_12_27.pdf,11,string rpm,0.130649
15_9_F_15_2007_12_27.pdf,12,reciprocated string,0.126263
15_9_F_15_2007_12_27.pdf,13,mud lpm,0.12532
15_9_F_15_2007_12_27.pdf,14,took weight,0.124706
15_9_F_15_2007_12_27.pdf,15,vis,0.12434
15_9_F_15_2007_12_28.pdf,1,spp bars,0.181768
15_9_F_15_2007_12_28.pdf,2,reciprocated string,0.154467
15_9_F_15_2007_12_28.pdf,3,rig casing,0.153214
15_9_F_15_2007_12_28.pdf,4,lubricated,0.152473
15_9_F_15_2007_12_28.pdf,5,bars,0.15134
15_9_F_15_2007_12_28.pdf,6,lpm bars,0.149054
15_9_F_15_2007_12_28.pdf,7,rpm bit,0.145904
15_9_F_15_2007_12_28.pdf,8,bit rpm,0.144331
15_9_F_15_2007_12_28.pdf,9,casing handling,0.143301
15_9_F_15_2007_12_28.pdf,10,pumped mud,0.138686
15_9_F_15_2007_12_28.pdf,11,mud lpm,0.131046
15_9_F_15_2007_12_28.pdf,12,reciprocated,0.124482
15_9_F_15_2007_12_28.pdf,13,same lpm,0.123014
15_9_F_15_2007_12_28.pdf,14,reamed lpm,0.120258
15_9_F_15_2007_12_28.pdf,15,performed same,0.120258
15_9_F_15_2007_12_29.pdf,1,every jnt,0.237946
15_9_F_15_2007_12_29.pdf,2,jnt,0.202053
15_9_F_15_2007_12_29.pdf,3,rih casing,0.186287
15_9_F_15_2007_12_29.pdf,4,casing filled,0.183606
15_9_F_15_2007_12_29.pdf,5,rigging casing,0.176613
15_9_F_15_2007_12_29.pdf,6,continued rigging,0.176613
15_9_F_15_2007_12_29.pdf,7,filled every,0.162791
15_9_F_15_2007_12_29.pdf,8,hydraulic hose,0.155172
15_9_F_15_2007_12_29.pdf,9,casing handling,0.13937
15_9_F_15_2007_12_29.pdf,10,came,0.132883
15_9_F_15_2007_12_29.pdf,11,rigging,0.132058
15_9_F_15_2007_12_29.pdf,12,prior casing,0.127897
15_9_F_15_2007_12_29.pdf,13,odfjell casing,0.127897
15_9_F_15_2007_12_29.pdf,14,picked shoe,0.127897
15_9_F_15_2007_12_29.pdf,15,circulated mud,0.125312
15_9_F_15_2007_12_30.pdf,1,elevator rigged,0.148168
15_9_F_15_2007_12_30.pdf,2,every jnt,0.140252
15_9_F_15_2007_12_30.pdf,3,performed same,0.13711
15_9_F_15_2007_12_30.pdf,4,lpm bars,0.128655
15_9_F_15_2007_12_30.pdf,5,jnt,0.124495
15_9_F_15_2007_12_30.pdf,6,weight indicator,0.119882
15_9_F_15_2007_12_30.pdf,7,rih casing,0.117253
15_9_F_15_2007_12_30.pdf,8,swage,0.117197
15_9_F_15_2007_12_30.pdf,9,string weight,0.116757
15_9_F_15_2007_12_30.pdf,10,down casing,0.111261
15_9_F_15_2007_12_30.pdf,11,cmt hose,0.110792
15_9_F_15_2007_12_30.pdf,12,bars,0.109275
15_9_F_15_2007_12_30.pdf,13,cart,0.10601
15_9_F_15_2007_12_30.pdf,14,fac tool,0.105942
15_9_F_15_2007_12_30.pdf,15,indicator,0.104554
15_9_F_15_2007_12_31.pdf,1,bars pressure,0.163503
15_9_F_15_2007_12_31.pdf,2,litres,0.161207
15_9_F_15_2007_12_31.pdf,3,string laid,0.157242
15_9_F_15_2007_12_31.pdf,4,laid same,0.139233
15_9_F_15_2007_12_31.pdf,5,cmt head,0.135119
15_9_F_15_2007_12_31.pdf,6,slurry lpm,0.135119
15_9_F_15_2007_12_31.pdf,7,bars,0.129007
15_9_F_15_2007_12_31.pdf,8,cart,0.126417
15_9_F_15_2007_12_31.pdf,9,cmt,0.126312
15_9_F_15_2007_12_31.pdf,10,elevator rigged,0.125367
15_9_F_15_2007_12_31.pdf,11,lpm bars,0.122905
15_9_F_15_2007_12_31.pdf,12,dart,0.122905
15_9_F_15_2007_12_31.pdf,13,ret,0.121737
15_9_F_15_2007_12_31.pdf,14,turns right,0.11601
15_9_F_15_2007_12_31.pdf,15,job pumped,0.11601
15_9_F_15_2008_09_07.pdf,1,tbc hpdr,0.212126
15_9_F_15_2008_09_07.pdf,2,hpdr double,0.212126
15_9_F_15_2008_09_07.pdf,3,hpdr spider,0.189437
15_9_F_15_2008_09_07.pdf,4,hpdr,0.181603
15_9_F_15_2008_09_07.pdf,5,tbc,0.174563
15_9_F_15_2008_09_07.pdf,6,double,0.151925
15_9_F_15_2008_09_07.pdf,7,spider installed,0.14165
15_9_F_15_2008_09_07.pdf,8,unlock,0.14165
15_9_F_15_2008_09_07.pdf,9,spider,0.139755
15_9_F_15_2008_09_07.pdf,10,removed hatches,0.137355
15_9_F_15_2008_09_07.pdf,11,primary,0.130457
15_9_F_15_2008_09_07.pdf,12,hot stab,0.125024
15_9_F_15_2008_09_07.pdf,13,hot,0.123827
15_9_F_15_2008_09_07.pdf,14,skidded cantilever,0.120796
15_9_F_15_2008_09_07.pdf,15,ran tugger,0.111564
15_9_F_15_2008_09_08.pdf,1,hpdr double,0.16698
15_9_F_15_2008_09_08.pdf,2,riser lifting,0.154567
15_9_F_15_2008_09_08.pdf,3,lift deck,0.154567
15_9_F_15_2008_09_08.pdf,4,hpdr,0.150575
15_9_F_15_2008_09_08.pdf,5,double made,0.149278
15_9_F_15_2008_09_08.pdf,6,lifting tool,0.149278
15_9_F_15_2008_09_08.pdf,7,tbc hpdr,0.146706
15_9_F_15_2008_09_08.pdf,8,caps fairings,0.14631
15_9_F_15_2008_09_08.pdf,9,installed bolt,0.14631
15_9_F_15_2008_09_08.pdf,10,bolt caps,0.14631
15_9_F_15_2008_09_08.pdf,11,crane tds,0.144956
15_9_F_15_2008_09_08.pdf,12,simultaneous lift,0.144956
15_9_F_15_2008_09_08.pdf,13,tbc,0.144731
15_9_F_15_2008_09_08.pdf,14,simultaneous,0.141302
15_9_F_15_2008_09_08.pdf,15,tds removed,0.141302
15_9_F_15_2008_09_09.pdf,1,stool tension,0.163147
15_9_F_15_2008_09_09.pdf,2,tbc hpdr,0.15443
15_9_F_15_2008_09_09.pdf,3,parallel,0.140179
15_9_F_15_2008_09_09.pdf,4,parallel activity,0.140179
15_9_F_15_2008_09_09.pdf,5,nt2,0.138577
15_9_F_15_2008_09_09.pdf,6,bars mins,0.1374
15_9_F_15_2008_09_09.pdf,7,scaffolding around,0.1374
15_9_F_15_2008_09_09.pdf,8,claxton,0.132863
15_9_F_15_2008_09_09.pdf,9,installation,0.131844
15_9_F_15_2008_09_09.pdf,10,tbc,0.130709
15_9_F_15_2008_09_09.pdf,11,horizontal,0.128329
15_9_F_15_2008_09_09.pdf,12,activity,0.127637
15_9_F_15_2008_09_09.pdf,13,csg shoe,0.127231
15_9_F_15_2008_09_09.pdf,14,stool,0.123611
15_9_F_15_2008_09_09.pdf,15,leak test,0.122936
15_9_F_15_2008_09_10.pdf,1,parallel,0.164259
15_9_F_15_2008_09_10.pdf,2,parallel activity,0.164259
15_9_F_15_2008_09_10.pdf,3,bop hpdr,0.153518
15_9_F_15_2008_09_10.pdf,4,activity,0.149563
15_9_F_15_2008_09_10.pdf,5,bars mins,0.145962
15_9_F_15_2008_09_10.pdf,6,slick jnt,0.136326
15_9_F_15_2008_09_10.pdf,7,claxton,0.131607
15_9_F_15_2008_09_10.pdf,8,tension cylinders,0.130919
15_9_F_15_2008_09_10.pdf,9,cylinders,0.122642
15_9_F_15_2008_09_10.pdf,10,hpdr,0.121345
15_9_F_15_2008_09_10.pdf,11,claxton tool,0.12026
15_9_F_15_2008_09_10.pdf,12,bars,0.118664
15_9_F_15_2008_09_10.pdf,13,mins,0.114356
15_9_F_15_2008_09_10.pdf,14,diverter,0.110722
15_9_F_15_2008_09_10.pdf,15,tension,0.110205
15_9_F_15_2008_09_11.pdf,1,bop hpdr,0.17077
15_9_F_15_2008_09_11.pdf,2,plug jet,0.154817
15_9_F_15_2008_09_11.pdf,3,plug closed,0.136974
15_9_F_15_2008_09_11.pdf,4,bars pressure,0.133906
15_9_F_15_2008_09_11.pdf,5,auto slips,0.132021
15_9_F_15_2008_09_11.pdf,6,bars mins,0.131618
15_9_F_15_2008_09_11.pdf,7,head lpm,0.1285
15_9_F_15_2008_09_11.pdf,8,auto,0.128263
15_9_F_15_2008_09_11.pdf,9,bars,0.1269
15_9_F_15_2008_09_11.pdf,10,jet,0.123259
15_9_F_15_2008_09_11.pdf,11,mins,0.121985
15_9_F_15_2008_09_11.pdf,12,jet sub,0.118604
15_9_F_15_2008_09_11.pdf,13,nominal seat,0.118392
15_9_F_15_2008_09_11.pdf,14,hydraulic leak,0.116253
15_9_F_15_2008_09_11.pdf,15,test plug,0.116071
15_9_F_15_2008_09_19.pdf,1,system troubleshot,0.240481
15_9_F_15_2008_09_19.pdf,2,racking,0.237366
15_9_F_15_2008_09_19.pdf,3,problems prs,0.227632
15_9_F_15_2008_09_19.pdf,4,continuing,0.207049
15_9_F_15_2008_09_19.pdf,5,experienced problems,0.203992
15_9_F_15_2008_09_19.pdf,6,repairs,0.203992
15_9_F_15_2008_09_19.pdf,7,shoetrack,0.203334
15_9_F_15_2008_09_19.pdf,8,test casing,0.198528
15_9_F_15_2008_09_19.pdf,9,rih bha,0.183093
15_9_F_15_2008_09_19.pdf,10,experienced,0.169593
15_9_F_15_2008_09_19.pdf,11,lcm,0.166171
15_9_F_15_2008_09_19.pdf,12,fwd prs,0.162039
15_9_F_15_2008_09_19.pdf,13,prs,0.161944
15_9_F_15_2008_09_19.pdf,14,troubleshot,0.15831
15_9_F_15_2008_09_19.pdf,15,system,0.156596
15_9_F_15_2008_09_20.pdf,1,lcm,0.128553
15_9_F_15_2008_09_20.pdf,2,vicis,0.121495
15_9_F_15_2008_09_20.pdf,3,lcm pill,0.11609
15_9_F_15_2008_09_20.pdf,4,leakage rate,0.111106
15_9_F_15_2008_09_20.pdf,5,towards end,0.105169
15_9_F_15_2008_09_20.pdf,6,shoetrack,0.104896
15_9_F_15_2008_09_20.pdf,7,knm pumped,0.104724
15_9_F_15_2008_09_20.pdf,8,pumped lcm,0.104724
15_9_F_15_2008_09_20.pdf,9,unit down,0.100735
15_9_F_15_2008_09_20.pdf,10,drop bar,0.100735
15_9_F_15_2008_09_20.pdf,11,vis pills,0.098876
15_9_F_15_2008_09_20.pdf,12,wob torque,0.095471
15_9_F_15_2008_09_20.pdf,13,seawater,0.093502
15_9_F_15_2008_09_20.pdf,14,min observed,0.09294
15_9_F_15_2008_09_20.pdf,15,rpm wob,0.091882
15_9_F_15_2008_09_21.pdf,1,stepped rate,0.110995
15_9_F_15_2008_09_21.pdf,2,fishing,0.110724
15_9_F_15_2008_09_21.pdf,3,plans,0.108868
15_9_F_15_2008_09_21.pdf,4,increments lpm,0.108752
15_9_F_15_2008_09_21.pdf,5,coupling,0.107366
15_9_F_15_2008_09_21.pdf,6,fishing equipment,0.102527
15_9_F_15_2008_09_21.pdf,7,traced,0.099559
15_9_F_15_2008_09_21.pdf,8,increments,0.099351
15_9_F_15_2008_09_21.pdf,9,stepped,0.099351
15_9_F_15_2008_09_21.pdf,10,screw,0.099022
15_9_F_15_2008_09_21.pdf,11,lcm,0.098049
15_9_F_15_2008_09_21.pdf,12,attempted work,0.097049
15_9_F_15_2008_09_21.pdf,13,come,0.094875
15_9_F_15_2008_09_21.pdf,14,relative,0.091242
15_9_F_15_2008_09_21.pdf,15,drillstring,0.089899
15_9_F_15_2008_09_22.pdf,1,zms,0.248196
15_9_F_15_2008_09_22.pdf,2,zms control,0.221539
15_9_F_15_2008_09_22.pdf,3,control system,0.217498
15_9_F_15_2008_09_22.pdf,4,problems zms,0.213958
15_9_F_15_2008_09_22.pdf,5,vicis,0.213958
15_9_F_15_2008_09_22.pdf,6,troubleshot zms,0.213958
15_9_F_15_2008_09_22.pdf,7,troubleshot,0.155363
15_9_F_15_2008_09_22.pdf,8,control,0.142811
15_9_F_15_2008_09_22.pdf,9,meanwhile troubleshot,0.129761
15_9_F_15_2008_09_22.pdf,10,system troubleshot,0.129761
15_9_F_15_2008_09_22.pdf,11,system,0.128857
15_9_F_15_2008_09_22.pdf,12,swabbing,0.126004
15_9_F_15_2008_09_22.pdf,13,observed pooh,0.120076
15_9_F_15_2008_09_22.pdf,14,travelling block,0.120076
15_9_F_15_2008_09_22.pdf,15,speed due,0.117649
15_9_F_15_2008_09_23.pdf,1,zms control,0.265567
15_9_F_15_2008_09_23.pdf,2,zms,0.243965
15_9_F_15_2008_09_23.pdf,3,troubleshot zms,0.238819
15_9_F_15_2008_09_23.pdf,4,control system,0.200018
15_9_F_15_2008_09_23.pdf,5,meanwhile troubleshot,0.189038
15_9_F_15_2008_09_23.pdf,6,system troubleshot,0.189038
15_9_F_15_2008_09_23.pdf,7,troubleshot,0.161474
15_9_F_15_2008_09_23.pdf,8,chicksan,0.155382
15_9_F_15_2008_09_23.pdf,9,problems zms,0.146488
15_9_F_15_2008_09_23.pdf,10,nmdc,0.14148
15_9_F_15_2008_09_23.pdf,11,system meanwhile,0.14148
15_9_F_15_2008_09_23.pdf,12,broke racked,0.135555
15_9_F_15_2008_09_23.pdf,13,control,0.131333
15_9_F_15_2008_09_23.pdf,14,system,0.12666
15_9_F_15_2008_09_23.pdf,15,meanwhile rigged,0.126123
15_9_F_15_2008_09_24.pdf,1,nominal seat,0.173622
15_9_F_15_2008_09_24.pdf,2,seat protector,0.167511
15_9_F_15_2008_09_24.pdf,3,nominal,0.166238
15_9_F_15_2008_09_24.pdf,4,seat,0.152436
15_9_F_15_2008_09_24.pdf,5,zms control,0.148698
15_9_F_15_2008_09_24.pdf,6,protector,0.134449
15_9_F_15_2008_09_24.pdf,7,tidied drillfloor,0.129723
15_9_F_15_2008_09_24.pdf,8,zms,0.127802
15_9_F_15_2008_09_24.pdf,9,swadge,0.125629
15_9_F_15_2008_09_24.pdf,10,cleared tidied,0.121819
15_9_F_15_2008_09_24.pdf,11,test plug,0.121323
15_9_F_15_2008_09_24.pdf,12,pulling tool,0.115702
15_9_F_15_2008_09_24.pdf,13,control system,0.111995
15_9_F_15_2008_09_24.pdf,14,tidied,0.108229
15_9_F_15_2008_09_24.pdf,15,hydraulic leak,0.107837
15_9_F_15_2008_09_25.pdf,1,meanwhile tested,0.163279
15_9_F_15_2008_09_25.pdf,2,line against,0.157408
15_9_F_15_2008_09_25.pdf,3,slip cut,0.154261
15_9_F_15_2008_09_25.pdf,4,anchor,0.147724
15_9_F_15_2008_09_25.pdf,5,chicksan,0.14697
15_9_F_15_2008_09_25.pdf,6,swadge,0.141805
15_9_F_15_2008_09_25.pdf,7,leaks,0.141805
15_9_F_15_2008_09_25.pdf,8,obstructions,0.139565
15_9_F_15_2008_09_25.pdf,9,drillstring,0.134698
15_9_F_15_2008_09_25.pdf,10,cut line,0.128566
15_9_F_15_2008_09_25.pdf,11,slip,0.124722
15_9_F_15_2008_09_25.pdf,12,stepped,0.121723
15_9_F_15_2008_09_25.pdf,13,rathole,0.115979
15_9_F_15_2008_09_25.pdf,14,bolts,0.115135
15_9_F_15_2008_09_25.pdf,15,pack off,0.113561
15_9_F_15_2008_09_26.pdf,1,torque wob,0.1885
15_9_F_15_2008_09_26.pdf,2,meanwhile stds,0.171806
15_9_F_15_2008_09_26.pdf,3,stds csg,0.171806
15_9_F_15_2008_09_26.pdf,4,schlumberger procedure,0.160254
15_9_F_15_2008_09_26.pdf,5,procedure meanwhile,0.157061
15_9_F_15_2008_09_26.pdf,6,according schlumberger,0.156396
15_9_F_15_2008_09_26.pdf,7,powerdrive according,0.156396
15_9_F_15_2008_09_26.pdf,8,tested choke,0.153543
15_9_F_15_2008_09_26.pdf,9,rpm torque,0.152031
15_9_F_15_2008_09_26.pdf,10,spp bar,0.138918
15_9_F_15_2008_09_26.pdf,11,lpm spp,0.137341
15_9_F_15_2008_09_26.pdf,12,powerdrive,0.132423
15_9_F_15_2008_09_26.pdf,13,wob ecd,0.131601
15_9_F_15_2008_09_26.pdf,14,spp,0.130886
15_9_F_15_2008_09_26.pdf,15,section parameters,0.1308
15_9_F_15_2008_09_27.pdf,1,meanwhile stds,0.201157
15_9_F_15_2008_09_27.pdf,2,rop downlinked,0.201157
15_9_F_15_2008_09_27.pdf,3,stds csg,0.201157
15_9_F_15_2008_09_27.pdf,4,torque wob,0.188649
15_9_F_15_2008_09_27.pdf,5,spec,0.164224
15_9_F_15_2008_09_27.pdf,6,schlumberger procedure,0.160381
15_9_F_15_2008_09_27.pdf,7,powerdrive according,0.15652
15_9_F_15_2008_09_27.pdf,8,according schlumberger,0.15652
15_9_F_15_2008_09_27.pdf,9,downlinked powerdrive,0.148566
15_9_F_15_2008_09_27.pdf,10,skips,0.146148
15_9_F_15_2008_09_27.pdf,11,stds,0.144622
15_9_F_15_2008_09_27.pdf,12,downlinked,0.143412
15_9_F_15_2008_09_27.pdf,13,rpm torque,0.141721
15_9_F_15_2008_09_27.pdf,14,ecd rop,0.140043
15_9_F_15_2008_09_27.pdf,15,within,0.139306
15_9_F_15_2008_09_28.pdf,1,torque wob,0.203615
15_9_F_15_2008_09_28.pdf,2,rop downlinked,0.185583
15_9_F_15_2008_09_28.pdf,3,schlumberger procedure,0.173104
15_9_F_15_2008_09_28.pdf,4,according schlumberger,0.168937
15_9_F_15_2008_09_28.pdf,5,powerdrive according,0.168937
15_9_F_15_2008_09_28.pdf,6,rpm torque,0.164221
15_9_F_15_2008_09_28.pdf,7,downlinked powerdrive,0.160352
15_9_F_15_2008_09_28.pdf,8,stds,0.156095
15_9_F_15_2008_09_28.pdf,9,downlinked,0.154789
15_9_F_15_2008_09_28.pdf,10,limited rop,0.153061
15_9_F_15_2008_09_28.pdf,11,drilled section,0.145281
15_9_F_15_2008_09_28.pdf,12,powerdrive,0.143041
15_9_F_15_2008_09_28.pdf,13,stds csg,0.131676
15_9_F_15_2008_09_28.pdf,14,meanwhile stds,0.131676
15_9_F_15_2008_09_28.pdf,15,schlumberger,0.129241
15_9_F_15_2008_09_29.pdf,1,rop downlinked,0.201538
15_9_F_15_2008_09_29.pdf,2,skips,0.191066
15_9_F_15_2008_09_29.pdf,3,torque wob,0.189005
15_9_F_15_2008_09_29.pdf,4,limited rop,0.161555
15_9_F_15_2008_09_29.pdf,5,schlumberger procedure,0.160684
15_9_F_15_2008_09_29.pdf,6,according schlumberger,0.156816
15_9_F_15_2008_09_29.pdf,7,powerdrive according,0.156816
15_9_F_15_2008_09_29.pdf,8,rpm torque,0.152439
15_9_F_15_2008_09_29.pdf,9,downlinked powerdrive,0.148847
15_9_F_15_2008_09_29.pdf,10,downlinked,0.143683
15_9_F_15_2008_09_29.pdf,11,reduced rop,0.135642
15_9_F_15_2008_09_29.pdf,12,powerdrive,0.132778
15_9_F_15_2008_09_29.pdf,13,limited,0.13253
15_9_F_15_2008_09_29.pdf,14,drilled section,0.12901
15_9_F_15_2008_09_29.pdf,15,spp bar,0.124773
15_9_F_15_2008_09_30.pdf,1,cables,0.177611
15_9_F_15_2008_09_30.pdf,2,performed gyro,0.170122
15_9_F_15_2008_09_30.pdf,3,outside,0.164143
15_9_F_15_2008_09_30.pdf,4,moving,0.156957
15_9_F_15_2008_09_30.pdf,5,surveys,0.154902
15_9_F_15_2008_09_30.pdf,6,gyro,0.152094
15_9_F_15_2008_09_30.pdf,7,mwd tools,0.14633
15_9_F_15_2008_09_30.pdf,8,instructions,0.140675
15_9_F_15_2008_09_30.pdf,9,stds,0.139681
15_9_F_15_2008_09_30.pdf,10,chain,0.138512
15_9_F_15_2008_09_30.pdf,11,pulling speed,0.134248
15_9_F_15_2008_09_30.pdf,12,dragchain,0.129279
15_9_F_15_2008_09_30.pdf,13,faces,0.129279
15_9_F_15_2008_09_30.pdf,14,man,0.123197
15_9_F_15_2008_09_30.pdf,15,house,0.123197
15_9_F_15_2008_10_01.pdf,1,baffle,0.153794
15_9_F_15_2008_10_01.pdf,2,bypass,0.140946
15_9_F_15_2008_10_01.pdf,3,fac tool,0.132484
15_9_F_15_2008_10_01.pdf,4,fac,0.129126
15_9_F_15_2008_10_01.pdf,5,thread locked,0.125273
15_9_F_15_2008_10_01.pdf,6,csg handling,0.123832
15_9_F_15_2008_10_01.pdf,7,every std,0.120476
15_9_F_15_2008_10_01.pdf,8,collar joint,0.116556
15_9_F_15_2008_10_01.pdf,9,float,0.114436
15_9_F_15_2008_10_01.pdf,10,seat protector,0.113316
15_9_F_15_2008_10_01.pdf,11,upper part,0.112695
15_9_F_15_2008_10_01.pdf,12,thread,0.111759
15_9_F_15_2008_10_01.pdf,13,assemblies,0.110372
15_9_F_15_2008_10_01.pdf,14,std,0.107187
15_9_F_15_2008_10_01.pdf,15,csg,0.105758
15_9_F_15_2008_10_02.pdf,1,part fwd,0.235483
15_9_F_15_2008_10_02.pdf,2,reciprocated csg,0.204159
15_9_F_15_2008_10_02.pdf,3,upper part,0.195097
15_9_F_15_2008_10_02.pdf,4,climbers,0.186855
15_9_F_15_2008_10_02.pdf,5,can,0.176871
15_9_F_15_2008_10_02.pdf,6,part,0.175597
15_9_F_15_2008_10_02.pdf,7,bar reciprocated,0.172909
15_9_F_15_2008_10_02.pdf,8,can climbers,0.165377
15_9_F_15_2008_10_02.pdf,9,fwd prs,0.153241
15_9_F_15_2008_10_02.pdf,10,loose items,0.148152
15_9_F_15_2008_10_02.pdf,11,fwd,0.142851
15_9_F_15_2008_10_02.pdf,12,secure,0.142393
15_9_F_15_2008_10_02.pdf,13,prs derrick,0.140462
15_9_F_15_2008_10_02.pdf,14,items,0.134851
15_9_F_15_2008_10_02.pdf,15,meanwhile inspected,0.132957
15_9_F_15_2008_10_03.pdf,1,reciprocated csg,0.229807
15_9_F_15_2008_10_03.pdf,2,prs derrick,0.206946
15_9_F_15_2008_10_03.pdf,3,bar reciprocated,0.205377
15_9_F_15_2008_10_03.pdf,4,can climbers,0.194261
15_9_F_15_2008_10_03.pdf,5,climbers,0.187613
15_9_F_15_2008_10_03.pdf,6,part fwd,0.181575
15_9_F_15_2008_10_03.pdf,7,can,0.177589
15_9_F_15_2008_10_03.pdf,8,beam,0.176182
15_9_F_15_2008_10_03.pdf,9,upper part,0.165991
15_9_F_15_2008_10_03.pdf,10,dropped object,0.142714
15_9_F_15_2008_10_03.pdf,11,object,0.138071
15_9_F_15_2008_10_03.pdf,12,circulated lpm,0.136796
15_9_F_15_2008_10_03.pdf,13,part,0.135398
15_9_F_15_2008_10_03.pdf,14,fwd prs,0.133396
15_9_F_15_2008_10_03.pdf,15,reciprocated,0.128931
15_9_F_15_2008_10_04.pdf,1,lafleur,0.182457
15_9_F_15_2008_10_04.pdf,2,every joints,0.17594
15_9_F_15_2008_10_04.pdf,3,csg filled,0.171998
15_9_F_15_2008_10_04.pdf,4,speed jnts,0.167155
15_9_F_15_2008_10_04.pdf,5,padprt assy,0.164506
15_9_F_15_2008_10_04.pdf,6,rih csg,0.159728
15_9_F_15_2008_10_04.pdf,7,jnts,0.152625
15_9_F_15_2008_10_04.pdf,8,bar reciprocated,0.147018
15_9_F_15_2008_10_04.pdf,9,hanger padprt,0.144046
15_9_F_15_2008_10_04.pdf,10,padprt,0.135487
15_9_F_15_2008_10_04.pdf,11,loose items,0.134769
15_9_F_15_2008_10_04.pdf,12,tripping speed,0.128781
15_9_F_15_2008_10_04.pdf,13,fitting,0.126559
15_9_F_15_2008_10_04.pdf,14,tripping,0.124669
15_9_F_15_2008_10_04.pdf,15,hwdp landing,0.123901
15_9_F_15_2008_10_05.pdf,1,padprt assy,0.176226
15_9_F_15_2008_10_05.pdf,2,hanger padprt,0.165491
15_9_F_15_2008_10_05.pdf,3,pressure observed,0.151462
15_9_F_15_2008_10_05.pdf,4,worked csg,0.149828
15_9_F_15_2008_10_05.pdf,5,down worked,0.149828
15_9_F_15_2008_10_05.pdf,6,sat down,0.147057
15_9_F_15_2008_10_05.pdf,7,padprt,0.146454
15_9_F_15_2008_10_05.pdf,8,obstruction,0.137505
15_9_F_15_2008_10_05.pdf,9,reciprocated csg,0.13656
15_9_F_15_2008_10_05.pdf,10,made several,0.134977
15_9_F_15_2008_10_05.pdf,11,csg tong,0.134115
15_9_F_15_2008_10_05.pdf,12,several attempts,0.132845
15_9_F_15_2008_10_05.pdf,13,attempts,0.132728
15_9_F_15_2008_10_05.pdf,14,increased flowrate,0.131886
15_9_F_15_2008_10_05.pdf,15,gained,0.130884
15_9_F_15_2008_10_06.pdf,1,sheared bar,0.113442
15_9_F_15_2008_10_06.pdf,2,geoservices,0.111149
15_9_F_15_2008_10_06.pdf,3,plug sheared,0.111149
15_9_F_15_2008_10_06.pdf,4,ltrs,0.108691
15_9_F_15_2008_10_06.pdf,5,padprt,0.100883
15_9_F_15_2008_10_06.pdf,6,pumped ltrs,0.099948
15_9_F_15_2008_10_06.pdf,7,cmt head,0.098925
15_9_F_15_2008_10_06.pdf,8,cmt job,0.095006
15_9_F_15_2008_10_06.pdf,9,bump,0.095006
15_9_F_15_2008_10_06.pdf,10,continued circulate,0.094654
15_9_F_15_2008_10_06.pdf,11,restart,0.093253
15_9_F_15_2008_10_06.pdf,12,wiper plug,0.092883
15_9_F_15_2008_10_06.pdf,13,ltrs pumped,0.091667
15_9_F_15_2008_10_06.pdf,14,ltrs bled,0.091667
15_9_F_15_2008_10_06.pdf,15,cmt,0.089468
15_9_F_15_2008_11_11.pdf,1,ps30,0.194488
15_9_F_15_2008_11_11.pdf,2,ibop kelly,0.179485
15_9_F_15_2008_11_11.pdf,3,test tool,0.17258
15_9_F_15_2008_11_11.pdf,4,hose bar,0.156791
15_9_F_15_2008_11_11.pdf,5,master bushings,0.156459
15_9_F_15_2008_11_11.pdf,6,ltrs,0.14928
15_9_F_15_2008_11_11.pdf,7,kelly hose,0.148917
15_9_F_15_2008_11_11.pdf,8,pooh bop,0.147239
15_9_F_15_2008_11_11.pdf,9,bushings,0.142485
15_9_F_15_2008_11_11.pdf,10,wear bushing,0.142314
15_9_F_15_2008_11_11.pdf,11,kelly,0.140045
15_9_F_15_2008_11_11.pdf,12,min test,0.137995
15_9_F_15_2008_11_11.pdf,13,min dropped,0.137995
15_9_F_15_2008_11_11.pdf,14,lower ibop,0.137995
15_9_F_15_2008_11_11.pdf,15,bop test,0.137942
15_9_F_15_2008_11_12.pdf,1,can climbers,0.166886
15_9_F_15_2008_11_12.pdf,2,derrick inspection,0.166735
15_9_F_15_2008_11_12.pdf,3,choke manifolds,0.161175
15_9_F_15_2008_11_12.pdf,4,climbers,0.161175
15_9_F_15_2008_11_12.pdf,5,manifolds,0.153732
15_9_F_15_2008_11_12.pdf,6,can,0.152563
15_9_F_15_2008_11_12.pdf,7,couplings,0.149145
15_9_F_15_2008_11_12.pdf,8,aft prs,0.138775
15_9_F_15_2008_11_12.pdf,9,inspection,0.132493
15_9_F_15_2008_11_12.pdf,10,prs,0.132027
15_9_F_15_2008_11_12.pdf,11,fwd prs,0.127054
15_9_F_15_2008_11_12.pdf,12,aft,0.126521
15_9_F_15_2008_11_12.pdf,13,greased,0.121785
15_9_F_15_2008_11_12.pdf,14,performed derrick,0.120237
15_9_F_15_2008_11_12.pdf,15,fwd,0.11844
15_9_F_15_2008_11_13.pdf,1,prs tds,0.198797
15_9_F_15_2008_11_13.pdf,2,zms,0.191185
15_9_F_15_2008_11_13.pdf,3,aft prs,0.166838
15_9_F_15_2008_11_13.pdf,4,aft iron,0.163418
15_9_F_15_2008_11_13.pdf,5,aft,0.156048
15_9_F_15_2008_11_13.pdf,6,bha bha,0.153606
15_9_F_15_2008_11_13.pdf,7,prs held,0.151594
15_9_F_15_2008_11_13.pdf,8,checks,0.149712
15_9_F_15_2008_11_13.pdf,9,pdm,0.149712
15_9_F_15_2008_11_13.pdf,10,prs,0.143042
15_9_F_15_2008_11_13.pdf,11,roughneck,0.1295
15_9_F_15_2008_11_13.pdf,12,iron roughneck,0.1295
15_9_F_15_2008_11_13.pdf,13,iron,0.127732
15_9_F_15_2008_11_13.pdf,14,fwd prs,0.123732
15_9_F_15_2008_11_13.pdf,15,deck cleaned,0.120567
15_9_F_15_2008_11_14.pdf,1,every stds,0.153837
15_9_F_15_2008_11_14.pdf,2,knm mud,0.143072
15_9_F_15_2008_11_14.pdf,3,locking,0.126855
15_9_F_15_2008_11_14.pdf,4,spring,0.126743
15_9_F_15_2008_11_14.pdf,5,bha filled,0.126743
15_9_F_15_2008_11_14.pdf,6,slow,0.124982
15_9_F_15_2008_11_14.pdf,7,stds,0.120984
15_9_F_15_2008_11_14.pdf,8,elevator changed,0.116539
15_9_F_15_2008_11_14.pdf,9,bar string,0.114903
15_9_F_15_2008_11_14.pdf,10,mud weight,0.111574
15_9_F_15_2008_11_14.pdf,11,drawworks,0.108431
15_9_F_15_2008_11_14.pdf,12,fingerboard,0.10683
15_9_F_15_2008_11_14.pdf,13,experienced problems,0.10683
15_9_F_15_2008_11_14.pdf,14,rathole,0.105416
15_9_F_15_2008_11_14.pdf,15,pin,0.105348
15_9_F_15_2008_11_15.pdf,1,lcm,0.160694
15_9_F_15_2008_11_15.pdf,2,lcm pill,0.153699
15_9_F_15_2008_11_15.pdf,3,bar string,0.148039
15_9_F_15_2008_11_15.pdf,4,lined pumped,0.13924
15_9_F_15_2008_11_15.pdf,5,rop mud,0.133369
15_9_F_15_2008_11_15.pdf,6,string rpm,0.129797
15_9_F_15_2008_11_15.pdf,7,losses formation,0.129366
15_9_F_15_2008_11_15.pdf,8,ltrs,0.122232
15_9_F_15_2008_11_15.pdf,9,rpm bit,0.117178
15_9_F_15_2008_11_15.pdf,10,bit rpm,0.115915
15_9_F_15_2008_11_15.pdf,11,pill,0.113892
15_9_F_15_2008_11_15.pdf,12,drilled parameters,0.112491
15_9_F_15_2008_11_15.pdf,13,losses,0.109848
15_9_F_15_2008_11_15.pdf,14,while pumping,0.109505
15_9_F_15_2008_11_15.pdf,15,staged,0.10473
15_9_F_15_2008_11_16.pdf,1,lcm pill,0.171756
15_9_F_15_2008_11_16.pdf,2,above top,0.17042
15_9_F_15_2008_11_16.pdf,3,lcm,0.16588
15_9_F_15_2008_11_16.pdf,4,lpm losses,0.161107
15_9_F_15_2008_11_16.pdf,5,staged rate,0.161107
15_9_F_15_2008_11_16.pdf,6,bar string,0.158423
15_9_F_15_2008_11_16.pdf,7,bha above,0.149007
15_9_F_15_2008_11_16.pdf,8,pill lpm,0.143623
15_9_F_15_2008_11_16.pdf,9,losses,0.138916
15_9_F_15_2008_11_16.pdf,10,pill,0.133827
15_9_F_15_2008_11_16.pdf,11,staged,0.132264
15_9_F_15_2008_11_16.pdf,12,pumped lcm,0.126827
15_9_F_15_2008_11_16.pdf,13,rate lpm,0.126562
15_9_F_15_2008_11_16.pdf,14,string rpm,0.117417
15_9_F_15_2008_11_16.pdf,15,loss,0.111986
15_9_F_15_2008_11_17.pdf,1,lpm increments,0.187998
15_9_F_15_2008_11_17.pdf,2,staged rate,0.176377
15_9_F_15_2008_11_17.pdf,3,increments lpm,0.170451
15_9_F_15_2008_11_17.pdf,4,rop mud,0.154527
15_9_F_15_2008_11_17.pdf,5,staged,0.149955
15_9_F_15_2008_11_17.pdf,6,bar string,0.146612
15_9_F_15_2008_11_17.pdf,7,lcm pill,0.144254
15_9_F_15_2008_11_17.pdf,8,increments,0.141169
15_9_F_15_2008_11_17.pdf,9,lcm,0.139319
15_9_F_15_2008_11_17.pdf,10,losses lpm,0.137898
15_9_F_15_2008_11_17.pdf,11,slowly lpm,0.137898
15_9_F_15_2008_11_17.pdf,12,rpm bit,0.135767
15_9_F_15_2008_11_17.pdf,13,above top,0.134809
15_9_F_15_2008_11_17.pdf,14,screens,0.134809
15_9_F_15_2008_11_17.pdf,15,bit rpm,0.134304
15_9_F_15_2008_11_18.pdf,1,rop mud,0.227822
15_9_F_15_2008_11_18.pdf,2,emw rop,0.227822
15_9_F_15_2008_11_18.pdf,3,weight drilled,0.202214
15_9_F_15_2008_11_18.pdf,4,rpm bit,0.200164
15_9_F_15_2008_11_18.pdf,5,bit rpm,0.198007
15_9_F_15_2008_11_18.pdf,6,ecd emw,0.198007
15_9_F_15_2008_11_18.pdf,7,bar string,0.19596
15_9_F_15_2008_11_18.pdf,8,drilled parameters,0.192157
15_9_F_15_2008_11_18.pdf,9,mud weight,0.172506
15_9_F_15_2008_11_18.pdf,10,wob ecd,0.170349
15_9_F_15_2008_11_18.pdf,11,emw,0.163602
15_9_F_15_2008_11_18.pdf,12,string rpm,0.160204
15_9_F_15_2008_11_18.pdf,13,lpm increments,0.152394
15_9_F_15_2008_11_18.pdf,14,staging,0.147982
15_9_F_15_2008_11_18.pdf,15,losses lpm,0.144251
15_9_F_15_2008_11_19.pdf,1,pressure point,0.170684
15_9_F_15_2008_11_19.pdf,2,rpm bit,0.166278
15_9_F_15_2008_11_19.pdf,3,bit rpm,0.164486
15_9_F_15_2008_11_19.pdf,4,bar string,0.162786
15_9_F_15_2008_11_19.pdf,5,rop mud,0.151611
15_9_F_15_2008_11_19.pdf,6,emw rop,0.151611
15_9_F_15_2008_11_19.pdf,7,ecd emw,0.145348
15_9_F_15_2008_11_19.pdf,8,probe,0.143972
15_9_F_15_2008_11_19.pdf,9,stick,0.143803
15_9_F_15_2008_11_19.pdf,10,mud weight,0.143302
15_9_F_15_2008_11_19.pdf,11,observed connection,0.142933
15_9_F_15_2008_11_19.pdf,12,string rpm,0.13897
15_9_F_15_2008_11_19.pdf,13,knm mud,0.138795
15_9_F_15_2008_11_19.pdf,14,stick slip,0.136333
15_9_F_15_2008_11_19.pdf,15,weight observed,0.135296
15_9_F_15_2008_11_20.pdf,1,rop mud,0.268671
15_9_F_15_2008_11_20.pdf,2,measurements,0.251367
15_9_F_15_2008_11_20.pdf,3,drilled lpm,0.241596
15_9_F_15_2008_11_20.pdf,4,rpm bit,0.236054
15_9_F_15_2008_11_20.pdf,5,bit rpm,0.23351
15_9_F_15_2008_11_20.pdf,6,bar string,0.231096
15_9_F_15_2008_11_20.pdf,7,added,0.2288
15_9_F_15_2008_11_20.pdf,8,active,0.216974
15_9_F_15_2008_11_20.pdf,9,ecd rop,0.213611
15_9_F_15_2008_11_20.pdf,10,mud weight,0.203437
15_9_F_15_2008_11_20.pdf,11,wob ecd,0.200892
15_9_F_15_2008_11_20.pdf,12,string rpm,0.188929
15_9_F_15_2008_11_20.pdf,13,knm wob,0.165277
15_9_F_15_2008_11_20.pdf,14,spp bar,0.152177
15_9_F_15_2008_11_20.pdf,15,lpm spp,0.15045
15_9_F_15_2008_11_21.pdf,1,free rotational,0.211061
15_9_F_15_2008_11_21.pdf,2,rotational weight,0.211061
15_9_F_15_2008_11_21.pdf,3,rotational,0.199784
15_9_F_15_2008_11_21.pdf,4,weight free,0.195308
15_9_F_15_2008_11_21.pdf,5,emw rop,0.191361
15_9_F_15_2008_11_21.pdf,6,rop mud,0.191361
15_9_F_15_2008_11_21.pdf,7,drilled lpm,0.172077
15_9_F_15_2008_11_21.pdf,8,rpm bit,0.168129
15_9_F_15_2008_11_21.pdf,9,bit rpm,0.166317
15_9_F_15_2008_11_21.pdf,10,ecd emw,0.166317
15_9_F_15_2008_11_21.pdf,11,mud weight,0.159829
15_9_F_15_2008_11_21.pdf,12,off btm,0.153034
15_9_F_15_2008_11_21.pdf,13,spp bars,0.153034
15_9_F_15_2008_11_21.pdf,14,weight down,0.147814
15_9_F_15_2008_11_21.pdf,15,wob ecd,0.143086
15_9_F_15_2008_11_22.pdf,1,bent,0.18469
15_9_F_15_2008_11_22.pdf,2,board,0.182654
15_9_F_15_2008_11_22.pdf,3,finger,0.159027
15_9_F_15_2008_11_22.pdf,4,std,0.157861
15_9_F_15_2008_11_22.pdf,5,bha cleared,0.15297
15_9_F_15_2008_11_22.pdf,6,securing,0.141133
15_9_F_15_2008_11_22.pdf,7,shift,0.130269
15_9_F_15_2008_11_22.pdf,8,box talk,0.117563
15_9_F_15_2008_11_22.pdf,9,checked static,0.115829
15_9_F_15_2008_11_22.pdf,10,prior lay,0.113314
15_9_F_15_2008_11_22.pdf,11,lay,0.111068
15_9_F_15_2008_11_22.pdf,12,radio,0.110776
15_9_F_15_2008_11_22.pdf,13,day shift,0.110776
15_9_F_15_2008_11_22.pdf,14,held tool,0.109946
15_9_F_15_2008_11_22.pdf,15,through bop,0.108537
15_9_F_15_2008_11_23.pdf,1,pick bha,0.151788
15_9_F_15_2008_11_23.pdf,2,active,0.124886
15_9_F_15_2008_11_23.pdf,3,jet,0.121878
15_9_F_15_2008_11_23.pdf,4,exhaust,0.117515
15_9_F_15_2008_11_23.pdf,5,latching,0.117515
15_9_F_15_2008_11_23.pdf,6,assembly changed,0.111986
15_9_F_15_2008_11_23.pdf,7,radio,0.111986
15_9_F_15_2008_11_23.pdf,8,prior test,0.111986
15_9_F_15_2008_11_23.pdf,9,investigated problem,0.111986
15_9_F_15_2008_11_23.pdf,10,back set,0.111986
15_9_F_15_2008_11_23.pdf,11,made pup,0.111986
15_9_F_15_2008_11_23.pdf,12,test plug,0.111659
15_9_F_15_2008_11_23.pdf,13,box talk,0.110818
15_9_F_15_2008_11_23.pdf,14,sub ran,0.109723
15_9_F_15_2008_11_23.pdf,15,dies prs,0.109723
15_9_F_15_2008_11_24.pdf,1,every std,0.143427
15_9_F_15_2008_11_24.pdf,2,talk installed,0.137759
15_9_F_15_2008_11_24.pdf,3,filling every,0.13305
15_9_F_15_2008_11_24.pdf,4,bha filling,0.130399
15_9_F_15_2008_11_24.pdf,5,travelling block,0.127477
15_9_F_15_2008_11_24.pdf,6,prs tds,0.127477
15_9_F_15_2008_11_24.pdf,7,travelling,0.122596
15_9_F_15_2008_11_24.pdf,8,staged rate,0.120511
15_9_F_15_2008_11_24.pdf,9,filling,0.119071
15_9_F_15_2008_11_24.pdf,10,tiw,0.118608
15_9_F_15_2008_11_24.pdf,11,loss free,0.118608
15_9_F_15_2008_11_24.pdf,12,spm,0.106365
15_9_F_15_2008_11_24.pdf,13,staged,0.104933
15_9_F_15_2008_11_24.pdf,14,changing,0.103444
15_9_F_15_2008_11_24.pdf,15,increments,0.103444
15_9_F_15_2008_11_25.pdf,1,sicp,0.19761
15_9_F_15_2008_11_25.pdf,2,average losses,0.167449
15_9_F_15_2008_11_25.pdf,3,mud weight,0.166199
15_9_F_15_2008_11_25.pdf,4,bars spp,0.148696
15_9_F_15_2008_11_25.pdf,5,spp rpm,0.133957
15_9_F_15_2008_11_25.pdf,6,monitored,0.133772
15_9_F_15_2008_11_25.pdf,7,losses,0.13238
15_9_F_15_2008_11_25.pdf,8,losses hour,0.127474
15_9_F_15_2008_11_25.pdf,9,built,0.126636
15_9_F_15_2008_11_25.pdf,10,stage,0.124618
15_9_F_15_2008_11_25.pdf,11,conditioned mud,0.121451
15_9_F_15_2008_11_25.pdf,12,conditioned,0.120712
15_9_F_15_2008_11_25.pdf,13,lcm pill,0.119805
15_9_F_15_2008_11_25.pdf,14,even,0.118233
15_9_F_15_2008_11_25.pdf,15,staged,0.116641
15_9_F_15_2008_11_26.pdf,1,loss rate,0.193156
15_9_F_15_2008_11_26.pdf,2,loss,0.182189
15_9_F_15_2008_11_26.pdf,3,staged,0.170138
15_9_F_15_2008_11_26.pdf,4,lcm pill,0.158046
15_9_F_15_2008_11_26.pdf,5,free rate,0.156531
15_9_F_15_2008_11_26.pdf,6,loss free,0.154059
15_9_F_15_2008_11_26.pdf,7,lcm,0.152639
15_9_F_15_2008_11_26.pdf,8,ecd emw,0.141002
15_9_F_15_2008_11_26.pdf,9,emw,0.136297
15_9_F_15_2008_11_26.pdf,10,increments,0.134364
15_9_F_15_2008_11_26.pdf,11,rate,0.132941
15_9_F_15_2008_11_26.pdf,12,pooh wet,0.131017
15_9_F_15_2008_11_26.pdf,13,final,0.128986
15_9_F_15_2008_11_26.pdf,14,losses,0.127827
15_9_F_15_2008_11_26.pdf,15,hour,0.125644
15_9_F_15_2008_11_27.pdf,1,over connection,0.209383
15_9_F_15_2008_11_27.pdf,2,ecd emw,0.188306
15_9_F_15_2008_11_27.pdf,3,bars string,0.183342
15_9_F_15_2008_11_27.pdf,4,continued lpm,0.178018
15_9_F_15_2008_11_27.pdf,5,spp bars,0.171534
15_9_F_15_2008_11_27.pdf,6,returns over,0.166215
15_9_F_15_2008_11_27.pdf,7,average losses,0.1567
15_9_F_15_2008_11_27.pdf,8,emw mud,0.1567
15_9_F_15_2008_11_27.pdf,9,emw,0.155587
15_9_F_15_2008_11_27.pdf,10,period,0.149465
15_9_F_15_2008_11_27.pdf,11,emw rop,0.142074
15_9_F_15_2008_11_27.pdf,12,rop mud,0.142074
15_9_F_15_2008_11_27.pdf,13,mud weight,0.138826
15_9_F_15_2008_11_27.pdf,14,wob ecd,0.13709
15_9_F_15_2008_11_27.pdf,15,controlled rop,0.134916
15_9_F_15_2008_11_28.pdf,1,emw mud,0.211512
15_9_F_15_2008_11_28.pdf,2,rotational weight,0.211512
15_9_F_15_2008_11_28.pdf,3,free rotational,0.211512
15_9_F_15_2008_11_28.pdf,4,rop weight,0.205389
15_9_F_15_2008_11_28.pdf,5,continued lpm,0.205389
15_9_F_15_2008_11_28.pdf,6,rotational,0.200211
15_9_F_15_2008_11_28.pdf,7,weight free,0.195726
15_9_F_15_2008_11_28.pdf,8,bars string,0.19177
15_9_F_15_2008_11_28.pdf,9,average losses,0.180793
15_9_F_15_2008_11_28.pdf,10,spp bars,0.179419
15_9_F_15_2008_11_28.pdf,11,observed min,0.171133
15_9_F_15_2008_11_28.pdf,12,gas observed,0.171133
15_9_F_15_2008_11_28.pdf,13,losses hour,0.171133
15_9_F_15_2008_11_28.pdf,14,gains,0.1673
15_9_F_15_2008_11_28.pdf,15,ecd emw,0.166673
15_9_F_15_2008_11_29.pdf,1,stationary slips,0.162924
15_9_F_15_2008_11_29.pdf,2,gyro stationary,0.162924
15_9_F_15_2008_11_29.pdf,3,slips min,0.162924
15_9_F_15_2008_11_29.pdf,4,min before,0.15604
15_9_F_15_2008_11_29.pdf,5,due gyro,0.15604
15_9_F_15_2008_11_29.pdf,6,before continue,0.151916
15_9_F_15_2008_11_29.pdf,7,rotation shots,0.145328
15_9_F_15_2008_11_29.pdf,8,gyro rotation,0.145328
15_9_F_15_2008_11_29.pdf,9,average losses,0.140517
15_9_F_15_2008_11_29.pdf,10,spp bars,0.127833
15_9_F_15_2008_11_29.pdf,11,emw mud,0.12739
15_9_F_15_2008_11_29.pdf,12,stationary,0.12606
15_9_F_15_2008_11_29.pdf,13,continue pooh,0.122038
15_9_F_15_2008_11_29.pdf,14,ecd emw,0.118752
15_9_F_15_2008_11_29.pdf,15,gyro,0.117257
15_9_F_15_2008_11_30.pdf,1,before continue,0.187235
15_9_F_15_2008_11_30.pdf,2,slips min,0.187235
15_9_F_15_2008_11_30.pdf,3,gyro stationary,0.187235
15_9_F_15_2008_11_30.pdf,4,stationary slips,0.187235
15_9_F_15_2008_11_30.pdf,5,pooh due,0.179323
15_9_F_15_2008_11_30.pdf,6,min before,0.179323
15_9_F_15_2008_11_30.pdf,7,due gyro,0.179323
15_9_F_15_2008_11_30.pdf,8,rotation shots,0.174584
15_9_F_15_2008_11_30.pdf,9,gyro rotation,0.174584
15_9_F_15_2008_11_30.pdf,10,pooh tripping,0.15681
15_9_F_15_2008_11_30.pdf,11,continue pooh,0.14487
15_9_F_15_2008_11_30.pdf,12,stationary,0.14487
15_9_F_15_2008_11_30.pdf,13,speed changed,0.135472
15_9_F_15_2008_11_30.pdf,14,shots,0.131658
15_9_F_15_2008_11_30.pdf,15,gyro,0.128144
15_9_F_15_2008_12_01.pdf,1,back rate,0.186571
15_9_F_15_2008_12_01.pdf,2,bars,0.179243
15_9_F_15_2008_12_01.pdf,3,test line,0.177794
15_9_F_15_2008_12_01.pdf,4,lpm washed,0.177794
15_9_F_15_2008_12_01.pdf,5,issue,0.1742
15_9_F_15_2008_12_01.pdf,6,floor due,0.170986
15_9_F_15_2008_12_01.pdf,7,maximum gas,0.168078
15_9_F_15_2008_12_01.pdf,8,prior perform,0.162981
15_9_F_15_2008_12_01.pdf,9,minor,0.162981
15_9_F_15_2008_12_01.pdf,10,off btm,0.162981
15_9_F_15_2008_12_01.pdf,11,lpm observed,0.16072
15_9_F_15_2008_12_01.pdf,12,loss rate,0.16072
15_9_F_15_2008_12_01.pdf,13,rate lpm,0.157309
15_9_F_15_2008_12_01.pdf,14,down tagged,0.151402
15_9_F_15_2008_12_01.pdf,15,lpm lpm,0.148349
15_9_F_15_2008_12_02.pdf,1,hts rollers,0.152009
15_9_F_15_2008_12_02.pdf,2,pooh tripping,0.141776
15_9_F_15_2008_12_02.pdf,3,rollers,0.14148
15_9_F_15_2008_12_02.pdf,4,barried,0.138202
15_9_F_15_2008_12_02.pdf,5,monitored trip,0.1346
15_9_F_15_2008_12_02.pdf,6,rpm lpm,0.127722
15_9_F_15_2008_12_02.pdf,7,incident,0.11763
15_9_F_15_2008_12_02.pdf,8,hts,0.114065
15_9_F_15_2008_12_02.pdf,9,monitored,0.107817
15_9_F_15_2008_12_02.pdf,10,tripping speed,0.107291
15_9_F_15_2008_12_02.pdf,11,failed,0.106904
15_9_F_15_2008_12_02.pdf,12,stop,0.105247
15_9_F_15_2008_12_02.pdf,13,tripping,0.103865
15_9_F_15_2008_12_02.pdf,14,obm,0.103644
15_9_F_15_2008_12_02.pdf,15,displacement,0.098378
15_9_F_15_2008_12_03.pdf,1,clean bha,0.163844
15_9_F_15_2008_12_03.pdf,2,rollers,0.153578
15_9_F_15_2008_12_03.pdf,3,losses during,0.126976
15_9_F_15_2008_12_03.pdf,4,rih clean,0.124857
15_9_F_15_2008_12_03.pdf,5,hts rollers,0.124632
15_9_F_15_2008_12_03.pdf,6,bars,0.115717
15_9_F_15_2008_12_03.pdf,7,coming,0.11418
15_9_F_15_2008_12_03.pdf,8,incident,0.112832
15_9_F_15_2008_12_03.pdf,9,over shakers,0.110394
15_9_F_15_2008_12_03.pdf,10,firm cement,0.103027
15_9_F_15_2008_12_03.pdf,11,tripping speed,0.102915
15_9_F_15_2008_12_03.pdf,12,laid cantilever,0.102889
15_9_F_15_2008_12_03.pdf,13,end,0.102419
15_9_F_15_2008_12_03.pdf,14,gain,0.100954
15_9_F_15_2008_12_03.pdf,15,stop,0.100954
15_9_F_15_2008_12_04.pdf,1,pooh tripping,0.174593
15_9_F_15_2008_12_04.pdf,2,laid bha,0.145474
15_9_F_15_2008_12_04.pdf,3,speed changed,0.142215
15_9_F_15_2008_12_04.pdf,4,tripping speed,0.140976
15_9_F_15_2008_12_04.pdf,5,shoe lpm,0.13934
15_9_F_15_2008_12_04.pdf,6,tripping,0.136475
15_9_F_15_2008_12_04.pdf,7,hold,0.128557
15_9_F_15_2008_12_04.pdf,8,problem,0.125548
15_9_F_15_2008_12_04.pdf,9,lpm bars,0.125067
15_9_F_15_2008_12_04.pdf,10,mixing,0.122424
15_9_F_15_2008_12_04.pdf,11,equipment rih,0.117527
15_9_F_15_2008_12_04.pdf,12,wbm,0.116442
15_9_F_15_2008_12_04.pdf,13,gain,0.110785
15_9_F_15_2008_12_04.pdf,14,changed handling,0.108378
15_9_F_15_2008_12_04.pdf,15,checked static,0.105508
15_9_F_15_2008_12_05.pdf,1,fault,0.168489
15_9_F_15_2008_12_05.pdf,2,cement meanwhile,0.166032
15_9_F_15_2008_12_05.pdf,3,diverter overshot,0.157045
15_9_F_15_2008_12_05.pdf,4,trip speed,0.157045
15_9_F_15_2008_12_05.pdf,5,waited cement,0.152536
15_9_F_15_2008_12_05.pdf,6,obm lpm,0.125627
15_9_F_15_2008_12_05.pdf,7,speed hrs,0.123656
15_9_F_15_2008_12_05.pdf,8,diverter,0.120235
15_9_F_15_2008_12_05.pdf,9,lpm bars,0.116373
15_9_F_15_2008_12_05.pdf,10,pooh cement,0.114916
15_9_F_15_2008_12_05.pdf,11,overshot,0.114916
15_9_F_15_2008_12_05.pdf,12,after pumped,0.113411
15_9_F_15_2008_12_05.pdf,13,equipment pooh,0.104449
15_9_F_15_2008_12_05.pdf,14,primary,0.104449
15_9_F_15_2008_12_05.pdf,15,reset,0.100099
15_9_F_15_2008_12_06.pdf,1,wbrrt,0.162467
15_9_F_15_2008_12_06.pdf,2,ezsv,0.154743
15_9_F_15_2008_12_06.pdf,3,rih ezsv,0.142479
15_9_F_15_2008_12_06.pdf,4,speed hrs,0.14071
15_9_F_15_2008_12_06.pdf,5,ezsv running,0.129869
15_9_F_15_2008_12_06.pdf,6,accross,0.11902
15_9_F_15_2008_12_06.pdf,7,jetting sub,0.116996
15_9_F_15_2008_12_06.pdf,8,diverter removed,0.116996
15_9_F_15_2008_12_06.pdf,9,test plug,0.112986
15_9_F_15_2008_12_06.pdf,10,tripping speed,0.108407
15_9_F_15_2008_12_06.pdf,11,diverter,0.108179
15_9_F_15_2008_12_06.pdf,12,stand rih,0.107751
15_9_F_15_2008_12_06.pdf,13,automatic slips,0.107751
15_9_F_15_2008_12_06.pdf,14,outer ring,0.106537
15_9_F_15_2008_12_06.pdf,15,tripping,0.104946
15_9_F_15_2008_12_07.pdf,1,wbrrt,0.158412
15_9_F_15_2008_12_07.pdf,2,wbrrt surface,0.149434
15_9_F_15_2008_12_07.pdf,3,seal retrieval,0.137516
15_9_F_15_2008_12_07.pdf,4,wearbushing,0.124465
15_9_F_15_2008_12_07.pdf,5,rih wbrrt,0.123885
15_9_F_15_2008_12_07.pdf,6,retrieval tool,0.121929
15_9_F_15_2008_12_07.pdf,7,made wbrrt,0.116246
15_9_F_15_2008_12_07.pdf,8,above wellhead,0.116246
15_9_F_15_2008_12_07.pdf,9,pooh wbrrt,0.115515
15_9_F_15_2008_12_07.pdf,10,retrieval,0.114096
15_9_F_15_2008_12_07.pdf,11,hwdp surface,0.110777
15_9_F_15_2008_12_07.pdf,12,tool hwdp,0.108538
15_9_F_15_2008_12_07.pdf,13,made several,0.104723
15_9_F_15_2008_12_07.pdf,14,several attempts,0.103069
15_9_F_15_2008_12_07.pdf,15,wbrrt hwdp,0.102325
15_9_F_15_2008_12_08.pdf,1,casing cutter,0.13366
15_9_F_15_2008_12_08.pdf,2,spear,0.123257
15_9_F_15_2008_12_08.pdf,3,pulled casing,0.116865
15_9_F_15_2008_12_08.pdf,4,joint elevator,0.114247
15_9_F_15_2008_12_08.pdf,5,smith,0.114247
15_9_F_15_2008_12_08.pdf,6,flush joint,0.111938
15_9_F_15_2008_12_08.pdf,7,spear casing,0.111938
15_9_F_15_2008_12_08.pdf,8,cutter,0.111581
15_9_F_15_2008_12_08.pdf,9,engaged spear,0.106298
15_9_F_15_2008_12_08.pdf,10,string installed,0.104729
15_9_F_15_2008_12_08.pdf,11,speed hrs,0.100658
15_9_F_15_2008_12_08.pdf,12,cutting,0.097325
15_9_F_15_2008_12_08.pdf,13,hung off,0.092562
15_9_F_15_2008_12_08.pdf,14,tailing arm,0.090704
15_9_F_15_2008_12_08.pdf,15,tailing,0.090704
15_9_F_15_2008_12_09.pdf,1,wbrrt,0.129507
15_9_F_15_2008_12_09.pdf,2,handling gear,0.128935
15_9_F_15_2008_12_09.pdf,3,pooh tripping,0.122335
15_9_F_15_2008_12_09.pdf,4,gear,0.114943
15_9_F_15_2008_12_09.pdf,5,speed hrs,0.102713
15_9_F_15_2008_12_09.pdf,6,cut casing,0.102713
15_9_F_15_2008_12_09.pdf,7,nominal,0.092245
15_9_F_15_2008_12_09.pdf,8,broke laid,0.091266
15_9_F_15_2008_12_09.pdf,9,chased,0.090137
15_9_F_15_2008_12_09.pdf,10,pulling speed,0.090137
15_9_F_15_2008_12_09.pdf,11,speed jts,0.089388
15_9_F_15_2008_12_09.pdf,12,wbrrt surface,0.089388
15_9_F_15_2008_12_09.pdf,13,changed handling,0.088843
15_9_F_15_2008_12_09.pdf,14,spacer,0.087356
15_9_F_15_2008_12_09.pdf,15,made wbrrt,0.0868
15_9_F_15_2008_12_10.pdf,1,problems prs,0.171866
15_9_F_15_2008_12_10.pdf,2,nmdc,0.149892
15_9_F_15_2008_12_10.pdf,3,made stand,0.144635
15_9_F_15_2008_12_10.pdf,4,stand hwdp,0.143076
15_9_F_15_2008_12_10.pdf,5,prs,0.141436
15_9_F_15_2008_12_10.pdf,6,picked made,0.139664
15_9_F_15_2008_12_10.pdf,7,stands,0.135066
15_9_F_15_2008_12_10.pdf,8,troubleshot,0.130704
15_9_F_15_2008_12_10.pdf,9,problems,0.125141
15_9_F_15_2008_12_10.pdf,10,ring made,0.125098
15_9_F_15_2008_12_10.pdf,11,weight indicator,0.121944
15_9_F_15_2008_12_10.pdf,12,powerpulse,0.119212
15_9_F_15_2008_12_10.pdf,13,continued make,0.119212
15_9_F_15_2008_12_10.pdf,14,when attempting,0.119212
15_9_F_15_2008_12_10.pdf,15,manually,0.119212
15_9_F_15_2008_12_11.pdf,1,perfomed,0.193052
15_9_F_15_2008_12_11.pdf,2,areas,0.179931
15_9_F_15_2008_12_11.pdf,3,general,0.159554
15_9_F_15_2008_12_11.pdf,4,down mwd,0.157327
15_9_F_15_2008_12_11.pdf,5,joint elevator,0.157327
15_9_F_15_2008_12_11.pdf,6,enable,0.157327
15_9_F_15_2008_12_11.pdf,7,cleaning,0.155176
15_9_F_15_2008_12_11.pdf,8,flush joint,0.154147
15_9_F_15_2008_12_11.pdf,9,installed sub,0.154147
15_9_F_15_2008_12_11.pdf,10,blocks,0.154147
15_9_F_15_2008_12_11.pdf,11,prs,0.153399
15_9_F_15_2008_12_11.pdf,12,fault,0.151302
15_9_F_15_2008_12_11.pdf,13,troubleshot problems,0.151302
15_9_F_15_2008_12_11.pdf,14,cleared drillfloor,0.148729
15_9_F_15_2008_12_11.pdf,15,masterbushing installed,0.144219
15_9_F_15_2008_12_12.pdf,1,soft cement,0.195282
15_9_F_15_2008_12_12.pdf,2,cement parameters,0.190359
15_9_F_15_2008_12_12.pdf,3,bar ecd,0.190359
15_9_F_15_2008_12_12.pdf,4,washed drilled,0.182334
15_9_F_15_2008_12_12.pdf,5,soft,0.182334
15_9_F_15_2008_12_12.pdf,6,drilled cement,0.181659
15_9_F_15_2008_12_12.pdf,7,wob rpm,0.175925
15_9_F_15_2008_12_12.pdf,8,initiated,0.16366
15_9_F_15_2008_12_12.pdf,9,parameters lpm,0.15009
15_9_F_15_2008_12_12.pdf,10,torque knm,0.149032
15_9_F_15_2008_12_12.pdf,11,kick off,0.140885
15_9_F_15_2008_12_12.pdf,12,cement casing,0.139367
15_9_F_15_2008_12_12.pdf,13,bha tripping,0.135066
15_9_F_15_2008_12_12.pdf,14,lpm rpm,0.134698
15_9_F_15_2008_12_12.pdf,15,spp,0.134667
15_9_F_15_A_2008_12_12.pdf,1,ecd controlled,0.240579
15_9_F_15_A_2008_12_12.pdf,2,cuttings handling,0.234514
15_9_F_15_A_2008_12_12.pdf,3,instructions drilled,0.220482
15_9_F_15_A_2008_12_12.pdf,4,dictated,0.220482
15_9_F_15_A_2008_12_12.pdf,5,wob rpm,0.216732
15_9_F_15_A_2008_12_12.pdf,6,drilled oriented,0.216562
15_9_F_15_A_2008_12_12.pdf,7,controlled rop,0.213309
15_9_F_15_A_2008_12_12.pdf,8,adjacent,0.21016
15_9_F_15_A_2008_12_12.pdf,9,surveys,0.20453
15_9_F_15_A_2008_12_12.pdf,10,controlled,0.197357
15_9_F_15_A_2008_12_12.pdf,11,downlinked powerdrive,0.189462
15_9_F_15_A_2008_12_12.pdf,12,bar wob,0.186039
15_9_F_15_A_2008_12_12.pdf,13,rop hrs,0.184433
15_9_F_15_A_2008_12_12.pdf,14,oriented,0.184309
15_9_F_15_A_2008_12_12.pdf,15,downlinked,0.18289
15_9_F_15_A_2008_12_13.pdf,1,cuttings handling,0.210522
15_9_F_15_A_2008_12_13.pdf,2,ecd controlled,0.190839
15_9_F_15_A_2008_12_13.pdf,3,wob rpm,0.18438
15_9_F_15_A_2008_12_13.pdf,4,instructions drilled,0.174897
15_9_F_15_A_2008_12_13.pdf,5,according instructions,0.166709
15_9_F_15_A_2008_12_13.pdf,6,dictated,0.158558
15_9_F_15_A_2008_12_13.pdf,7,powerdrive according,0.158337
15_9_F_15_A_2008_12_13.pdf,8,bar wob,0.158268
15_9_F_15_A_2008_12_13.pdf,9,rop hrs,0.156902
15_9_F_15_A_2008_12_13.pdf,10,controlled,0.156553
15_9_F_15_A_2008_12_13.pdf,11,controlled rop,0.153399
15_9_F_15_A_2008_12_13.pdf,12,downlinked powerdrive,0.15029
15_9_F_15_A_2008_12_13.pdf,13,drilled oriented,0.14864
15_9_F_15_A_2008_12_13.pdf,14,paramaters lpm,0.147883
15_9_F_15_A_2008_12_13.pdf,15,paramaters,0.147883
15_9_F_15_A_2008_12_14.pdf,1,due cuttings,0.188151
15_9_F_15_A_2008_12_14.pdf,2,cuttings handling,0.183408
15_9_F_15_A_2008_12_14.pdf,3,hrs due,0.179299
15_9_F_15_A_2008_12_14.pdf,4,handling performed,0.170574
15_9_F_15_A_2008_12_14.pdf,5,ecd controlled,0.170574
15_9_F_15_A_2008_12_14.pdf,6,wob rpm,0.169501
15_9_F_15_A_2008_12_14.pdf,7,downlinked powerdrive,0.15891
15_9_F_15_A_2008_12_14.pdf,8,performed mwd,0.154348
15_9_F_15_A_2008_12_14.pdf,9,connections downlinked,0.153666
15_9_F_15_A_2008_12_14.pdf,10,downlinked,0.153398
15_9_F_15_A_2008_12_14.pdf,11,oriented parameters,0.150147
15_9_F_15_A_2008_12_14.pdf,12,according instructions,0.149006
15_9_F_15_A_2008_12_14.pdf,13,paramaters lpm,0.1458
15_9_F_15_A_2008_12_14.pdf,14,paramaters,0.1458
15_9_F_15_A_2008_12_14.pdf,15,bar wob,0.145496
15_9_F_15_A_2008_12_15.pdf,1,oriented parameters,0.170432
15_9_F_15_A_2008_12_15.pdf,2,hrs due,0.16914
15_9_F_15_A_2008_12_15.pdf,3,handling performed,0.165498
15_9_F_15_A_2008_12_15.pdf,4,due cuttings,0.165498
15_9_F_15_A_2008_12_15.pdf,5,cuttings handling,0.161326
15_9_F_15_A_2008_12_15.pdf,6,wob rpm,0.159897
15_9_F_15_A_2008_12_15.pdf,7,ecd controlled,0.150037
15_9_F_15_A_2008_12_15.pdf,8,connections downlinked,0.149093
15_9_F_15_A_2008_12_15.pdf,9,according instructions,0.144572
15_9_F_15_A_2008_12_15.pdf,10,survey connections,0.140699
15_9_F_15_A_2008_12_15.pdf,11,powerdrive according,0.137311
15_9_F_15_A_2008_12_15.pdf,12,bar wob,0.137252
15_9_F_15_A_2008_12_15.pdf,13,rop hrs,0.136067
15_9_F_15_A_2008_12_15.pdf,14,performed mwd,0.135765
15_9_F_15_A_2008_12_15.pdf,15,controlled rop,0.13303
15_9_F_15_A_2008_12_16.pdf,1,due cuttings,0.157104
15_9_F_15_A_2008_12_16.pdf,2,handling performed,0.157104
15_9_F_15_A_2008_12_16.pdf,3,cuttings handling,0.153143
15_9_F_15_A_2008_12_16.pdf,4,hrs due,0.149713
15_9_F_15_A_2008_12_16.pdf,5,wob rpm,0.141531
15_9_F_15_A_2008_12_16.pdf,6,connections downlinked,0.141531
15_9_F_15_A_2008_12_16.pdf,7,oriented parameters,0.13829
15_9_F_15_A_2008_12_16.pdf,8,according instructions,0.137239
15_9_F_15_A_2008_12_16.pdf,9,ecd controlled,0.134287
15_9_F_15_A_2008_12_16.pdf,10,stand parameters,0.134287
15_9_F_15_A_2008_12_16.pdf,11,meanwhile made,0.134287
15_9_F_15_A_2008_12_16.pdf,12,survey connections,0.133563
15_9_F_15_A_2008_12_16.pdf,13,casing stands,0.130901
15_9_F_15_A_2008_12_16.pdf,14,powerdrive according,0.130347
15_9_F_15_A_2008_12_16.pdf,15,performed mwd,0.128879
15_9_F_15_A_2008_12_17.pdf,1,wbrrt,0.120794
15_9_F_15_A_2008_12_17.pdf,2,casing running,0.101482
15_9_F_15_A_2008_12_17.pdf,3,lcm pill,0.098358
15_9_F_15_A_2008_12_17.pdf,4,situation decided,0.098294
15_9_F_15_A_2008_12_17.pdf,5,racking,0.096277
15_9_F_15_A_2008_12_17.pdf,6,tesco,0.095628
15_9_F_15_A_2008_12_17.pdf,7,rotation circulation,0.095628
15_9_F_15_A_2008_12_17.pdf,8,jetted bop,0.095628
15_9_F_15_A_2008_12_17.pdf,9,lcm,0.094993
15_9_F_15_A_2008_12_17.pdf,10,arranged,0.092596
15_9_F_15_A_2008_12_17.pdf,11,tidied drillfloor,0.090728
15_9_F_15_A_2008_12_17.pdf,12,trend,0.090728
15_9_F_15_A_2008_12_17.pdf,13,stopped rotation,0.088974
15_9_F_15_A_2008_12_17.pdf,14,discussed situation,0.086039
15_9_F_15_A_2008_12_17.pdf,15,spp bar,0.083515
15_9_F_15_A_2008_12_18.pdf,1,ran p110,0.189286
15_9_F_15_A_2008_12_18.pdf,2,p110,0.182809
15_9_F_15_A_2008_12_18.pdf,3,p110 casing,0.182809
15_9_F_15_A_2008_12_18.pdf,4,fms,0.172184
15_9_F_15_A_2008_12_18.pdf,5,joint obm,0.152908
15_9_F_15_A_2008_12_18.pdf,6,hydraulics,0.132779
15_9_F_15_A_2008_12_18.pdf,7,shoe joint,0.124726
15_9_F_15_A_2008_12_18.pdf,8,traced,0.121554
15_9_F_15_A_2008_12_18.pdf,9,every joint,0.119248
15_9_F_15_A_2008_12_18.pdf,10,casing filled,0.117988
15_9_F_15_A_2008_12_18.pdf,11,problems hts,0.113494
15_9_F_15_A_2008_12_18.pdf,12,guides,0.113494
15_9_F_15_A_2008_12_18.pdf,13,fms installed,0.113494
15_9_F_15_A_2008_12_18.pdf,14,hts rollers,0.1114
15_9_F_15_A_2008_12_18.pdf,15,hts,0.110673
15_9_F_15_A_2008_12_19.pdf,1,ran p110,0.181813
15_9_F_15_A_2008_12_19.pdf,2,p110,0.175591
15_9_F_15_A_2008_12_19.pdf,3,p110 casing,0.175591
15_9_F_15_A_2008_12_19.pdf,4,tesco tool,0.172301
15_9_F_15_A_2008_12_19.pdf,5,tesco,0.169673
15_9_F_15_A_2008_12_19.pdf,6,within,0.131618
15_9_F_15_A_2008_12_19.pdf,7,encountered,0.124164
15_9_F_15_A_2008_12_19.pdf,8,restriction,0.122839
15_9_F_15_A_2008_12_19.pdf,9,limit,0.119322
15_9_F_15_A_2008_12_19.pdf,10,correctly,0.113812
15_9_F_15_A_2008_12_19.pdf,11,stepped pumps,0.105182
15_9_F_15_A_2008_12_19.pdf,12,stab,0.102143
15_9_F_15_A_2008_12_19.pdf,13,enter,0.101992
15_9_F_15_A_2008_12_19.pdf,14,tight spot,0.1014
15_9_F_15_A_2008_12_19.pdf,15,casing joint,0.100577
15_9_F_15_A_2008_12_20.pdf,1,ran p110,0.163513
15_9_F_15_A_2008_12_20.pdf,2,p110,0.157918
15_9_F_15_A_2008_12_20.pdf,3,p110 casing,0.157918
15_9_F_15_A_2008_12_20.pdf,4,csg hwdp,0.153346
15_9_F_15_A_2008_12_20.pdf,5,max weight,0.153346
15_9_F_15_A_2008_12_20.pdf,6,land csg,0.146131
15_9_F_15_A_2008_12_20.pdf,7,tesco tool,0.143801
15_9_F_15_A_2008_12_20.pdf,8,bar max,0.138146
15_9_F_15_A_2008_12_20.pdf,9,worked through,0.138146
15_9_F_15_A_2008_12_20.pdf,10,casing string,0.135964
15_9_F_15_A_2008_12_20.pdf,11,string every,0.135964
15_9_F_15_A_2008_12_20.pdf,12,filled casing,0.135964
15_9_F_15_A_2008_12_20.pdf,13,through tight,0.128749
15_9_F_15_A_2008_12_20.pdf,14,tesco,0.128514
15_9_F_15_A_2008_12_20.pdf,15,casing filled,0.127229
15_9_F_15_A_2008_12_21.pdf,1,p110,0.170216
15_9_F_15_A_2008_12_21.pdf,2,p110 casing,0.170216
15_9_F_15_A_2008_12_21.pdf,3,max weight,0.165288
15_9_F_15_A_2008_12_21.pdf,4,casing hwdp,0.15148
15_9_F_15_A_2008_12_21.pdf,5,upwards,0.148904
15_9_F_15_A_2008_12_21.pdf,6,circulating lpm,0.142386
15_9_F_15_A_2008_12_21.pdf,7,worked csg,0.141282
15_9_F_15_A_2008_12_21.pdf,8,rapid,0.134635
15_9_F_15_A_2008_12_21.pdf,9,while circulating,0.132745
15_9_F_15_A_2008_12_21.pdf,10,pressure increase,0.127816
15_9_F_15_A_2008_12_21.pdf,11,bar max,0.127278
15_9_F_15_A_2008_12_21.pdf,12,while working,0.123418
15_9_F_15_A_2008_12_21.pdf,13,csg,0.121307
15_9_F_15_A_2008_12_21.pdf,14,weight down,0.119209
15_9_F_15_A_2008_12_21.pdf,15,csg tong,0.11465
15_9_F_15_A_2008_12_22.pdf,1,wbrt,0.119726
15_9_F_15_A_2008_12_22.pdf,2,ltrs,0.110975
15_9_F_15_A_2008_12_22.pdf,3,pumped ltrs,0.097726
15_9_F_15_A_2008_12_22.pdf,4,lpm using,0.096983
15_9_F_15_A_2008_12_22.pdf,5,bar established,0.096983
15_9_F_15_A_2008_12_22.pdf,6,padprt,0.093478
15_9_F_15_A_2008_12_22.pdf,7,tuned spacer,0.092894
15_9_F_15_A_2008_12_22.pdf,8,cmt slurry,0.092894
15_9_F_15_A_2008_12_22.pdf,9,cmt,0.091716
15_9_F_15_A_2008_12_22.pdf,10,closed ram,0.086911
15_9_F_15_A_2008_12_22.pdf,11,tuned,0.085705
15_9_F_15_A_2008_12_22.pdf,12,cmt head,0.085678
15_9_F_15_A_2008_12_22.pdf,13,pressure bar,0.084297
15_9_F_15_A_2008_12_22.pdf,14,test plug,0.082804
15_9_F_15_A_2008_12_22.pdf,15,vetco procedure,0.082546
15_9_F_15_A_2008_12_23.pdf,1,meanwhile repaired,0.152148
15_9_F_15_A_2008_12_23.pdf,2,cri,0.152148
15_9_F_15_A_2008_12_23.pdf,3,ibop kelly,0.146677
15_9_F_15_A_2008_12_23.pdf,4,lifting arrangement,0.146677
15_9_F_15_A_2008_12_23.pdf,5,lifting sub,0.139776
15_9_F_15_A_2008_12_23.pdf,6,arrangement,0.136951
15_9_F_15_A_2008_12_23.pdf,7,lifting,0.13538
15_9_F_15_A_2008_12_23.pdf,8,aft iron,0.134424
15_9_F_15_A_2008_12_23.pdf,9,ps21,0.129392
15_9_F_15_A_2008_12_23.pdf,10,kelly hose,0.121696
15_9_F_15_A_2008_12_23.pdf,11,ps21 slips,0.120325
15_9_F_15_A_2008_12_23.pdf,12,min meanwhile,0.119028
15_9_F_15_A_2008_12_23.pdf,13,kelly,0.114445
15_9_F_15_A_2008_12_23.pdf,14,threads,0.110599
15_9_F_15_A_2008_12_23.pdf,15,roughneck,0.106524
